ISO-10303-21;
HEADER;
/* Generated by software containing ST-Developer
 * from STEP Tools, Inc. (www.steptools.com) 
 */

FILE_DESCRIPTION(
/* description */ (''),
/* implementation_level */ '2;1');

FILE_NAME(
/* name */ 'pkm_mount.step',
/* time_stamp */ '2026-06-09T17:14:33+08:00',
/* author */ (''),
/* organization */ (''),
/* preprocessor_version */ 'ST-DEVELOPER v20.1',
/* originating_system */ 'Autodesk Translation Framework v15.8.0.0',
/* authorisation */ '');

FILE_SCHEMA (('AUTOMOTIVE_DESIGN { 1 0 10303 214 3 1 1 }'));
ENDSEC;

DATA;
#10=MECHANICAL_DESIGN_GEOMETRIC_PRESENTATION_REPRESENTATION('',(#13),#2056);
#11=SHAPE_REPRESENTATION_RELATIONSHIP('SRR','None',#2063,#12);
#12=ADVANCED_BREP_SHAPE_REPRESENTATION('',(#14),#2055);
#13=STYLED_ITEM('',(#2073),#14);
#14=MANIFOLD_SOLID_BREP('Body1',#1180);
#15=SPHERICAL_SURFACE('',#1266,5.);
#16=SPHERICAL_SURFACE('',#1270,5.);
#17=SPHERICAL_SURFACE('',#1276,4.99999999999999);
#18=SPHERICAL_SURFACE('',#1283,5.);
#19=B_SPLINE_CURVE_WITH_KNOTS('',3,(#1828,#1829,#1830,#1831,#1832,#1833,
#1834,#1835,#1836,#1837,#1838,#1839,#1840,#1841,#1842,#1843),
 .UNSPECIFIED.,.F.,.F.,(4,2,2,2,2,2,2,4),(1.44003399924503,1.59784550791892,
1.67675126225587,1.75565701659282,1.82507340606564,1.89448979553847,2.027270397203,
2.16005099886754),.UNSPECIFIED.);
#20=B_SPLINE_CURVE_WITH_KNOTS('',3,(#1854,#1855,#1856,#1857,#1858,#1859,
#1860,#1861,#1862,#1863,#1864,#1865,#1866,#1867,#1868,#1869),
 .UNSPECIFIED.,.F.,.F.,(4,2,2,2,2,2,2,4),(0.720016999625737,0.852797601291009,
0.985578202956282,1.0549945924294,1.12441098190251,1.20331673623975,1.28222249057699,
1.44003399925147),.UNSPECIFIED.);
#21=B_SPLINE_CURVE_WITH_KNOTS('',3,(#1959,#1960,#1961,#1962,#1963,#1964,
#1965,#1966,#1967,#1968,#1969,#1970,#1971,#1972),.UNSPECIFIED.,.F.,.F.,
(4,2,2,2,2,2,4),(-3.50810047520702,-3.23129660159416,-3.06066704680337,
-2.89003749201257,-2.71940793722178,-2.54877838243098,-2.27197450881813),
 .UNSPECIFIED.);
#22=B_SPLINE_CURVE_WITH_KNOTS('',3,(#1991,#1992,#1993,#1994,#1995,#1996,
#1997,#1998,#1999,#2000,#2001,#2002,#2003,#2004),.UNSPECIFIED.,.F.,.F.,
(4,2,2,2,2,2,4),(-3.50810047521321,-3.23129660159803,-3.06066704680711,
-2.89003749201619,-2.71940793722526,-2.54877838243434,-2.27197450881915),
 .UNSPECIFIED.);
#23=FACE_BOUND('',#155,.T.);
#24=FACE_BOUND('',#161,.T.);
#25=FACE_BOUND('',#165,.T.);
#26=FACE_BOUND('',#168,.T.);
#27=FACE_BOUND('',#176,.T.);
#28=FACE_BOUND('',#189,.T.);
#29=FACE_BOUND('',#192,.T.);
#30=FACE_BOUND('',#194,.T.);
#31=FACE_BOUND('',#203,.T.);
#32=FACE_BOUND('',#205,.T.);
#33=PLANE('',#1197);
#34=PLANE('',#1201);
#35=PLANE('',#1204);
#36=PLANE('',#1205);
#37=PLANE('',#1206);
#38=PLANE('',#1216);
#39=PLANE('',#1217);
#40=PLANE('',#1218);
#41=PLANE('',#1228);
#42=PLANE('',#1229);
#43=PLANE('',#1233);
#44=PLANE('',#1237);
#45=PLANE('',#1239);
#46=PLANE('',#1241);
#47=PLANE('',#1251);
#48=PLANE('',#1252);
#49=PLANE('',#1255);
#50=PLANE('',#1257);
#51=PLANE('',#1261);
#52=PLANE('',#1262);
#53=PLANE('',#1263);
#54=PLANE('',#1264);
#55=PLANE('',#1265);
#56=PLANE('',#1292);
#57=PLANE('',#1298);
#58=PLANE('',#1299);
#59=PLANE('',#1301);
#60=PLANE('',#1302);
#61=PLANE('',#1303);
#62=PLANE('',#1304);
#63=PLANE('',#1305);
#64=PLANE('',#1307);
#65=PLANE('',#1308);
#66=PLANE('',#1309);
#67=FACE_OUTER_BOUND('',#132,.T.);
#68=FACE_OUTER_BOUND('',#133,.T.);
#69=FACE_OUTER_BOUND('',#134,.T.);
#70=FACE_OUTER_BOUND('',#135,.T.);
#71=FACE_OUTER_BOUND('',#136,.T.);
#72=FACE_OUTER_BOUND('',#137,.T.);
#73=FACE_OUTER_BOUND('',#138,.T.);
#74=FACE_OUTER_BOUND('',#139,.T.);
#75=FACE_OUTER_BOUND('',#140,.T.);
#76=FACE_OUTER_BOUND('',#141,.T.);
#77=FACE_OUTER_BOUND('',#142,.T.);
#78=FACE_OUTER_BOUND('',#143,.T.);
#79=FACE_OUTER_BOUND('',#144,.T.);
#80=FACE_OUTER_BOUND('',#145,.T.);
#81=FACE_OUTER_BOUND('',#146,.T.);
#82=FACE_OUTER_BOUND('',#147,.T.);
#83=FACE_OUTER_BOUND('',#148,.T.);
#84=FACE_OUTER_BOUND('',#149,.T.);
#85=FACE_OUTER_BOUND('',#150,.T.);
#86=FACE_OUTER_BOUND('',#151,.T.);
#87=FACE_OUTER_BOUND('',#152,.T.);
#88=FACE_OUTER_BOUND('',#153,.T.);
#89=FACE_OUTER_BOUND('',#154,.T.);
#90=FACE_OUTER_BOUND('',#156,.T.);
#91=FACE_OUTER_BOUND('',#157,.T.);
#92=FACE_OUTER_BOUND('',#158,.T.);
#93=FACE_OUTER_BOUND('',#159,.T.);
#94=FACE_OUTER_BOUND('',#160,.T.);
#95=FACE_OUTER_BOUND('',#162,.T.);
#96=FACE_OUTER_BOUND('',#163,.T.);
#97=FACE_OUTER_BOUND('',#164,.T.);
#98=FACE_OUTER_BOUND('',#166,.T.);
#99=FACE_OUTER_BOUND('',#167,.T.);
#100=FACE_OUTER_BOUND('',#169,.T.);
#101=FACE_OUTER_BOUND('',#170,.T.);
#102=FACE_OUTER_BOUND('',#171,.T.);
#103=FACE_OUTER_BOUND('',#172,.T.);
#104=FACE_OUTER_BOUND('',#173,.T.);
#105=FACE_OUTER_BOUND('',#174,.T.);
#106=FACE_OUTER_BOUND('',#175,.T.);
#107=FACE_OUTER_BOUND('',#177,.T.);
#108=FACE_OUTER_BOUND('',#178,.T.);
#109=FACE_OUTER_BOUND('',#179,.T.);
#110=FACE_OUTER_BOUND('',#180,.T.);
#111=FACE_OUTER_BOUND('',#181,.T.);
#112=FACE_OUTER_BOUND('',#182,.T.);
#113=FACE_OUTER_BOUND('',#183,.T.);
#114=FACE_OUTER_BOUND('',#184,.T.);
#115=FACE_OUTER_BOUND('',#185,.T.);
#116=FACE_OUTER_BOUND('',#186,.T.);
#117=FACE_OUTER_BOUND('',#187,.T.);
#118=FACE_OUTER_BOUND('',#188,.T.);
#119=FACE_OUTER_BOUND('',#190,.T.);
#120=FACE_OUTER_BOUND('',#191,.T.);
#121=FACE_OUTER_BOUND('',#193,.T.);
#122=FACE_OUTER_BOUND('',#195,.T.);
#123=FACE_OUTER_BOUND('',#196,.T.);
#124=FACE_OUTER_BOUND('',#197,.T.);
#125=FACE_OUTER_BOUND('',#198,.T.);
#126=FACE_OUTER_BOUND('',#199,.T.);
#127=FACE_OUTER_BOUND('',#200,.T.);
#128=FACE_OUTER_BOUND('',#201,.T.);
#129=FACE_OUTER_BOUND('',#202,.T.);
#130=FACE_OUTER_BOUND('',#204,.T.);
#131=FACE_OUTER_BOUND('',#206,.T.);
#132=EDGE_LOOP('',(#754,#755,#756,#757));
#133=EDGE_LOOP('',(#758,#759,#760,#761));
#134=EDGE_LOOP('',(#762,#763,#764,#765));
#135=EDGE_LOOP('',(#766,#767,#768,#769,#770,#771,#772,#773));
#136=EDGE_LOOP('',(#774,#775,#776,#777));
#137=EDGE_LOOP('',(#778,#779,#780,#781));
#138=EDGE_LOOP('',(#782,#783,#784,#785));
#139=EDGE_LOOP('',(#786,#787,#788,#789));
#140=EDGE_LOOP('',(#790,#791,#792,#793));
#141=EDGE_LOOP('',(#794,#795,#796,#797));
#142=EDGE_LOOP('',(#798,#799,#800,#801));
#143=EDGE_LOOP('',(#802,#803,#804,#805));
#144=EDGE_LOOP('',(#806,#807,#808,#809));
#145=EDGE_LOOP('',(#810,#811,#812,#813));
#146=EDGE_LOOP('',(#814,#815,#816,#817));
#147=EDGE_LOOP('',(#818,#819,#820,#821));
#148=EDGE_LOOP('',(#822,#823,#824,#825));
#149=EDGE_LOOP('',(#826,#827,#828,#829));
#150=EDGE_LOOP('',(#830,#831,#832,#833));
#151=EDGE_LOOP('',(#834,#835,#836,#837));
#152=EDGE_LOOP('',(#838,#839,#840,#841));
#153=EDGE_LOOP('',(#842));
#154=EDGE_LOOP('',(#843,#844,#845,#846));
#155=EDGE_LOOP('',(#847));
#156=EDGE_LOOP('',(#848));
#157=EDGE_LOOP('',(#849,#850,#851,#852));
#158=EDGE_LOOP('',(#853,#854,#855,#856));
#159=EDGE_LOOP('',(#857,#858,#859,#860,#861));
#160=EDGE_LOOP('',(#862,#863,#864,#865));
#161=EDGE_LOOP('',(#866,#867,#868,#869,#870,#871,#872,#873));
#162=EDGE_LOOP('',(#874,#875,#876,#877,#878,#879));
#163=EDGE_LOOP('',(#880,#881,#882,#883,#884));
#164=EDGE_LOOP('',(#885,#886,#887,#888));
#165=EDGE_LOOP('',(#889,#890,#891,#892,#893,#894,#895,#896));
#166=EDGE_LOOP('',(#897,#898,#899,#900));
#167=EDGE_LOOP('',(#901,#902,#903,#904));
#168=EDGE_LOOP('',(#905,#906,#907,#908,#909,#910,#911,#912));
#169=EDGE_LOOP('',(#913,#914,#915,#916));
#170=EDGE_LOOP('',(#917,#918,#919,#920));
#171=EDGE_LOOP('',(#921,#922,#923,#924));
#172=EDGE_LOOP('',(#925,#926,#927,#928));
#173=EDGE_LOOP('',(#929,#930,#931,#932));
#174=EDGE_LOOP('',(#933,#934,#935,#936));
#175=EDGE_LOOP('',(#937,#938,#939,#940));
#176=EDGE_LOOP('',(#941,#942,#943,#944));
#177=EDGE_LOOP('',(#945,#946,#947));
#178=EDGE_LOOP('',(#948,#949,#950));
#179=EDGE_LOOP('',(#951,#952,#953,#954));
#180=EDGE_LOOP('',(#955,#956,#957));
#181=EDGE_LOOP('',(#958,#959,#960,#961));
#182=EDGE_LOOP('',(#962,#963,#964,#965,#966,#967));
#183=EDGE_LOOP('',(#968,#969,#970));
#184=EDGE_LOOP('',(#971,#972,#973,#974));
#185=EDGE_LOOP('',(#975,#976,#977,#978));
#186=EDGE_LOOP('',(#979,#980,#981,#982,#983,#984));
#187=EDGE_LOOP('',(#985,#986,#987,#988));
#188=EDGE_LOOP('',(#989,#990,#991,#992,#993,#994,#995,#996,#997,#998));
#189=EDGE_LOOP('',(#999,#1000,#1001,#1002));
#190=EDGE_LOOP('',(#1003,#1004,#1005,#1006,#1007,#1008));
#191=EDGE_LOOP('',(#1009,#1010,#1011,#1012));
#192=EDGE_LOOP('',(#1013,#1014,#1015,#1016,#1017,#1018,#1019,#1020));
#193=EDGE_LOOP('',(#1021,#1022,#1023,#1024));
#194=EDGE_LOOP('',(#1025));
#195=EDGE_LOOP('',(#1026,#1027,#1028,#1029,#1030,#1031));
#196=EDGE_LOOP('',(#1032,#1033,#1034,#1035));
#197=EDGE_LOOP('',(#1036,#1037,#1038,#1039));
#198=EDGE_LOOP('',(#1040,#1041,#1042,#1043));
#199=EDGE_LOOP('',(#1044,#1045,#1046,#1047));
#200=EDGE_LOOP('',(#1048,#1049,#1050,#1051,#1052,#1053,#1054,#1055));
#201=EDGE_LOOP('',(#1056,#1057,#1058,#1059));
#202=EDGE_LOOP('',(#1060,#1061,#1062,#1063));
#203=EDGE_LOOP('',(#1064,#1065,#1066,#1067,#1068,#1069,#1070,#1071));
#204=EDGE_LOOP('',(#1072,#1073,#1074,#1075));
#205=EDGE_LOOP('',(#1076,#1077,#1078,#1079,#1080,#1081,#1082,#1083));
#206=EDGE_LOOP('',(#1084,#1085,#1086,#1087));
#207=LINE('',#1664,#318);
#208=LINE('',#1667,#319);
#209=LINE('',#1670,#320);
#210=LINE('',#1672,#321);
#211=LINE('',#1673,#322);
#212=LINE('',#1679,#323);
#213=LINE('',#1682,#324);
#214=LINE('',#1684,#325);
#215=LINE('',#1686,#326);
#216=LINE('',#1690,#327);
#217=LINE('',#1694,#328);
#218=LINE('',#1695,#329);
#219=LINE('',#1699,#330);
#220=LINE('',#1701,#331);
#221=LINE('',#1703,#332);
#222=LINE('',#1704,#333);
#223=LINE('',#1708,#334);
#224=LINE('',#1710,#335);
#225=LINE('',#1712,#336);
#226=LINE('',#1713,#337);
#227=LINE('',#1718,#338);
#228=LINE('',#1725,#339);
#229=LINE('',#1731,#340);
#230=LINE('',#1734,#341);
#231=LINE('',#1736,#342);
#232=LINE('',#1737,#343);
#233=LINE('',#1740,#344);
#234=LINE('',#1742,#345);
#235=LINE('',#1743,#346);
#236=LINE('',#1746,#347);
#237=LINE('',#1748,#348);
#238=LINE('',#1749,#349);
#239=LINE('',#1754,#350);
#240=LINE('',#1761,#351);
#241=LINE('',#1767,#352);
#242=LINE('',#1769,#353);
#243=LINE('',#1770,#354);
#244=LINE('',#1773,#355);
#245=LINE('',#1775,#356);
#246=LINE('',#1776,#357);
#247=LINE('',#1781,#358);
#248=LINE('',#1785,#359);
#249=LINE('',#1787,#360);
#250=LINE('',#1788,#361);
#251=LINE('',#1798,#362);
#252=LINE('',#1800,#363);
#253=LINE('',#1802,#364);
#254=LINE('',#1803,#365);
#255=LINE('',#1813,#366);
#256=LINE('',#1819,#367);
#257=LINE('',#1824,#368);
#258=LINE('',#1827,#369);
#259=LINE('',#1845,#370);
#260=LINE('',#1846,#371);
#261=LINE('',#1849,#372);
#262=LINE('',#1850,#373);
#263=LINE('',#1851,#374);
#264=LINE('',#1872,#375);
#265=LINE('',#1874,#376);
#266=LINE('',#1875,#377);
#267=LINE('',#1877,#378);
#268=LINE('',#1881,#379);
#269=LINE('',#1883,#380);
#270=LINE('',#1885,#381);
#271=LINE('',#1886,#382);
#272=LINE('',#1887,#383);
#273=LINE('',#1892,#384);
#274=LINE('',#1896,#385);
#275=LINE('',#1898,#386);
#276=LINE('',#1900,#387);
#277=LINE('',#1901,#388);
#278=LINE('',#1904,#389);
#279=LINE('',#1906,#390);
#280=LINE('',#1907,#391);
#281=LINE('',#1910,#392);
#282=LINE('',#1912,#393);
#283=LINE('',#1913,#394);
#284=LINE('',#1915,#395);
#285=LINE('',#1916,#396);
#286=LINE('',#1920,#397);
#287=LINE('',#1922,#398);
#288=LINE('',#1924,#399);
#289=LINE('',#1925,#400);
#290=LINE('',#1942,#401);
#291=LINE('',#1944,#402);
#292=LINE('',#1954,#403);
#293=LINE('',#1973,#404);
#294=LINE('',#1974,#405);
#295=LINE('',#1975,#406);
#296=LINE('',#1984,#407);
#297=LINE('',#1987,#408);
#298=LINE('',#2005,#409);
#299=LINE('',#2006,#410);
#300=LINE('',#2007,#411);
#301=LINE('',#2009,#412);
#302=LINE('',#2010,#413);
#303=LINE('',#2020,#414);
#304=LINE('',#2022,#415);
#305=LINE('',#2024,#416);
#306=LINE('',#2025,#417);
#307=LINE('',#2027,#418);
#308=LINE('',#2029,#419);
#309=LINE('',#2032,#420);
#310=LINE('',#2034,#421);
#311=LINE('',#2035,#422);
#312=LINE('',#2037,#423);
#313=LINE('',#2039,#424);
#314=LINE('',#2043,#425);
#315=LINE('',#2046,#426);
#316=LINE('',#2049,#427);
#317=LINE('',#2051,#428);
#318=VECTOR('',#1317,10.);
#319=VECTOR('',#1320,10.);
#320=VECTOR('',#1323,10.);
#321=VECTOR('',#1324,10.);
#322=VECTOR('',#1325,10.);
#323=VECTOR('',#1330,10.);
#324=VECTOR('',#1333,10.);
#325=VECTOR('',#1336,10.);
#326=VECTOR('',#1337,10.);
#327=VECTOR('',#1340,10.);
#328=VECTOR('',#1345,10.);
#329=VECTOR('',#1346,10.);
#330=VECTOR('',#1349,10.);
#331=VECTOR('',#1350,10.);
#332=VECTOR('',#1351,10.);
#333=VECTOR('',#1352,10.);
#334=VECTOR('',#1355,10.);
#335=VECTOR('',#1356,10.);
#336=VECTOR('',#1357,10.);
#337=VECTOR('',#1358,10.);
#338=VECTOR('',#1363,10.);
#339=VECTOR('',#1372,10.);
#340=VECTOR('',#1379,10.);
#341=VECTOR('',#1382,10.);
#342=VECTOR('',#1383,10.);
#343=VECTOR('',#1384,10.);
#344=VECTOR('',#1387,10.);
#345=VECTOR('',#1388,10.);
#346=VECTOR('',#1389,10.);
#347=VECTOR('',#1392,10.);
#348=VECTOR('',#1393,10.);
#349=VECTOR('',#1394,10.);
#350=VECTOR('',#1399,10.);
#351=VECTOR('',#1408,10.);
#352=VECTOR('',#1415,10.);
#353=VECTOR('',#1418,10.);
#354=VECTOR('',#1419,10.);
#355=VECTOR('',#1422,10.);
#356=VECTOR('',#1423,10.);
#357=VECTOR('',#1424,10.);
#358=VECTOR('',#1429,10.);
#359=VECTOR('',#1434,10.);
#360=VECTOR('',#1435,10.);
#361=VECTOR('',#1436,10.);
#362=VECTOR('',#1449,10.);
#363=VECTOR('',#1450,10.);
#364=VECTOR('',#1451,10.);
#365=VECTOR('',#1452,10.);
#366=VECTOR('',#1463,10.);
#367=VECTOR('',#1470,10.);
#368=VECTOR('',#1475,10.);
#369=VECTOR('',#1478,10.);
#370=VECTOR('',#1481,10.);
#371=VECTOR('',#1482,10.);
#372=VECTOR('',#1485,10.);
#373=VECTOR('',#1486,10.);
#374=VECTOR('',#1487,10.);
#375=VECTOR('',#1492,10.);
#376=VECTOR('',#1495,10.);
#377=VECTOR('',#1496,10.);
#378=VECTOR('',#1499,10.);
#379=VECTOR('',#1502,10.);
#380=VECTOR('',#1503,10.);
#381=VECTOR('',#1504,10.);
#382=VECTOR('',#1505,10.);
#383=VECTOR('',#1506,10.);
#384=VECTOR('',#1513,18.5);
#385=VECTOR('',#1516,10.);
#386=VECTOR('',#1517,10.);
#387=VECTOR('',#1518,10.);
#388=VECTOR('',#1519,10.);
#389=VECTOR('',#1522,10.);
#390=VECTOR('',#1523,10.);
#391=VECTOR('',#1524,10.);
#392=VECTOR('',#1527,10.);
#393=VECTOR('',#1528,10.);
#394=VECTOR('',#1529,10.);
#395=VECTOR('',#1532,10.);
#396=VECTOR('',#1533,10.);
#397=VECTOR('',#1536,10.);
#398=VECTOR('',#1537,10.);
#399=VECTOR('',#1538,10.);
#400=VECTOR('',#1539,10.);
#401=VECTOR('',#1558,10.);
#402=VECTOR('',#1559,10.);
#403=VECTOR('',#1572,10.);
#404=VECTOR('',#1577,10.);
#405=VECTOR('',#1578,10.);
#406=VECTOR('',#1579,10.);
#407=VECTOR('',#1590,10.);
#408=VECTOR('',#1595,10.);
#409=VECTOR('',#1598,10.);
#410=VECTOR('',#1599,10.);
#411=VECTOR('',#1600,10.);
#412=VECTOR('',#1603,10.);
#413=VECTOR('',#1604,10.);
#414=VECTOR('',#1615,10.);
#415=VECTOR('',#1616,10.);
#416=VECTOR('',#1617,10.);
#417=VECTOR('',#1618,10.);
#418=VECTOR('',#1621,9.);
#419=VECTOR('',#1624,10.);
#420=VECTOR('',#1629,9.);
#421=VECTOR('',#1632,10.);
#422=VECTOR('',#1633,10.);
#423=VECTOR('',#1636,10.);
#424=VECTOR('',#1639,10.);
#425=VECTOR('',#1644,10.);
#426=VECTOR('',#1647,10.);
#427=VECTOR('',#1652,10.);
#428=VECTOR('',#1655,10.);
#429=CIRCLE('',#1195,3.);
#430=CIRCLE('',#1196,3.);
#431=CIRCLE('',#1199,3.);
#432=CIRCLE('',#1200,3.);
#433=CIRCLE('',#1202,3.5);
#434=CIRCLE('',#1203,3.5);
#435=CIRCLE('',#1208,9.99999999999998);
#436=CIRCLE('',#1209,9.99999999999998);
#437=CIRCLE('',#1211,9.99999999999998);
#438=CIRCLE('',#1212,9.99999999999998);
#439=CIRCLE('',#1214,9.99999999999999);
#440=CIRCLE('',#1215,9.99999999999999);
#441=CIRCLE('',#1220,9.99999999999998);
#442=CIRCLE('',#1221,9.99999999999998);
#443=CIRCLE('',#1223,9.99999999999998);
#444=CIRCLE('',#1224,9.99999999999998);
#445=CIRCLE('',#1226,9.99999999999999);
#446=CIRCLE('',#1227,9.99999999999999);
#447=CIRCLE('',#1231,9.99999999999999);
#448=CIRCLE('',#1232,9.99999999999999);
#449=CIRCLE('',#1235,9.99999999999999);
#450=CIRCLE('',#1236,9.99999999999999);
#451=CIRCLE('',#1238,9.);
#452=CIRCLE('',#1240,18.5);
#453=CIRCLE('',#1242,9.);
#454=CIRCLE('',#1244,15.);
#455=CIRCLE('',#1245,15.);
#456=CIRCLE('',#1247,15.);
#457=CIRCLE('',#1248,15.);
#458=CIRCLE('',#1250,3.5);
#459=CIRCLE('',#1254,3.5);
#460=CIRCLE('',#1260,18.5);
#461=CIRCLE('',#1267,5.);
#462=CIRCLE('',#1268,5.);
#463=CIRCLE('',#1269,5.);
#464=CIRCLE('',#1271,5.);
#465=CIRCLE('',#1272,5.);
#466=CIRCLE('',#1273,5.);
#467=CIRCLE('',#1275,5.);
#468=CIRCLE('',#1277,5.);
#469=CIRCLE('',#1278,4.99999999999999);
#470=CIRCLE('',#1279,5.);
#471=CIRCLE('',#1281,5.);
#472=CIRCLE('',#1284,5.);
#473=CIRCLE('',#1285,5.);
#474=CIRCLE('',#1286,5.);
#475=CIRCLE('',#1288,5.);
#476=CIRCLE('',#1293,9.);
#477=CIRCLE('',#1294,9.);
#478=CIRCLE('',#1295,9.);
#479=CIRCLE('',#1296,9.);
#480=CIRCLE('',#1306,5.);
#481=VERTEX_POINT('',#1660);
#482=VERTEX_POINT('',#1661);
#483=VERTEX_POINT('',#1663);
#484=VERTEX_POINT('',#1665);
#485=VERTEX_POINT('',#1669);
#486=VERTEX_POINT('',#1671);
#487=VERTEX_POINT('',#1675);
#488=VERTEX_POINT('',#1676);
#489=VERTEX_POINT('',#1678);
#490=VERTEX_POINT('',#1680);
#491=VERTEX_POINT('',#1685);
#492=VERTEX_POINT('',#1687);
#493=VERTEX_POINT('',#1689);
#494=VERTEX_POINT('',#1693);
#495=VERTEX_POINT('',#1697);
#496=VERTEX_POINT('',#1698);
#497=VERTEX_POINT('',#1700);
#498=VERTEX_POINT('',#1702);
#499=VERTEX_POINT('',#1706);
#500=VERTEX_POINT('',#1707);
#501=VERTEX_POINT('',#1709);
#502=VERTEX_POINT('',#1711);
#503=VERTEX_POINT('',#1715);
#504=VERTEX_POINT('',#1717);
#505=VERTEX_POINT('',#1721);
#506=VERTEX_POINT('',#1723);
#507=VERTEX_POINT('',#1727);
#508=VERTEX_POINT('',#1729);
#509=VERTEX_POINT('',#1733);
#510=VERTEX_POINT('',#1735);
#511=VERTEX_POINT('',#1739);
#512=VERTEX_POINT('',#1741);
#513=VERTEX_POINT('',#1745);
#514=VERTEX_POINT('',#1747);
#515=VERTEX_POINT('',#1751);
#516=VERTEX_POINT('',#1753);
#517=VERTEX_POINT('',#1757);
#518=VERTEX_POINT('',#1759);
#519=VERTEX_POINT('',#1763);
#520=VERTEX_POINT('',#1765);
#521=VERTEX_POINT('',#1772);
#522=VERTEX_POINT('',#1774);
#523=VERTEX_POINT('',#1778);
#524=VERTEX_POINT('',#1780);
#525=VERTEX_POINT('',#1784);
#526=VERTEX_POINT('',#1786);
#527=VERTEX_POINT('',#1793);
#528=VERTEX_POINT('',#1796);
#529=VERTEX_POINT('',#1797);
#530=VERTEX_POINT('',#1799);
#531=VERTEX_POINT('',#1801);
#532=VERTEX_POINT('',#1804);
#533=VERTEX_POINT('',#1807);
#534=VERTEX_POINT('',#1810);
#535=VERTEX_POINT('',#1812);
#536=VERTEX_POINT('',#1816);
#537=VERTEX_POINT('',#1818);
#538=VERTEX_POINT('',#1822);
#539=VERTEX_POINT('',#1823);
#540=VERTEX_POINT('',#1825);
#541=VERTEX_POINT('',#1848);
#542=VERTEX_POINT('',#1853);
#543=VERTEX_POINT('',#1870);
#544=VERTEX_POINT('',#1879);
#545=VERTEX_POINT('',#1880);
#546=VERTEX_POINT('',#1882);
#547=VERTEX_POINT('',#1884);
#548=VERTEX_POINT('',#1890);
#549=VERTEX_POINT('',#1894);
#550=VERTEX_POINT('',#1895);
#551=VERTEX_POINT('',#1897);
#552=VERTEX_POINT('',#1899);
#553=VERTEX_POINT('',#1903);
#554=VERTEX_POINT('',#1905);
#555=VERTEX_POINT('',#1909);
#556=VERTEX_POINT('',#1911);
#557=VERTEX_POINT('',#1918);
#558=VERTEX_POINT('',#1919);
#559=VERTEX_POINT('',#1921);
#560=VERTEX_POINT('',#1923);
#561=VERTEX_POINT('',#1927);
#562=VERTEX_POINT('',#1928);
#563=VERTEX_POINT('',#1930);
#564=VERTEX_POINT('',#1934);
#565=VERTEX_POINT('',#1935);
#566=VERTEX_POINT('',#1937);
#567=VERTEX_POINT('',#1941);
#568=VERTEX_POINT('',#1943);
#569=VERTEX_POINT('',#1947);
#570=VERTEX_POINT('',#1949);
#571=VERTEX_POINT('',#1953);
#572=VERTEX_POINT('',#1957);
#573=VERTEX_POINT('',#1958);
#574=VERTEX_POINT('',#1977);
#575=VERTEX_POINT('',#1978);
#576=VERTEX_POINT('',#1983);
#577=VERTEX_POINT('',#1989);
#578=VERTEX_POINT('',#1990);
#579=VERTEX_POINT('',#2012);
#580=VERTEX_POINT('',#2015);
#581=VERTEX_POINT('',#2018);
#582=VERTEX_POINT('',#2019);
#583=VERTEX_POINT('',#2021);
#584=VERTEX_POINT('',#2023);
#585=VERTEX_POINT('',#2042);
#586=VERTEX_POINT('',#2044);
#587=EDGE_CURVE('',#481,#482,#429,.T.);
#588=EDGE_CURVE('',#481,#483,#207,.T.);
#589=EDGE_CURVE('',#484,#483,#430,.F.);
#590=EDGE_CURVE('',#484,#482,#208,.T.);
#591=EDGE_CURVE('',#485,#481,#209,.T.);
#592=EDGE_CURVE('',#486,#485,#210,.T.);
#593=EDGE_CURVE('',#486,#483,#211,.T.);
#594=EDGE_CURVE('',#487,#488,#431,.T.);
#595=EDGE_CURVE('',#488,#489,#212,.T.);
#596=EDGE_CURVE('',#490,#489,#432,.T.);
#597=EDGE_CURVE('',#490,#487,#213,.T.);
#598=EDGE_CURVE('',#482,#490,#214,.T.);
#599=EDGE_CURVE('',#489,#491,#215,.T.);
#600=EDGE_CURVE('',#492,#491,#433,.F.);
#601=EDGE_CURVE('',#493,#492,#216,.T.);
#602=EDGE_CURVE('',#485,#493,#434,.F.);
#603=EDGE_CURVE('',#488,#494,#217,.T.);
#604=EDGE_CURVE('',#491,#494,#218,.T.);
#605=EDGE_CURVE('',#495,#496,#219,.T.);
#606=EDGE_CURVE('',#497,#495,#220,.T.);
#607=EDGE_CURVE('',#498,#497,#221,.T.);
#608=EDGE_CURVE('',#498,#496,#222,.T.);
#609=EDGE_CURVE('',#499,#500,#223,.T.);
#610=EDGE_CURVE('',#499,#501,#224,.T.);
#611=EDGE_CURVE('',#502,#501,#225,.T.);
#612=EDGE_CURVE('',#500,#502,#226,.T.);
#613=EDGE_CURVE('',#503,#495,#435,.T.);
#614=EDGE_CURVE('',#504,#503,#227,.T.);
#615=EDGE_CURVE('',#497,#504,#436,.T.);
#616=EDGE_CURVE('',#500,#505,#437,.T.);
#617=EDGE_CURVE('',#506,#502,#438,.T.);
#618=EDGE_CURVE('',#505,#506,#228,.T.);
#619=EDGE_CURVE('',#496,#507,#439,.T.);
#620=EDGE_CURVE('',#508,#498,#440,.T.);
#621=EDGE_CURVE('',#508,#507,#229,.T.);
#622=EDGE_CURVE('',#509,#503,#230,.T.);
#623=EDGE_CURVE('',#510,#509,#231,.T.);
#624=EDGE_CURVE('',#504,#510,#232,.T.);
#625=EDGE_CURVE('',#505,#511,#233,.T.);
#626=EDGE_CURVE('',#512,#506,#234,.T.);
#627=EDGE_CURVE('',#511,#512,#235,.T.);
#628=EDGE_CURVE('',#507,#513,#236,.T.);
#629=EDGE_CURVE('',#514,#508,#237,.T.);
#630=EDGE_CURVE('',#514,#513,#238,.T.);
#631=EDGE_CURVE('',#515,#509,#441,.T.);
#632=EDGE_CURVE('',#516,#515,#239,.T.);
#633=EDGE_CURVE('',#510,#516,#442,.T.);
#634=EDGE_CURVE('',#511,#517,#443,.T.);
#635=EDGE_CURVE('',#518,#512,#444,.T.);
#636=EDGE_CURVE('',#517,#518,#240,.T.);
#637=EDGE_CURVE('',#513,#519,#445,.T.);
#638=EDGE_CURVE('',#520,#514,#446,.T.);
#639=EDGE_CURVE('',#520,#519,#241,.T.);
#640=EDGE_CURVE('',#519,#515,#242,.T.);
#641=EDGE_CURVE('',#516,#520,#243,.T.);
#642=EDGE_CURVE('',#517,#521,#244,.T.);
#643=EDGE_CURVE('',#522,#518,#245,.T.);
#644=EDGE_CURVE('',#521,#522,#246,.T.);
#645=EDGE_CURVE('',#523,#499,#447,.T.);
#646=EDGE_CURVE('',#523,#524,#247,.T.);
#647=EDGE_CURVE('',#501,#524,#448,.T.);
#648=EDGE_CURVE('',#525,#523,#248,.T.);
#649=EDGE_CURVE('',#525,#526,#249,.T.);
#650=EDGE_CURVE('',#524,#526,#250,.T.);
#651=EDGE_CURVE('',#521,#525,#449,.T.);
#652=EDGE_CURVE('',#526,#522,#450,.T.);
#653=EDGE_CURVE('',#527,#527,#451,.T.);
#654=EDGE_CURVE('',#528,#529,#251,.T.);
#655=EDGE_CURVE('',#529,#530,#252,.T.);
#656=EDGE_CURVE('',#531,#530,#253,.T.);
#657=EDGE_CURVE('',#531,#528,#254,.T.);
#658=EDGE_CURVE('',#532,#532,#452,.T.);
#659=EDGE_CURVE('',#533,#533,#453,.T.);
#660=EDGE_CURVE('',#530,#534,#454,.T.);
#661=EDGE_CURVE('',#534,#535,#255,.T.);
#662=EDGE_CURVE('',#535,#531,#455,.T.);
#663=EDGE_CURVE('',#528,#536,#456,.T.);
#664=EDGE_CURVE('',#536,#537,#256,.T.);
#665=EDGE_CURVE('',#537,#529,#457,.T.);
#666=EDGE_CURVE('',#538,#539,#257,.T.);
#667=EDGE_CURVE('',#539,#540,#458,.T.);
#668=EDGE_CURVE('',#483,#540,#258,.T.);
#669=EDGE_CURVE('',#538,#486,#19,.F.);
#670=EDGE_CURVE('',#534,#539,#259,.T.);
#671=EDGE_CURVE('',#535,#538,#260,.T.);
#672=EDGE_CURVE('',#541,#540,#261,.T.);
#673=EDGE_CURVE('',#541,#488,#262,.T.);
#674=EDGE_CURVE('',#487,#484,#263,.T.);
#675=EDGE_CURVE('',#542,#494,#20,.T.);
#676=EDGE_CURVE('',#541,#543,#459,.T.);
#677=EDGE_CURVE('',#543,#542,#264,.T.);
#678=EDGE_CURVE('',#536,#542,#265,.T.);
#679=EDGE_CURVE('',#537,#543,#266,.T.);
#680=EDGE_CURVE('',#538,#493,#267,.T.);
#681=EDGE_CURVE('',#544,#545,#268,.T.);
#682=EDGE_CURVE('',#546,#544,#269,.T.);
#683=EDGE_CURVE('',#547,#546,#270,.T.);
#684=EDGE_CURVE('',#545,#547,#271,.T.);
#685=EDGE_CURVE('',#542,#492,#272,.T.);
#686=EDGE_CURVE('',#548,#548,#460,.T.);
#687=EDGE_CURVE('',#548,#532,#273,.T.);
#688=EDGE_CURVE('',#549,#550,#274,.T.);
#689=EDGE_CURVE('',#549,#551,#275,.T.);
#690=EDGE_CURVE('',#551,#552,#276,.T.);
#691=EDGE_CURVE('',#550,#552,#277,.T.);
#692=EDGE_CURVE('',#550,#553,#278,.T.);
#693=EDGE_CURVE('',#552,#554,#279,.T.);
#694=EDGE_CURVE('',#553,#554,#280,.T.);
#695=EDGE_CURVE('',#553,#555,#281,.T.);
#696=EDGE_CURVE('',#554,#556,#282,.T.);
#697=EDGE_CURVE('',#555,#556,#283,.T.);
#698=EDGE_CURVE('',#555,#549,#284,.T.);
#699=EDGE_CURVE('',#556,#551,#285,.T.);
#700=EDGE_CURVE('',#557,#558,#286,.T.);
#701=EDGE_CURVE('',#559,#557,#287,.T.);
#702=EDGE_CURVE('',#560,#559,#288,.T.);
#703=EDGE_CURVE('',#558,#560,#289,.T.);
#704=EDGE_CURVE('',#561,#562,#461,.F.);
#705=EDGE_CURVE('',#563,#561,#462,.F.);
#706=EDGE_CURVE('',#562,#563,#463,.F.);
#707=EDGE_CURVE('',#564,#565,#464,.F.);
#708=EDGE_CURVE('',#566,#564,#465,.F.);
#709=EDGE_CURVE('',#565,#566,#466,.F.);
#710=EDGE_CURVE('',#567,#566,#290,.T.);
#711=EDGE_CURVE('',#564,#568,#291,.T.);
#712=EDGE_CURVE('',#568,#567,#467,.T.);
#713=EDGE_CURVE('',#544,#569,#468,.F.);
#714=EDGE_CURVE('',#570,#544,#469,.F.);
#715=EDGE_CURVE('',#569,#570,#470,.F.);
#716=EDGE_CURVE('',#571,#570,#292,.T.);
#717=EDGE_CURVE('',#545,#571,#471,.T.);
#718=EDGE_CURVE('',#572,#573,#21,.T.);
#719=EDGE_CURVE('',#573,#569,#293,.T.);
#720=EDGE_CURVE('',#570,#561,#294,.T.);
#721=EDGE_CURVE('',#562,#572,#295,.T.);
#722=EDGE_CURVE('',#574,#575,#472,.F.);
#723=EDGE_CURVE('',#546,#574,#473,.F.);
#724=EDGE_CURVE('',#575,#546,#474,.F.);
#725=EDGE_CURVE('',#574,#576,#296,.T.);
#726=EDGE_CURVE('',#576,#547,#475,.T.);
#727=EDGE_CURVE('',#569,#575,#297,.T.);
#728=EDGE_CURVE('',#577,#578,#22,.T.);
#729=EDGE_CURVE('',#578,#565,#298,.T.);
#730=EDGE_CURVE('',#566,#574,#299,.T.);
#731=EDGE_CURVE('',#575,#577,#300,.T.);
#732=EDGE_CURVE('',#565,#562,#301,.T.);
#733=EDGE_CURVE('',#563,#564,#302,.T.);
#734=EDGE_CURVE('',#578,#579,#476,.T.);
#735=EDGE_CURVE('',#579,#577,#477,.T.);
#736=EDGE_CURVE('',#573,#580,#478,.T.);
#737=EDGE_CURVE('',#580,#572,#479,.T.);
#738=EDGE_CURVE('',#581,#582,#303,.T.);
#739=EDGE_CURVE('',#582,#583,#304,.T.);
#740=EDGE_CURVE('',#583,#584,#305,.T.);
#741=EDGE_CURVE('',#584,#581,#306,.T.);
#742=EDGE_CURVE('',#527,#579,#307,.T.);
#743=EDGE_CURVE('',#576,#567,#308,.T.);
#744=EDGE_CURVE('',#533,#580,#309,.T.);
#745=EDGE_CURVE('',#560,#581,#310,.T.);
#746=EDGE_CURVE('',#584,#558,#311,.T.);
#747=EDGE_CURVE('',#583,#557,#312,.T.);
#748=EDGE_CURVE('',#582,#559,#313,.T.);
#749=EDGE_CURVE('',#568,#585,#314,.T.);
#750=EDGE_CURVE('',#586,#585,#480,.T.);
#751=EDGE_CURVE('',#586,#571,#315,.T.);
#752=EDGE_CURVE('',#561,#586,#316,.T.);
#753=EDGE_CURVE('',#585,#563,#317,.T.);
#754=ORIENTED_EDGE('',*,*,#587,.F.);
#755=ORIENTED_EDGE('',*,*,#588,.T.);
#756=ORIENTED_EDGE('',*,*,#589,.F.);
#757=ORIENTED_EDGE('',*,*,#590,.T.);
#758=ORIENTED_EDGE('',*,*,#588,.F.);
#759=ORIENTED_EDGE('',*,*,#591,.F.);
#760=ORIENTED_EDGE('',*,*,#592,.F.);
#761=ORIENTED_EDGE('',*,*,#593,.T.);
#762=ORIENTED_EDGE('',*,*,#594,.T.);
#763=ORIENTED_EDGE('',*,*,#595,.T.);
#764=ORIENTED_EDGE('',*,*,#596,.F.);
#765=ORIENTED_EDGE('',*,*,#597,.T.);
#766=ORIENTED_EDGE('',*,*,#587,.T.);
#767=ORIENTED_EDGE('',*,*,#598,.T.);
#768=ORIENTED_EDGE('',*,*,#596,.T.);
#769=ORIENTED_EDGE('',*,*,#599,.T.);
#770=ORIENTED_EDGE('',*,*,#600,.F.);
#771=ORIENTED_EDGE('',*,*,#601,.F.);
#772=ORIENTED_EDGE('',*,*,#602,.F.);
#773=ORIENTED_EDGE('',*,*,#591,.T.);
#774=ORIENTED_EDGE('',*,*,#595,.F.);
#775=ORIENTED_EDGE('',*,*,#603,.T.);
#776=ORIENTED_EDGE('',*,*,#604,.F.);
#777=ORIENTED_EDGE('',*,*,#599,.F.);
#778=ORIENTED_EDGE('',*,*,#605,.F.);
#779=ORIENTED_EDGE('',*,*,#606,.F.);
#780=ORIENTED_EDGE('',*,*,#607,.F.);
#781=ORIENTED_EDGE('',*,*,#608,.T.);
#782=ORIENTED_EDGE('',*,*,#609,.F.);
#783=ORIENTED_EDGE('',*,*,#610,.T.);
#784=ORIENTED_EDGE('',*,*,#611,.F.);
#785=ORIENTED_EDGE('',*,*,#612,.F.);
#786=ORIENTED_EDGE('',*,*,#613,.F.);
#787=ORIENTED_EDGE('',*,*,#614,.F.);
#788=ORIENTED_EDGE('',*,*,#615,.F.);
#789=ORIENTED_EDGE('',*,*,#606,.T.);
#790=ORIENTED_EDGE('',*,*,#616,.F.);
#791=ORIENTED_EDGE('',*,*,#612,.T.);
#792=ORIENTED_EDGE('',*,*,#617,.F.);
#793=ORIENTED_EDGE('',*,*,#618,.F.);
#794=ORIENTED_EDGE('',*,*,#619,.F.);
#795=ORIENTED_EDGE('',*,*,#608,.F.);
#796=ORIENTED_EDGE('',*,*,#620,.F.);
#797=ORIENTED_EDGE('',*,*,#621,.T.);
#798=ORIENTED_EDGE('',*,*,#622,.F.);
#799=ORIENTED_EDGE('',*,*,#623,.F.);
#800=ORIENTED_EDGE('',*,*,#624,.F.);
#801=ORIENTED_EDGE('',*,*,#614,.T.);
#802=ORIENTED_EDGE('',*,*,#625,.F.);
#803=ORIENTED_EDGE('',*,*,#618,.T.);
#804=ORIENTED_EDGE('',*,*,#626,.F.);
#805=ORIENTED_EDGE('',*,*,#627,.F.);
#806=ORIENTED_EDGE('',*,*,#628,.F.);
#807=ORIENTED_EDGE('',*,*,#621,.F.);
#808=ORIENTED_EDGE('',*,*,#629,.F.);
#809=ORIENTED_EDGE('',*,*,#630,.T.);
#810=ORIENTED_EDGE('',*,*,#631,.F.);
#811=ORIENTED_EDGE('',*,*,#632,.F.);
#812=ORIENTED_EDGE('',*,*,#633,.F.);
#813=ORIENTED_EDGE('',*,*,#623,.T.);
#814=ORIENTED_EDGE('',*,*,#634,.F.);
#815=ORIENTED_EDGE('',*,*,#627,.T.);
#816=ORIENTED_EDGE('',*,*,#635,.F.);
#817=ORIENTED_EDGE('',*,*,#636,.F.);
#818=ORIENTED_EDGE('',*,*,#637,.F.);
#819=ORIENTED_EDGE('',*,*,#630,.F.);
#820=ORIENTED_EDGE('',*,*,#638,.F.);
#821=ORIENTED_EDGE('',*,*,#639,.T.);
#822=ORIENTED_EDGE('',*,*,#640,.F.);
#823=ORIENTED_EDGE('',*,*,#639,.F.);
#824=ORIENTED_EDGE('',*,*,#641,.F.);
#825=ORIENTED_EDGE('',*,*,#632,.T.);
#826=ORIENTED_EDGE('',*,*,#642,.F.);
#827=ORIENTED_EDGE('',*,*,#636,.T.);
#828=ORIENTED_EDGE('',*,*,#643,.F.);
#829=ORIENTED_EDGE('',*,*,#644,.F.);
#830=ORIENTED_EDGE('',*,*,#645,.F.);
#831=ORIENTED_EDGE('',*,*,#646,.T.);
#832=ORIENTED_EDGE('',*,*,#647,.F.);
#833=ORIENTED_EDGE('',*,*,#610,.F.);
#834=ORIENTED_EDGE('',*,*,#648,.F.);
#835=ORIENTED_EDGE('',*,*,#649,.T.);
#836=ORIENTED_EDGE('',*,*,#650,.F.);
#837=ORIENTED_EDGE('',*,*,#646,.F.);
#838=ORIENTED_EDGE('',*,*,#651,.F.);
#839=ORIENTED_EDGE('',*,*,#644,.T.);
#840=ORIENTED_EDGE('',*,*,#652,.F.);
#841=ORIENTED_EDGE('',*,*,#649,.F.);
#842=ORIENTED_EDGE('',*,*,#653,.T.);
#843=ORIENTED_EDGE('',*,*,#654,.T.);
#844=ORIENTED_EDGE('',*,*,#655,.T.);
#845=ORIENTED_EDGE('',*,*,#656,.F.);
#846=ORIENTED_EDGE('',*,*,#657,.T.);
#847=ORIENTED_EDGE('',*,*,#658,.T.);
#848=ORIENTED_EDGE('',*,*,#659,.T.);
#849=ORIENTED_EDGE('',*,*,#656,.T.);
#850=ORIENTED_EDGE('',*,*,#660,.T.);
#851=ORIENTED_EDGE('',*,*,#661,.T.);
#852=ORIENTED_EDGE('',*,*,#662,.T.);
#853=ORIENTED_EDGE('',*,*,#654,.F.);
#854=ORIENTED_EDGE('',*,*,#663,.T.);
#855=ORIENTED_EDGE('',*,*,#664,.T.);
#856=ORIENTED_EDGE('',*,*,#665,.T.);
#857=ORIENTED_EDGE('',*,*,#666,.T.);
#858=ORIENTED_EDGE('',*,*,#667,.T.);
#859=ORIENTED_EDGE('',*,*,#668,.F.);
#860=ORIENTED_EDGE('',*,*,#593,.F.);
#861=ORIENTED_EDGE('',*,*,#669,.F.);
#862=ORIENTED_EDGE('',*,*,#661,.F.);
#863=ORIENTED_EDGE('',*,*,#670,.T.);
#864=ORIENTED_EDGE('',*,*,#666,.F.);
#865=ORIENTED_EDGE('',*,*,#671,.F.);
#866=ORIENTED_EDGE('',*,*,#642,.T.);
#867=ORIENTED_EDGE('',*,*,#651,.T.);
#868=ORIENTED_EDGE('',*,*,#648,.T.);
#869=ORIENTED_EDGE('',*,*,#645,.T.);
#870=ORIENTED_EDGE('',*,*,#609,.T.);
#871=ORIENTED_EDGE('',*,*,#616,.T.);
#872=ORIENTED_EDGE('',*,*,#625,.T.);
#873=ORIENTED_EDGE('',*,*,#634,.T.);
#874=ORIENTED_EDGE('',*,*,#668,.T.);
#875=ORIENTED_EDGE('',*,*,#672,.F.);
#876=ORIENTED_EDGE('',*,*,#673,.T.);
#877=ORIENTED_EDGE('',*,*,#594,.F.);
#878=ORIENTED_EDGE('',*,*,#674,.T.);
#879=ORIENTED_EDGE('',*,*,#589,.T.);
#880=ORIENTED_EDGE('',*,*,#675,.T.);
#881=ORIENTED_EDGE('',*,*,#603,.F.);
#882=ORIENTED_EDGE('',*,*,#673,.F.);
#883=ORIENTED_EDGE('',*,*,#676,.T.);
#884=ORIENTED_EDGE('',*,*,#677,.T.);
#885=ORIENTED_EDGE('',*,*,#664,.F.);
#886=ORIENTED_EDGE('',*,*,#678,.T.);
#887=ORIENTED_EDGE('',*,*,#677,.F.);
#888=ORIENTED_EDGE('',*,*,#679,.F.);
#889=ORIENTED_EDGE('',*,*,#640,.T.);
#890=ORIENTED_EDGE('',*,*,#631,.T.);
#891=ORIENTED_EDGE('',*,*,#622,.T.);
#892=ORIENTED_EDGE('',*,*,#613,.T.);
#893=ORIENTED_EDGE('',*,*,#605,.T.);
#894=ORIENTED_EDGE('',*,*,#619,.T.);
#895=ORIENTED_EDGE('',*,*,#628,.T.);
#896=ORIENTED_EDGE('',*,*,#637,.T.);
#897=ORIENTED_EDGE('',*,*,#592,.T.);
#898=ORIENTED_EDGE('',*,*,#602,.T.);
#899=ORIENTED_EDGE('',*,*,#680,.F.);
#900=ORIENTED_EDGE('',*,*,#669,.T.);
#901=ORIENTED_EDGE('',*,*,#681,.F.);
#902=ORIENTED_EDGE('',*,*,#682,.F.);
#903=ORIENTED_EDGE('',*,*,#683,.F.);
#904=ORIENTED_EDGE('',*,*,#684,.F.);
#905=ORIENTED_EDGE('',*,*,#680,.T.);
#906=ORIENTED_EDGE('',*,*,#601,.T.);
#907=ORIENTED_EDGE('',*,*,#685,.F.);
#908=ORIENTED_EDGE('',*,*,#678,.F.);
#909=ORIENTED_EDGE('',*,*,#663,.F.);
#910=ORIENTED_EDGE('',*,*,#657,.F.);
#911=ORIENTED_EDGE('',*,*,#662,.F.);
#912=ORIENTED_EDGE('',*,*,#671,.T.);
#913=ORIENTED_EDGE('',*,*,#685,.T.);
#914=ORIENTED_EDGE('',*,*,#600,.T.);
#915=ORIENTED_EDGE('',*,*,#604,.T.);
#916=ORIENTED_EDGE('',*,*,#675,.F.);
#917=ORIENTED_EDGE('',*,*,#686,.F.);
#918=ORIENTED_EDGE('',*,*,#687,.T.);
#919=ORIENTED_EDGE('',*,*,#658,.F.);
#920=ORIENTED_EDGE('',*,*,#687,.F.);
#921=ORIENTED_EDGE('',*,*,#688,.F.);
#922=ORIENTED_EDGE('',*,*,#689,.T.);
#923=ORIENTED_EDGE('',*,*,#690,.T.);
#924=ORIENTED_EDGE('',*,*,#691,.F.);
#925=ORIENTED_EDGE('',*,*,#692,.F.);
#926=ORIENTED_EDGE('',*,*,#691,.T.);
#927=ORIENTED_EDGE('',*,*,#693,.T.);
#928=ORIENTED_EDGE('',*,*,#694,.F.);
#929=ORIENTED_EDGE('',*,*,#695,.F.);
#930=ORIENTED_EDGE('',*,*,#694,.T.);
#931=ORIENTED_EDGE('',*,*,#696,.T.);
#932=ORIENTED_EDGE('',*,*,#697,.F.);
#933=ORIENTED_EDGE('',*,*,#698,.F.);
#934=ORIENTED_EDGE('',*,*,#697,.T.);
#935=ORIENTED_EDGE('',*,*,#699,.T.);
#936=ORIENTED_EDGE('',*,*,#689,.F.);
#937=ORIENTED_EDGE('',*,*,#700,.F.);
#938=ORIENTED_EDGE('',*,*,#701,.F.);
#939=ORIENTED_EDGE('',*,*,#702,.F.);
#940=ORIENTED_EDGE('',*,*,#703,.F.);
#941=ORIENTED_EDGE('',*,*,#699,.F.);
#942=ORIENTED_EDGE('',*,*,#696,.F.);
#943=ORIENTED_EDGE('',*,*,#693,.F.);
#944=ORIENTED_EDGE('',*,*,#690,.F.);
#945=ORIENTED_EDGE('',*,*,#704,.F.);
#946=ORIENTED_EDGE('',*,*,#705,.F.);
#947=ORIENTED_EDGE('',*,*,#706,.F.);
#948=ORIENTED_EDGE('',*,*,#707,.F.);
#949=ORIENTED_EDGE('',*,*,#708,.F.);
#950=ORIENTED_EDGE('',*,*,#709,.F.);
#951=ORIENTED_EDGE('',*,*,#710,.T.);
#952=ORIENTED_EDGE('',*,*,#708,.T.);
#953=ORIENTED_EDGE('',*,*,#711,.T.);
#954=ORIENTED_EDGE('',*,*,#712,.T.);
#955=ORIENTED_EDGE('',*,*,#713,.F.);
#956=ORIENTED_EDGE('',*,*,#714,.F.);
#957=ORIENTED_EDGE('',*,*,#715,.F.);
#958=ORIENTED_EDGE('',*,*,#716,.T.);
#959=ORIENTED_EDGE('',*,*,#714,.T.);
#960=ORIENTED_EDGE('',*,*,#681,.T.);
#961=ORIENTED_EDGE('',*,*,#717,.T.);
#962=ORIENTED_EDGE('',*,*,#718,.T.);
#963=ORIENTED_EDGE('',*,*,#719,.T.);
#964=ORIENTED_EDGE('',*,*,#715,.T.);
#965=ORIENTED_EDGE('',*,*,#720,.T.);
#966=ORIENTED_EDGE('',*,*,#704,.T.);
#967=ORIENTED_EDGE('',*,*,#721,.T.);
#968=ORIENTED_EDGE('',*,*,#722,.F.);
#969=ORIENTED_EDGE('',*,*,#723,.F.);
#970=ORIENTED_EDGE('',*,*,#724,.F.);
#971=ORIENTED_EDGE('',*,*,#683,.T.);
#972=ORIENTED_EDGE('',*,*,#723,.T.);
#973=ORIENTED_EDGE('',*,*,#725,.T.);
#974=ORIENTED_EDGE('',*,*,#726,.T.);
#975=ORIENTED_EDGE('',*,*,#713,.T.);
#976=ORIENTED_EDGE('',*,*,#727,.T.);
#977=ORIENTED_EDGE('',*,*,#724,.T.);
#978=ORIENTED_EDGE('',*,*,#682,.T.);
#979=ORIENTED_EDGE('',*,*,#728,.T.);
#980=ORIENTED_EDGE('',*,*,#729,.T.);
#981=ORIENTED_EDGE('',*,*,#709,.T.);
#982=ORIENTED_EDGE('',*,*,#730,.T.);
#983=ORIENTED_EDGE('',*,*,#722,.T.);
#984=ORIENTED_EDGE('',*,*,#731,.T.);
#985=ORIENTED_EDGE('',*,*,#707,.T.);
#986=ORIENTED_EDGE('',*,*,#732,.T.);
#987=ORIENTED_EDGE('',*,*,#706,.T.);
#988=ORIENTED_EDGE('',*,*,#733,.T.);
#989=ORIENTED_EDGE('',*,*,#721,.F.);
#990=ORIENTED_EDGE('',*,*,#732,.F.);
#991=ORIENTED_EDGE('',*,*,#729,.F.);
#992=ORIENTED_EDGE('',*,*,#734,.T.);
#993=ORIENTED_EDGE('',*,*,#735,.T.);
#994=ORIENTED_EDGE('',*,*,#731,.F.);
#995=ORIENTED_EDGE('',*,*,#727,.F.);
#996=ORIENTED_EDGE('',*,*,#719,.F.);
#997=ORIENTED_EDGE('',*,*,#736,.T.);
#998=ORIENTED_EDGE('',*,*,#737,.T.);
#999=ORIENTED_EDGE('',*,*,#738,.T.);
#1000=ORIENTED_EDGE('',*,*,#739,.T.);
#1001=ORIENTED_EDGE('',*,*,#740,.T.);
#1002=ORIENTED_EDGE('',*,*,#741,.T.);
#1003=ORIENTED_EDGE('',*,*,#653,.F.);
#1004=ORIENTED_EDGE('',*,*,#742,.T.);
#1005=ORIENTED_EDGE('',*,*,#734,.F.);
#1006=ORIENTED_EDGE('',*,*,#728,.F.);
#1007=ORIENTED_EDGE('',*,*,#735,.F.);
#1008=ORIENTED_EDGE('',*,*,#742,.F.);
#1009=ORIENTED_EDGE('',*,*,#743,.F.);
#1010=ORIENTED_EDGE('',*,*,#725,.F.);
#1011=ORIENTED_EDGE('',*,*,#730,.F.);
#1012=ORIENTED_EDGE('',*,*,#710,.F.);
#1013=ORIENTED_EDGE('',*,*,#641,.T.);
#1014=ORIENTED_EDGE('',*,*,#638,.T.);
#1015=ORIENTED_EDGE('',*,*,#629,.T.);
#1016=ORIENTED_EDGE('',*,*,#620,.T.);
#1017=ORIENTED_EDGE('',*,*,#607,.T.);
#1018=ORIENTED_EDGE('',*,*,#615,.T.);
#1019=ORIENTED_EDGE('',*,*,#624,.T.);
#1020=ORIENTED_EDGE('',*,*,#633,.T.);
#1021=ORIENTED_EDGE('',*,*,#695,.T.);
#1022=ORIENTED_EDGE('',*,*,#698,.T.);
#1023=ORIENTED_EDGE('',*,*,#688,.T.);
#1024=ORIENTED_EDGE('',*,*,#692,.T.);
#1025=ORIENTED_EDGE('',*,*,#686,.T.);
#1026=ORIENTED_EDGE('',*,*,#659,.F.);
#1027=ORIENTED_EDGE('',*,*,#744,.T.);
#1028=ORIENTED_EDGE('',*,*,#736,.F.);
#1029=ORIENTED_EDGE('',*,*,#718,.F.);
#1030=ORIENTED_EDGE('',*,*,#737,.F.);
#1031=ORIENTED_EDGE('',*,*,#744,.F.);
#1032=ORIENTED_EDGE('',*,*,#745,.T.);
#1033=ORIENTED_EDGE('',*,*,#741,.F.);
#1034=ORIENTED_EDGE('',*,*,#746,.T.);
#1035=ORIENTED_EDGE('',*,*,#703,.T.);
#1036=ORIENTED_EDGE('',*,*,#746,.F.);
#1037=ORIENTED_EDGE('',*,*,#740,.F.);
#1038=ORIENTED_EDGE('',*,*,#747,.T.);
#1039=ORIENTED_EDGE('',*,*,#700,.T.);
#1040=ORIENTED_EDGE('',*,*,#747,.F.);
#1041=ORIENTED_EDGE('',*,*,#739,.F.);
#1042=ORIENTED_EDGE('',*,*,#748,.T.);
#1043=ORIENTED_EDGE('',*,*,#701,.T.);
#1044=ORIENTED_EDGE('',*,*,#748,.F.);
#1045=ORIENTED_EDGE('',*,*,#738,.F.);
#1046=ORIENTED_EDGE('',*,*,#745,.F.);
#1047=ORIENTED_EDGE('',*,*,#702,.T.);
#1048=ORIENTED_EDGE('',*,*,#743,.T.);
#1049=ORIENTED_EDGE('',*,*,#712,.F.);
#1050=ORIENTED_EDGE('',*,*,#749,.T.);
#1051=ORIENTED_EDGE('',*,*,#750,.F.);
#1052=ORIENTED_EDGE('',*,*,#751,.T.);
#1053=ORIENTED_EDGE('',*,*,#717,.F.);
#1054=ORIENTED_EDGE('',*,*,#684,.T.);
#1055=ORIENTED_EDGE('',*,*,#726,.F.);
#1056=ORIENTED_EDGE('',*,*,#590,.F.);
#1057=ORIENTED_EDGE('',*,*,#674,.F.);
#1058=ORIENTED_EDGE('',*,*,#597,.F.);
#1059=ORIENTED_EDGE('',*,*,#598,.F.);
#1060=ORIENTED_EDGE('',*,*,#751,.F.);
#1061=ORIENTED_EDGE('',*,*,#752,.F.);
#1062=ORIENTED_EDGE('',*,*,#720,.F.);
#1063=ORIENTED_EDGE('',*,*,#716,.F.);
#1064=ORIENTED_EDGE('',*,*,#643,.T.);
#1065=ORIENTED_EDGE('',*,*,#635,.T.);
#1066=ORIENTED_EDGE('',*,*,#626,.T.);
#1067=ORIENTED_EDGE('',*,*,#617,.T.);
#1068=ORIENTED_EDGE('',*,*,#611,.T.);
#1069=ORIENTED_EDGE('',*,*,#647,.T.);
#1070=ORIENTED_EDGE('',*,*,#650,.T.);
#1071=ORIENTED_EDGE('',*,*,#652,.T.);
#1072=ORIENTED_EDGE('',*,*,#711,.F.);
#1073=ORIENTED_EDGE('',*,*,#733,.F.);
#1074=ORIENTED_EDGE('',*,*,#753,.F.);
#1075=ORIENTED_EDGE('',*,*,#749,.F.);
#1076=ORIENTED_EDGE('',*,*,#679,.T.);
#1077=ORIENTED_EDGE('',*,*,#676,.F.);
#1078=ORIENTED_EDGE('',*,*,#672,.T.);
#1079=ORIENTED_EDGE('',*,*,#667,.F.);
#1080=ORIENTED_EDGE('',*,*,#670,.F.);
#1081=ORIENTED_EDGE('',*,*,#660,.F.);
#1082=ORIENTED_EDGE('',*,*,#655,.F.);
#1083=ORIENTED_EDGE('',*,*,#665,.F.);
#1084=ORIENTED_EDGE('',*,*,#752,.T.);
#1085=ORIENTED_EDGE('',*,*,#750,.T.);
#1086=ORIENTED_EDGE('',*,*,#753,.T.);
#1087=ORIENTED_EDGE('',*,*,#705,.T.);
#1088=CYLINDRICAL_SURFACE('',#1194,3.);
#1089=CYLINDRICAL_SURFACE('',#1198,3.);
#1090=CYLINDRICAL_SURFACE('',#1207,9.99999999999998);
#1091=CYLINDRICAL_SURFACE('',#1210,9.99999999999998);
#1092=CYLINDRICAL_SURFACE('',#1213,9.99999999999999);
#1093=CYLINDRICAL_SURFACE('',#1219,9.99999999999998);
#1094=CYLINDRICAL_SURFACE('',#1222,9.99999999999998);
#1095=CYLINDRICAL_SURFACE('',#1225,9.99999999999999);
#1096=CYLINDRICAL_SURFACE('',#1230,9.99999999999999);
#1097=CYLINDRICAL_SURFACE('',#1234,9.99999999999999);
#1098=CYLINDRICAL_SURFACE('',#1243,15.);
#1099=CYLINDRICAL_SURFACE('',#1246,15.);
#1100=CYLINDRICAL_SURFACE('',#1249,3.5);
#1101=CYLINDRICAL_SURFACE('',#1253,3.5);
#1102=CYLINDRICAL_SURFACE('',#1256,3.5);
#1103=CYLINDRICAL_SURFACE('',#1258,3.5);
#1104=CYLINDRICAL_SURFACE('',#1259,18.5);
#1105=CYLINDRICAL_SURFACE('',#1274,5.);
#1106=CYLINDRICAL_SURFACE('',#1280,5.);
#1107=CYLINDRICAL_SURFACE('',#1282,5.);
#1108=CYLINDRICAL_SURFACE('',#1287,5.);
#1109=CYLINDRICAL_SURFACE('',#1289,5.);
#1110=CYLINDRICAL_SURFACE('',#1290,5.);
#1111=CYLINDRICAL_SURFACE('',#1291,5.);
#1112=CYLINDRICAL_SURFACE('',#1297,9.);
#1113=CYLINDRICAL_SURFACE('',#1300,9.);
#1114=CYLINDRICAL_SURFACE('',#1310,5.);
#1115=ADVANCED_FACE('',(#67),#1088,.F.);
#1116=ADVANCED_FACE('',(#68),#33,.T.);
#1117=ADVANCED_FACE('',(#69),#1089,.F.);
#1118=ADVANCED_FACE('',(#70),#34,.T.);
#1119=ADVANCED_FACE('',(#71),#35,.T.);
#1120=ADVANCED_FACE('',(#72),#36,.F.);
#1121=ADVANCED_FACE('',(#73),#37,.F.);
#1122=ADVANCED_FACE('',(#74),#1090,.F.);
#1123=ADVANCED_FACE('',(#75),#1091,.F.);
#1124=ADVANCED_FACE('',(#76),#1092,.F.);
#1125=ADVANCED_FACE('',(#77),#38,.F.);
#1126=ADVANCED_FACE('',(#78),#39,.F.);
#1127=ADVANCED_FACE('',(#79),#40,.F.);
#1128=ADVANCED_FACE('',(#80),#1093,.F.);
#1129=ADVANCED_FACE('',(#81),#1094,.F.);
#1130=ADVANCED_FACE('',(#82),#1095,.F.);
#1131=ADVANCED_FACE('',(#83),#41,.F.);
#1132=ADVANCED_FACE('',(#84),#42,.F.);
#1133=ADVANCED_FACE('',(#85),#1096,.F.);
#1134=ADVANCED_FACE('',(#86),#43,.F.);
#1135=ADVANCED_FACE('',(#87),#1097,.F.);
#1136=ADVANCED_FACE('',(#88),#44,.T.);
#1137=ADVANCED_FACE('',(#89,#23),#45,.T.);
#1138=ADVANCED_FACE('',(#90),#46,.T.);
#1139=ADVANCED_FACE('',(#91),#1098,.F.);
#1140=ADVANCED_FACE('',(#92),#1099,.F.);
#1141=ADVANCED_FACE('',(#93),#1100,.F.);
#1142=ADVANCED_FACE('',(#94,#24),#47,.T.);
#1143=ADVANCED_FACE('',(#95),#48,.T.);
#1144=ADVANCED_FACE('',(#96),#1101,.F.);
#1145=ADVANCED_FACE('',(#97,#25),#49,.T.);
#1146=ADVANCED_FACE('',(#98),#1102,.T.);
#1147=ADVANCED_FACE('',(#99,#26),#50,.T.);
#1148=ADVANCED_FACE('',(#100),#1103,.T.);
#1149=ADVANCED_FACE('',(#101),#1104,.F.);
#1150=ADVANCED_FACE('',(#102),#51,.F.);
#1151=ADVANCED_FACE('',(#103),#52,.F.);
#1152=ADVANCED_FACE('',(#104),#53,.F.);
#1153=ADVANCED_FACE('',(#105),#54,.F.);
#1154=ADVANCED_FACE('',(#106,#27),#55,.F.);
#1155=ADVANCED_FACE('',(#107),#15,.T.);
#1156=ADVANCED_FACE('',(#108),#16,.T.);
#1157=ADVANCED_FACE('',(#109),#1105,.T.);
#1158=ADVANCED_FACE('',(#110),#17,.T.);
#1159=ADVANCED_FACE('',(#111),#1106,.T.);
#1160=ADVANCED_FACE('',(#112),#1107,.T.);
#1161=ADVANCED_FACE('',(#113),#18,.T.);
#1162=ADVANCED_FACE('',(#114),#1108,.T.);
#1163=ADVANCED_FACE('',(#115),#1109,.T.);
#1164=ADVANCED_FACE('',(#116),#1110,.T.);
#1165=ADVANCED_FACE('',(#117),#1111,.T.);
#1166=ADVANCED_FACE('',(#118,#28),#56,.F.);
#1167=ADVANCED_FACE('',(#119),#1112,.F.);
#1168=ADVANCED_FACE('',(#120,#29),#57,.T.);
#1169=ADVANCED_FACE('',(#121,#30),#58,.F.);
#1170=ADVANCED_FACE('',(#122),#1113,.F.);
#1171=ADVANCED_FACE('',(#123),#59,.T.);
#1172=ADVANCED_FACE('',(#124),#60,.T.);
#1173=ADVANCED_FACE('',(#125),#61,.T.);
#1174=ADVANCED_FACE('',(#126),#62,.T.);
#1175=ADVANCED_FACE('',(#127),#63,.T.);
#1176=ADVANCED_FACE('',(#128),#64,.T.);
#1177=ADVANCED_FACE('',(#129,#31),#65,.T.);
#1178=ADVANCED_FACE('',(#130,#32),#66,.T.);
#1179=ADVANCED_FACE('',(#131),#1114,.T.);
#1180=CLOSED_SHELL('',(#1115,#1116,#1117,#1118,#1119,#1120,#1121,#1122,
#1123,#1124,#1125,#1126,#1127,#1128,#1129,#1130,#1131,#1132,#1133,#1134,
#1135,#1136,#1137,#1138,#1139,#1140,#1141,#1142,#1143,#1144,#1145,#1146,
#1147,#1148,#1149,#1150,#1151,#1152,#1153,#1154,#1155,#1156,#1157,#1158,
#1159,#1160,#1161,#1162,#1163,#1164,#1165,#1166,#1167,#1168,#1169,#1170,
#1171,#1172,#1173,#1174,#1175,#1176,#1177,#1178,#1179));
#1181=DERIVED_UNIT_ELEMENT(#1183,1.);
#1182=DERIVED_UNIT_ELEMENT(#2058,-3.);
#1183=(
MASS_UNIT()
NAMED_UNIT(*)
SI_UNIT(.KILO.,.GRAM.)
);
#1184=DERIVED_UNIT((#1181,#1182));
#1185=MEASURE_REPRESENTATION_ITEM('density measure',
POSITIVE_RATIO_MEASURE(7850.),#1184);
#1186=PROPERTY_DEFINITION_REPRESENTATION(#1191,#1188);
#1187=PROPERTY_DEFINITION_REPRESENTATION(#1192,#1189);
#1188=REPRESENTATION('material name',(#1190),#2055);
#1189=REPRESENTATION('density',(#1185),#2055);
#1190=DESCRIPTIVE_REPRESENTATION_ITEM('Steel','Steel');
#1191=PROPERTY_DEFINITION('material property','material name',#2065);
#1192=PROPERTY_DEFINITION('material property','density of part',#2065);
#1193=AXIS2_PLACEMENT_3D('',#1658,#1311,#1312);
#1194=AXIS2_PLACEMENT_3D('',#1659,#1313,#1314);
#1195=AXIS2_PLACEMENT_3D('',#1662,#1315,#1316);
#1196=AXIS2_PLACEMENT_3D('',#1666,#1318,#1319);
#1197=AXIS2_PLACEMENT_3D('',#1668,#1321,#1322);
#1198=AXIS2_PLACEMENT_3D('',#1674,#1326,#1327);
#1199=AXIS2_PLACEMENT_3D('',#1677,#1328,#1329);
#1200=AXIS2_PLACEMENT_3D('',#1681,#1331,#1332);
#1201=AXIS2_PLACEMENT_3D('',#1683,#1334,#1335);
#1202=AXIS2_PLACEMENT_3D('',#1688,#1338,#1339);
#1203=AXIS2_PLACEMENT_3D('',#1691,#1341,#1342);
#1204=AXIS2_PLACEMENT_3D('',#1692,#1343,#1344);
#1205=AXIS2_PLACEMENT_3D('',#1696,#1347,#1348);
#1206=AXIS2_PLACEMENT_3D('',#1705,#1353,#1354);
#1207=AXIS2_PLACEMENT_3D('',#1714,#1359,#1360);
#1208=AXIS2_PLACEMENT_3D('',#1716,#1361,#1362);
#1209=AXIS2_PLACEMENT_3D('',#1719,#1364,#1365);
#1210=AXIS2_PLACEMENT_3D('',#1720,#1366,#1367);
#1211=AXIS2_PLACEMENT_3D('',#1722,#1368,#1369);
#1212=AXIS2_PLACEMENT_3D('',#1724,#1370,#1371);
#1213=AXIS2_PLACEMENT_3D('',#1726,#1373,#1374);
#1214=AXIS2_PLACEMENT_3D('',#1728,#1375,#1376);
#1215=AXIS2_PLACEMENT_3D('',#1730,#1377,#1378);
#1216=AXIS2_PLACEMENT_3D('',#1732,#1380,#1381);
#1217=AXIS2_PLACEMENT_3D('',#1738,#1385,#1386);
#1218=AXIS2_PLACEMENT_3D('',#1744,#1390,#1391);
#1219=AXIS2_PLACEMENT_3D('',#1750,#1395,#1396);
#1220=AXIS2_PLACEMENT_3D('',#1752,#1397,#1398);
#1221=AXIS2_PLACEMENT_3D('',#1755,#1400,#1401);
#1222=AXIS2_PLACEMENT_3D('',#1756,#1402,#1403);
#1223=AXIS2_PLACEMENT_3D('',#1758,#1404,#1405);
#1224=AXIS2_PLACEMENT_3D('',#1760,#1406,#1407);
#1225=AXIS2_PLACEMENT_3D('',#1762,#1409,#1410);
#1226=AXIS2_PLACEMENT_3D('',#1764,#1411,#1412);
#1227=AXIS2_PLACEMENT_3D('',#1766,#1413,#1414);
#1228=AXIS2_PLACEMENT_3D('',#1768,#1416,#1417);
#1229=AXIS2_PLACEMENT_3D('',#1771,#1420,#1421);
#1230=AXIS2_PLACEMENT_3D('',#1777,#1425,#1426);
#1231=AXIS2_PLACEMENT_3D('',#1779,#1427,#1428);
#1232=AXIS2_PLACEMENT_3D('',#1782,#1430,#1431);
#1233=AXIS2_PLACEMENT_3D('',#1783,#1432,#1433);
#1234=AXIS2_PLACEMENT_3D('',#1789,#1437,#1438);
#1235=AXIS2_PLACEMENT_3D('',#1790,#1439,#1440);
#1236=AXIS2_PLACEMENT_3D('',#1791,#1441,#1442);
#1237=AXIS2_PLACEMENT_3D('',#1792,#1443,#1444);
#1238=AXIS2_PLACEMENT_3D('',#1794,#1445,#1446);
#1239=AXIS2_PLACEMENT_3D('',#1795,#1447,#1448);
#1240=AXIS2_PLACEMENT_3D('',#1805,#1453,#1454);
#1241=AXIS2_PLACEMENT_3D('',#1806,#1455,#1456);
#1242=AXIS2_PLACEMENT_3D('',#1808,#1457,#1458);
#1243=AXIS2_PLACEMENT_3D('',#1809,#1459,#1460);
#1244=AXIS2_PLACEMENT_3D('',#1811,#1461,#1462);
#1245=AXIS2_PLACEMENT_3D('',#1814,#1464,#1465);
#1246=AXIS2_PLACEMENT_3D('',#1815,#1466,#1467);
#1247=AXIS2_PLACEMENT_3D('',#1817,#1468,#1469);
#1248=AXIS2_PLACEMENT_3D('',#1820,#1471,#1472);
#1249=AXIS2_PLACEMENT_3D('',#1821,#1473,#1474);
#1250=AXIS2_PLACEMENT_3D('',#1826,#1476,#1477);
#1251=AXIS2_PLACEMENT_3D('',#1844,#1479,#1480);
#1252=AXIS2_PLACEMENT_3D('',#1847,#1483,#1484);
#1253=AXIS2_PLACEMENT_3D('',#1852,#1488,#1489);
#1254=AXIS2_PLACEMENT_3D('',#1871,#1490,#1491);
#1255=AXIS2_PLACEMENT_3D('',#1873,#1493,#1494);
#1256=AXIS2_PLACEMENT_3D('',#1876,#1497,#1498);
#1257=AXIS2_PLACEMENT_3D('',#1878,#1500,#1501);
#1258=AXIS2_PLACEMENT_3D('',#1888,#1507,#1508);
#1259=AXIS2_PLACEMENT_3D('',#1889,#1509,#1510);
#1260=AXIS2_PLACEMENT_3D('',#1891,#1511,#1512);
#1261=AXIS2_PLACEMENT_3D('',#1893,#1514,#1515);
#1262=AXIS2_PLACEMENT_3D('',#1902,#1520,#1521);
#1263=AXIS2_PLACEMENT_3D('',#1908,#1525,#1526);
#1264=AXIS2_PLACEMENT_3D('',#1914,#1530,#1531);
#1265=AXIS2_PLACEMENT_3D('',#1917,#1534,#1535);
#1266=AXIS2_PLACEMENT_3D('',#1926,#1540,#1541);
#1267=AXIS2_PLACEMENT_3D('',#1929,#1542,#1543);
#1268=AXIS2_PLACEMENT_3D('',#1931,#1544,#1545);
#1269=AXIS2_PLACEMENT_3D('',#1932,#1546,#1547);
#1270=AXIS2_PLACEMENT_3D('',#1933,#1548,#1549);
#1271=AXIS2_PLACEMENT_3D('',#1936,#1550,#1551);
#1272=AXIS2_PLACEMENT_3D('',#1938,#1552,#1553);
#1273=AXIS2_PLACEMENT_3D('',#1939,#1554,#1555);
#1274=AXIS2_PLACEMENT_3D('',#1940,#1556,#1557);
#1275=AXIS2_PLACEMENT_3D('',#1945,#1560,#1561);
#1276=AXIS2_PLACEMENT_3D('',#1946,#1562,#1563);
#1277=AXIS2_PLACEMENT_3D('',#1948,#1564,#1565);
#1278=AXIS2_PLACEMENT_3D('',#1950,#1566,#1567);
#1279=AXIS2_PLACEMENT_3D('',#1951,#1568,#1569);
#1280=AXIS2_PLACEMENT_3D('',#1952,#1570,#1571);
#1281=AXIS2_PLACEMENT_3D('',#1955,#1573,#1574);
#1282=AXIS2_PLACEMENT_3D('',#1956,#1575,#1576);
#1283=AXIS2_PLACEMENT_3D('',#1976,#1580,#1581);
#1284=AXIS2_PLACEMENT_3D('',#1979,#1582,#1583);
#1285=AXIS2_PLACEMENT_3D('',#1980,#1584,#1585);
#1286=AXIS2_PLACEMENT_3D('',#1981,#1586,#1587);
#1287=AXIS2_PLACEMENT_3D('',#1982,#1588,#1589);
#1288=AXIS2_PLACEMENT_3D('',#1985,#1591,#1592);
#1289=AXIS2_PLACEMENT_3D('',#1986,#1593,#1594);
#1290=AXIS2_PLACEMENT_3D('',#1988,#1596,#1597);
#1291=AXIS2_PLACEMENT_3D('',#2008,#1601,#1602);
#1292=AXIS2_PLACEMENT_3D('',#2011,#1605,#1606);
#1293=AXIS2_PLACEMENT_3D('',#2013,#1607,#1608);
#1294=AXIS2_PLACEMENT_3D('',#2014,#1609,#1610);
#1295=AXIS2_PLACEMENT_3D('',#2016,#1611,#1612);
#1296=AXIS2_PLACEMENT_3D('',#2017,#1613,#1614);
#1297=AXIS2_PLACEMENT_3D('',#2026,#1619,#1620);
#1298=AXIS2_PLACEMENT_3D('',#2028,#1622,#1623);
#1299=AXIS2_PLACEMENT_3D('',#2030,#1625,#1626);
#1300=AXIS2_PLACEMENT_3D('',#2031,#1627,#1628);
#1301=AXIS2_PLACEMENT_3D('',#2033,#1630,#1631);
#1302=AXIS2_PLACEMENT_3D('',#2036,#1634,#1635);
#1303=AXIS2_PLACEMENT_3D('',#2038,#1637,#1638);
#1304=AXIS2_PLACEMENT_3D('',#2040,#1640,#1641);
#1305=AXIS2_PLACEMENT_3D('',#2041,#1642,#1643);
#1306=AXIS2_PLACEMENT_3D('',#2045,#1645,#1646);
#1307=AXIS2_PLACEMENT_3D('',#2047,#1648,#1649);
#1308=AXIS2_PLACEMENT_3D('',#2048,#1650,#1651);
#1309=AXIS2_PLACEMENT_3D('',#2050,#1653,#1654);
#1310=AXIS2_PLACEMENT_3D('',#2052,#1656,#1657);
#1311=DIRECTION('axis',(0.,0.,1.));
#1312=DIRECTION('refdir',(1.,0.,0.));
#1313=DIRECTION('center_axis',(0.,0.,-1.));
#1314=DIRECTION('ref_axis',(-0.707106781186545,0.70710678118655,0.));
#1315=DIRECTION('center_axis',(0.,0.,1.));
#1316=DIRECTION('ref_axis',(-0.707106781186545,0.70710678118655,0.));
#1317=DIRECTION('',(0.,0.,1.));
#1318=DIRECTION('center_axis',(0.,0.,1.));
#1319=DIRECTION('ref_axis',(-0.707106781186545,0.70710678118655,0.));
#1320=DIRECTION('',(0.,0.,-1.));
#1321=DIRECTION('center_axis',(0.,-1.,0.));
#1322=DIRECTION('ref_axis',(1.,0.,0.));
#1323=DIRECTION('',(-1.,0.,0.));
#1324=DIRECTION('',(0.,0.,-1.));
#1325=DIRECTION('',(-1.,0.,0.));
#1326=DIRECTION('center_axis',(0.,0.,1.));
#1327=DIRECTION('ref_axis',(-0.707106781186546,-0.707106781186549,0.));
#1328=DIRECTION('center_axis',(0.,0.,1.));
#1329=DIRECTION('ref_axis',(-0.707106781186546,-0.707106781186549,0.));
#1330=DIRECTION('',(0.,0.,-1.));
#1331=DIRECTION('center_axis',(0.,0.,1.));
#1332=DIRECTION('ref_axis',(-0.707106781186546,-0.707106781186549,0.));
#1333=DIRECTION('',(0.,0.,1.));
#1334=DIRECTION('center_axis',(0.,0.,1.));
#1335=DIRECTION('ref_axis',(1.,0.,0.));
#1336=DIRECTION('',(0.,-1.,0.));
#1337=DIRECTION('',(1.,0.,0.));
#1338=DIRECTION('center_axis',(0.,0.,-1.));
#1339=DIRECTION('ref_axis',(0.707106781186547,0.707106781186548,0.));
#1340=DIRECTION('',(0.,-1.,0.));
#1341=DIRECTION('center_axis',(0.,0.,-1.));
#1342=DIRECTION('ref_axis',(0.707106781186548,-0.707106781186548,0.));
#1343=DIRECTION('center_axis',(0.,1.,0.));
#1344=DIRECTION('ref_axis',(-1.,0.,0.));
#1345=DIRECTION('',(1.,0.,0.));
#1346=DIRECTION('',(0.,0.,1.));
#1347=DIRECTION('center_axis',(1.,0.,0.));
#1348=DIRECTION('ref_axis',(0.,0.,-1.));
#1349=DIRECTION('',(0.,-9.37521665239021E-15,1.));
#1350=DIRECTION('',(0.,1.,0.));
#1351=DIRECTION('',(0.,9.62193288008469E-15,-1.));
#1352=DIRECTION('',(0.,1.,0.));
#1353=DIRECTION('center_axis',(1.,0.,0.));
#1354=DIRECTION('ref_axis',(0.,0.,-1.));
#1355=DIRECTION('',(0.,9.37521665239021E-15,-1.));
#1356=DIRECTION('',(0.,1.,0.));
#1357=DIRECTION('',(0.,-9.62193288008469E-15,1.));
#1358=DIRECTION('',(0.,1.,0.));
#1359=DIRECTION('center_axis',(0.,1.,0.));
#1360=DIRECTION('ref_axis',(-7.77156117237611E-16,0.,-1.));
#1361=DIRECTION('center_axis',(-2.22044604925031E-16,-1.,-9.37521665239021E-15));
#1362=DIRECTION('ref_axis',(-7.77156117237611E-16,0.,-1.));
#1363=DIRECTION('',(0.,1.,0.));
#1364=DIRECTION('center_axis',(-4.44089209850058E-16,1.,9.62193288008469E-15));
#1365=DIRECTION('ref_axis',(-7.77156117237611E-16,0.,-1.));
#1366=DIRECTION('center_axis',(0.,1.,0.));
#1367=DIRECTION('ref_axis',(-7.77156117237611E-16,0.,-1.));
#1368=DIRECTION('center_axis',(8.88178419700125E-16,1.,9.37521665239021E-15));
#1369=DIRECTION('ref_axis',(-7.77156117237611E-16,0.,-1.));
#1370=DIRECTION('center_axis',(8.8817841970013E-16,-1.,-9.62193288008469E-15));
#1371=DIRECTION('ref_axis',(-7.77156117237611E-16,0.,-1.));
#1372=DIRECTION('',(0.,1.,0.));
#1373=DIRECTION('center_axis',(0.,1.,0.));
#1374=DIRECTION('ref_axis',(1.,0.,-4.44089209850063E-16));
#1375=DIRECTION('center_axis',(-2.22044604925031E-16,-1.,-9.37521665239021E-15));
#1376=DIRECTION('ref_axis',(1.,0.,-4.44089209850063E-16));
#1377=DIRECTION('center_axis',(-4.44089209850058E-16,1.,9.62193288008469E-15));
#1378=DIRECTION('ref_axis',(1.,0.,-4.44089209850063E-16));
#1379=DIRECTION('',(0.,1.,0.));
#1380=DIRECTION('center_axis',(0.,0.,-1.));
#1381=DIRECTION('ref_axis',(-1.,0.,0.));
#1382=DIRECTION('',(1.,-2.22044604925031E-16,0.));
#1383=DIRECTION('',(0.,1.,0.));
#1384=DIRECTION('',(-1.,-4.44089209850058E-16,0.));
#1385=DIRECTION('center_axis',(0.,0.,-1.));
#1386=DIRECTION('ref_axis',(-1.,0.,0.));
#1387=DIRECTION('',(-1.,8.88178419700125E-16,0.));
#1388=DIRECTION('',(1.,8.8817841970013E-16,0.));
#1389=DIRECTION('',(0.,1.,0.));
#1390=DIRECTION('center_axis',(0.,0.,1.));
#1391=DIRECTION('ref_axis',(1.,-3.65594466036883E-29,0.));
#1392=DIRECTION('',(-1.,2.22044604925031E-16,0.));
#1393=DIRECTION('',(1.,4.44089209850058E-16,0.));
#1394=DIRECTION('',(0.,1.,0.));
#1395=DIRECTION('center_axis',(0.,1.,0.));
#1396=DIRECTION('ref_axis',(-1.,0.,8.88178419700127E-16));
#1397=DIRECTION('center_axis',(-2.22044604925031E-16,-1.,-9.37521665239021E-15));
#1398=DIRECTION('ref_axis',(-1.,0.,8.88178419700127E-16));
#1399=DIRECTION('',(0.,1.,0.));
#1400=DIRECTION('center_axis',(-4.44089209850058E-16,1.,9.62193288008469E-15));
#1401=DIRECTION('ref_axis',(-1.,0.,8.88178419700127E-16));
#1402=DIRECTION('center_axis',(0.,1.,0.));
#1403=DIRECTION('ref_axis',(-1.,0.,8.88178419700127E-16));
#1404=DIRECTION('center_axis',(8.88178419700125E-16,1.,9.37521665239021E-15));
#1405=DIRECTION('ref_axis',(-1.,0.,8.88178419700127E-16));
#1406=DIRECTION('center_axis',(8.8817841970013E-16,-1.,-9.62193288008469E-15));
#1407=DIRECTION('ref_axis',(-1.,0.,8.88178419700127E-16));
#1408=DIRECTION('',(0.,1.,0.));
#1409=DIRECTION('center_axis',(0.,1.,0.));
#1410=DIRECTION('ref_axis',(4.44089209850063E-16,0.,1.));
#1411=DIRECTION('center_axis',(-2.22044604925031E-16,-1.,-9.37521665239021E-15));
#1412=DIRECTION('ref_axis',(4.44089209850063E-16,0.,1.));
#1413=DIRECTION('center_axis',(-4.44089209850058E-16,1.,9.62193288008469E-15));
#1414=DIRECTION('ref_axis',(4.44089209850063E-16,0.,1.));
#1415=DIRECTION('',(0.,1.,0.));
#1416=DIRECTION('center_axis',(-1.,0.,0.));
#1417=DIRECTION('ref_axis',(0.,1.66179302744038E-29,1.));
#1418=DIRECTION('',(0.,9.37521665239021E-15,-1.));
#1419=DIRECTION('',(0.,-9.62193288008469E-15,1.));
#1420=DIRECTION('center_axis',(-1.,0.,0.));
#1421=DIRECTION('ref_axis',(0.,1.66179302744038E-29,1.));
#1422=DIRECTION('',(0.,-9.37521665239021E-15,1.));
#1423=DIRECTION('',(0.,9.62193288008469E-15,-1.));
#1424=DIRECTION('',(0.,1.,0.));
#1425=DIRECTION('center_axis',(0.,1.,0.));
#1426=DIRECTION('ref_axis',(1.,0.,-4.44089209850063E-16));
#1427=DIRECTION('center_axis',(8.88178419700125E-16,1.,9.37521665239021E-15));
#1428=DIRECTION('ref_axis',(1.,0.,-4.44089209850063E-16));
#1429=DIRECTION('',(0.,1.,0.));
#1430=DIRECTION('center_axis',(8.8817841970013E-16,-1.,-9.62193288008469E-15));
#1431=DIRECTION('ref_axis',(1.,0.,-4.44089209850063E-16));
#1432=DIRECTION('center_axis',(0.,0.,1.));
#1433=DIRECTION('ref_axis',(1.,-3.65594466036883E-29,0.));
#1434=DIRECTION('',(1.,-8.88178419700125E-16,0.));
#1435=DIRECTION('',(0.,1.,0.));
#1436=DIRECTION('',(-1.,-8.8817841970013E-16,0.));
#1437=DIRECTION('center_axis',(0.,1.,0.));
#1438=DIRECTION('ref_axis',(4.44089209850063E-16,0.,1.));
#1439=DIRECTION('center_axis',(8.88178419700125E-16,1.,9.37521665239021E-15));
#1440=DIRECTION('ref_axis',(4.44089209850063E-16,0.,1.));
#1441=DIRECTION('center_axis',(8.8817841970013E-16,-1.,-9.62193288008469E-15));
#1442=DIRECTION('ref_axis',(4.44089209850063E-16,0.,1.));
#1443=DIRECTION('center_axis',(-1.66646866227939E-29,-9.38138455808256E-15,
1.));
#1444=DIRECTION('ref_axis',(-1.77635683940025E-15,-1.,-9.38138455808256E-15));
#1445=DIRECTION('center_axis',(0.,-9.38138455808256E-15,1.));
#1446=DIRECTION('ref_axis',(1.,0.,0.));
#1447=DIRECTION('center_axis',(0.,9.38138455808256E-15,-1.));
#1448=DIRECTION('ref_axis',(1.,0.,0.));
#1449=DIRECTION('',(-1.,1.77635683940025E-15,0.));
#1450=DIRECTION('',(0.,1.,3.15231686887027E-14));
#1451=DIRECTION('',(-1.,0.,0.));
#1452=DIRECTION('',(0.,-1.,1.27603995725376E-14));
#1453=DIRECTION('center_axis',(0.,-9.38138455808256E-15,1.));
#1454=DIRECTION('ref_axis',(-1.,0.,0.));
#1455=DIRECTION('center_axis',(0.,-9.38138455808256E-15,1.));
#1456=DIRECTION('ref_axis',(0.,-1.,-9.38138455808256E-15));
#1457=DIRECTION('center_axis',(0.,-9.38138455808256E-15,1.));
#1458=DIRECTION('ref_axis',(1.,0.,0.));
#1459=DIRECTION('center_axis',(1.,-8.88178419700125E-16,-8.33234331139692E-30));
#1460=DIRECTION('ref_axis',(4.18691322315673E-16,0.707106781186541,0.707106781186554));
#1461=DIRECTION('center_axis',(-1.,0.,0.));
#1462=DIRECTION('ref_axis',(4.18691322315673E-16,0.707106781186541,0.707106781186554));
#1463=DIRECTION('',(1.,-8.88178419700125E-16,-8.33234331139692E-30));
#1464=DIRECTION('center_axis',(1.,0.,0.));
#1465=DIRECTION('ref_axis',(0.,0.707106781186541,0.707106781186554));
#1466=DIRECTION('center_axis',(-1.,2.22044604925031E-16,2.08308582784923E-30));
#1467=DIRECTION('ref_axis',(-1.57009245868377E-16,-0.707106781186554,0.707106781186541));
#1468=DIRECTION('center_axis',(1.,0.,0.));
#1469=DIRECTION('ref_axis',(-1.57009245868377E-16,-0.707106781186554,0.707106781186541));
#1470=DIRECTION('',(-1.,2.22044604925031E-16,2.08308582784923E-30));
#1471=DIRECTION('center_axis',(-1.,0.,0.));
#1472=DIRECTION('ref_axis',(0.,-0.707106781186554,0.707106781186541));
#1473=DIRECTION('center_axis',(1.,-8.88178419700125E-16,0.));
#1474=DIRECTION('ref_axis',(0.,0.707106781186549,-0.707106781186546));
#1475=DIRECTION('',(-1.,8.88178419700125E-16,0.));
#1476=DIRECTION('center_axis',(-1.,0.,0.));
#1477=DIRECTION('ref_axis',(0.,0.707106781186549,-0.707106781186546));
#1478=DIRECTION('',(-1.,0.,0.));
#1479=DIRECTION('center_axis',(-8.88178419700125E-16,-1.,-9.37521665239021E-15));
#1480=DIRECTION('ref_axis',(-1.,8.88178419700125E-16,8.33234331139693E-30));
#1481=DIRECTION('',(0.,9.37521665239021E-15,-1.));
#1482=DIRECTION('',(0.,9.37521665239021E-15,-1.));
#1483=DIRECTION('center_axis',(0.,0.,1.));
#1484=DIRECTION('ref_axis',(1.,0.,0.));
#1485=DIRECTION('',(0.,1.,0.));
#1486=DIRECTION('',(1.,0.,0.));
#1487=DIRECTION('',(0.,1.,0.));
#1488=DIRECTION('center_axis',(-1.,2.22044604925031E-16,0.));
#1489=DIRECTION('ref_axis',(0.,-0.707106781186542,-0.707106781186552));
#1490=DIRECTION('center_axis',(-1.,0.,0.));
#1491=DIRECTION('ref_axis',(0.,-0.707106781186542,-0.707106781186552));
#1492=DIRECTION('',(1.,-2.22044604925031E-16,0.));
#1493=DIRECTION('center_axis',(2.22044604925031E-16,1.,9.37521665239021E-15));
#1494=DIRECTION('ref_axis',(1.,-2.22044604925031E-16,-2.08308582784923E-30));
#1495=DIRECTION('',(0.,9.37521665239021E-15,-1.));
#1496=DIRECTION('',(0.,9.37521665239021E-15,-1.));
#1497=DIRECTION('center_axis',(0.,0.,-1.));
#1498=DIRECTION('ref_axis',(0.707106781186548,-0.707106781186548,0.));
#1499=DIRECTION('',(0.,9.37521665239021E-15,-1.));
#1500=DIRECTION('center_axis',(1.,0.,0.));
#1501=DIRECTION('ref_axis',(0.,1.,-1.27603995725376E-14));
#1502=DIRECTION('',(0.,9.62193288008469E-15,-1.));
#1503=DIRECTION('',(0.,1.,9.38138455808256E-15));
#1504=DIRECTION('',(0.,-9.62193288008469E-15,1.));
#1505=DIRECTION('',(0.,-1.,1.27603995725376E-14));
#1506=DIRECTION('',(0.,9.37521665239021E-15,-1.));
#1507=DIRECTION('center_axis',(0.,0.,1.));
#1508=DIRECTION('ref_axis',(0.707106781186547,0.707106781186548,0.));
#1509=DIRECTION('center_axis',(0.,0.,-1.));
#1510=DIRECTION('ref_axis',(-1.,0.,0.));
#1511=DIRECTION('center_axis',(0.,9.38138455808256E-15,-1.));
#1512=DIRECTION('ref_axis',(-1.,0.,0.));
#1513=DIRECTION('',(0.,0.,-1.));
#1514=DIRECTION('center_axis',(1.,0.,0.));
#1515=DIRECTION('ref_axis',(0.,-1.,0.));
#1516=DIRECTION('',(0.,-1.,-9.38138455808256E-15));
#1517=DIRECTION('',(0.,0.,-1.));
#1518=DIRECTION('',(0.,-1.,0.));
#1519=DIRECTION('',(0.,0.,-1.));
#1520=DIRECTION('center_axis',(-1.66400333427032E-18,1.,0.));
#1521=DIRECTION('ref_axis',(1.,1.66400333427032E-18,0.));
#1522=DIRECTION('',(1.,1.66400333427032E-18,1.56106551847215E-32));
#1523=DIRECTION('',(1.,1.66400333427032E-18,0.));
#1524=DIRECTION('',(0.,0.,-1.));
#1525=DIRECTION('center_axis',(-1.,4.32640866910283E-17,0.));
#1526=DIRECTION('ref_axis',(4.32640866910283E-17,1.,0.));
#1527=DIRECTION('',(4.32640866910283E-17,1.,9.38138455808256E-15));
#1528=DIRECTION('',(4.32640866910283E-17,1.,0.));
#1529=DIRECTION('',(0.,0.,-1.));
#1530=DIRECTION('center_axis',(0.,-1.,0.));
#1531=DIRECTION('ref_axis',(-1.,0.,0.));
#1532=DIRECTION('',(-1.,0.,0.));
#1533=DIRECTION('',(-1.,0.,0.));
#1534=DIRECTION('center_axis',(0.,0.,-1.));
#1535=DIRECTION('ref_axis',(-1.,0.,0.));
#1536=DIRECTION('',(8.12516850574617E-19,-1.,0.));
#1537=DIRECTION('',(1.,0.,0.));
#1538=DIRECTION('',(0.,1.,0.));
#1539=DIRECTION('',(-1.,-1.62503370114923E-18,0.));
#1540=DIRECTION('center_axis',(-0.408248290463858,-0.816496580927729,0.408248290463862));
#1541=DIRECTION('ref_axis',(-0.577350269189626,0.577350269189621,0.577350269189631));
#1542=DIRECTION('center_axis',(-1.,-1.71084208819807E-29,1.77635683940025E-15));
#1543=DIRECTION('ref_axis',(-1.40129846432482E-44,1.,9.63118473862323E-15));
#1544=DIRECTION('center_axis',(0.,-9.54791801177635E-15,1.));
#1545=DIRECTION('ref_axis',(-1.,0.,0.));
#1546=DIRECTION('center_axis',(-1.77635683940025E-15,1.,8.88178419700125E-15));
#1547=DIRECTION('ref_axis',(0.,-8.88178419700125E-15,1.));
#1548=DIRECTION('center_axis',(-0.816496580927727,0.408248290463867,-0.408248290463857));
#1549=DIRECTION('ref_axis',(-0.577350269189625,-0.577350269189633,0.57735026918962));
#1550=DIRECTION('center_axis',(0.,-1.,-1.06581410364015E-14));
#1551=DIRECTION('ref_axis',(-1.,0.,0.));
#1552=DIRECTION('center_axis',(0.,-9.54791801177635E-15,1.));
#1553=DIRECTION('ref_axis',(0.,-1.,-9.54791801177635E-15));
#1554=DIRECTION('center_axis',(-1.,0.,0.));
#1555=DIRECTION('ref_axis',(0.,-9.32587340685131E-15,1.));
#1556=DIRECTION('center_axis',(0.,9.62193288008469E-15,-1.));
#1557=DIRECTION('ref_axis',(-0.707106781186548,-0.707106781186548,-6.80373398762969E-15));
#1558=DIRECTION('',(0.,-9.62193288008469E-15,1.));
#1559=DIRECTION('',(0.,9.62193288008469E-15,-1.));
#1560=DIRECTION('center_axis',(0.,-9.37521665239021E-15,1.));
#1561=DIRECTION('ref_axis',(-0.707106781186548,-0.707106781186548,-6.62927926999816E-15));
#1562=DIRECTION('center_axis',(0.408248290463858,-0.816496580927729,0.408248290463863));
#1563=DIRECTION('ref_axis',(0.577350269189624,0.577350269189622,0.577350269189632));
#1564=DIRECTION('center_axis',(0.,1.,8.88178419700125E-15));
#1565=DIRECTION('ref_axis',(1.,0.,0.));
#1566=DIRECTION('center_axis',(0.,-9.54791801177636E-15,1.));
#1567=DIRECTION('ref_axis',(-8.88178419700127E-16,1.,9.54791801177636E-15));
#1568=DIRECTION('center_axis',(1.,8.88178419700125E-16,7.88860905221012E-30));
#1569=DIRECTION('ref_axis',(-4.20389539297445E-45,-8.88178419700125E-15,
1.));
#1570=DIRECTION('center_axis',(0.,9.62193288008469E-15,-1.));
#1571=DIRECTION('ref_axis',(0.707106781186549,0.707106781186546,6.80373398762968E-15));
#1572=DIRECTION('',(0.,-9.62193288008469E-15,1.));
#1573=DIRECTION('center_axis',(0.,-9.37521665239021E-15,1.));
#1574=DIRECTION('ref_axis',(0.707106781186549,0.707106781186546,6.62927926999815E-15));
#1575=DIRECTION('center_axis',(-1.,-8.8817841970013E-16,-8.33234331139697E-30));
#1576=DIRECTION('ref_axis',(-6.28036983473513E-16,0.70710678118654,0.707106781186555));
#1577=DIRECTION('',(1.,8.8817841970013E-16,8.33234331139697E-30));
#1578=DIRECTION('',(-1.,-8.8817841970013E-16,-8.33234331139697E-30));
#1579=DIRECTION('',(1.,8.8817841970013E-16,8.33234331139697E-30));
#1580=DIRECTION('center_axis',(-0.816496580927725,-0.408248290463868,0.40824829046386));
#1581=DIRECTION('ref_axis',(0.577350269189627,-0.577350269189631,0.57735026918962));
#1582=DIRECTION('center_axis',(1.,0.,0.));
#1583=DIRECTION('ref_axis',(0.,-1.,-9.63118473862323E-15));
#1584=DIRECTION('center_axis',(0.,-9.54791801177635E-15,1.));
#1585=DIRECTION('ref_axis',(1.,0.,0.));
#1586=DIRECTION('center_axis',(4.44089209850063E-16,-1.,-9.32587340685131E-15));
#1587=DIRECTION('ref_axis',(0.,-9.32587340685131E-15,1.));
#1588=DIRECTION('center_axis',(0.,9.62193288008469E-15,-1.));
#1589=DIRECTION('ref_axis',(0.707106781186548,-0.707106781186547,-6.80373398762969E-15));
#1590=DIRECTION('',(0.,9.62193288008469E-15,-1.));
#1591=DIRECTION('center_axis',(0.,-9.37521665239021E-15,1.));
#1592=DIRECTION('ref_axis',(0.707106781186548,-0.707106781186547,-6.62927926999816E-15));
#1593=DIRECTION('center_axis',(0.,1.,9.38138455808256E-15));
#1594=DIRECTION('ref_axis',(0.707106781186548,-6.63364063793894E-15,0.707106781186548));
#1595=DIRECTION('',(0.,-1.,-9.38138455808256E-15));
#1596=DIRECTION('center_axis',(1.,4.44089209850058E-16,4.16617165569842E-30));
#1597=DIRECTION('ref_axis',(3.14018491736752E-16,-0.707106781186554,0.707106781186541));
#1598=DIRECTION('',(-1.,-4.44089209850058E-16,-4.16617165569842E-30));
#1599=DIRECTION('',(1.,4.44089209850058E-16,4.16617165569842E-30));
#1600=DIRECTION('',(-1.,-4.44089209850058E-16,-4.16617165569842E-30));
#1601=DIRECTION('center_axis',(0.,-1.,-9.38138455808256E-15));
#1602=DIRECTION('ref_axis',(-0.707106781186548,-6.63364063793894E-15,0.707106781186548));
#1603=DIRECTION('',(0.,1.,9.38138455808256E-15));
#1604=DIRECTION('',(0.,-1.,-9.38138455808256E-15));
#1605=DIRECTION('center_axis',(0.,9.38138455808256E-15,-1.));
#1606=DIRECTION('ref_axis',(1.,0.,0.));
#1607=DIRECTION('center_axis',(0.,9.38138455808256E-15,-1.));
#1608=DIRECTION('ref_axis',(1.,0.,0.));
#1609=DIRECTION('center_axis',(0.,9.38138455808256E-15,-1.));
#1610=DIRECTION('ref_axis',(1.,0.,0.));
#1611=DIRECTION('center_axis',(0.,9.38138455808256E-15,-1.));
#1612=DIRECTION('ref_axis',(1.,0.,0.));
#1613=DIRECTION('center_axis',(0.,9.38138455808256E-15,-1.));
#1614=DIRECTION('ref_axis',(1.,0.,0.));
#1615=DIRECTION('',(0.,1.,9.38138455808256E-15));
#1616=DIRECTION('',(1.,0.,0.));
#1617=DIRECTION('',(5.03760447356262E-17,-1.,-9.38138455808256E-15));
#1618=DIRECTION('',(-1.,-5.03760447356263E-17,-4.72597048180081E-31));
#1619=DIRECTION('center_axis',(0.,-9.62193288008469E-15,1.));
#1620=DIRECTION('ref_axis',(1.,0.,0.));
#1621=DIRECTION('',(0.,-9.62193288008469E-15,1.));
#1622=DIRECTION('center_axis',(4.44089209850058E-16,-1.,-9.62193288008469E-15));
#1623=DIRECTION('ref_axis',(1.,4.44089209850271E-16,-2.21417841306202E-14));
#1624=DIRECTION('',(-1.,-8.88178419699918E-16,-2.21417841306202E-14));
#1625=DIRECTION('center_axis',(0.,9.38138455808256E-15,-1.));
#1626=DIRECTION('ref_axis',(1.,0.,0.));
#1627=DIRECTION('center_axis',(0.,-9.62193288008469E-15,1.));
#1628=DIRECTION('ref_axis',(1.,0.,0.));
#1629=DIRECTION('',(0.,-9.62193288008469E-15,1.));
#1630=DIRECTION('center_axis',(-5.03760447356263E-17,1.,9.62193288008469E-15));
#1631=DIRECTION('ref_axis',(-1.,-5.03760447356263E-17,-4.72597048180081E-31));
#1632=DIRECTION('',(0.,-9.62193288008469E-15,1.));
#1633=DIRECTION('',(0.,0.,-1.));
#1634=DIRECTION('center_axis',(-1.,-5.03760447356262E-17,-4.84714921210339E-31));
#1635=DIRECTION('ref_axis',(5.03760447356262E-17,-1.,-9.38138455808256E-15));
#1636=DIRECTION('',(0.,0.,-1.));
#1637=DIRECTION('center_axis',(0.,-1.,-9.62193288008469E-15));
#1638=DIRECTION('ref_axis',(1.,0.,0.));
#1639=DIRECTION('',(0.,0.,-1.));
#1640=DIRECTION('center_axis',(1.,0.,0.));
#1641=DIRECTION('ref_axis',(0.,1.,9.38138455808256E-15));
#1642=DIRECTION('center_axis',(0.,9.37521665239021E-15,-1.));
#1643=DIRECTION('ref_axis',(-1.,0.,0.));
#1644=DIRECTION('',(0.,1.,3.15231686887027E-14));
#1645=DIRECTION('center_axis',(0.,-9.37521665239021E-15,1.));
#1646=DIRECTION('ref_axis',(-0.707106781186549,0.707106781186546,6.62927926999815E-15));
#1647=DIRECTION('',(1.,8.88178419699917E-16,2.21417841306201E-14));
#1648=DIRECTION('center_axis',(1.,0.,0.));
#1649=DIRECTION('ref_axis',(0.,1.,0.));
#1650=DIRECTION('center_axis',(-8.8817841970013E-16,1.,9.62193288008469E-15));
#1651=DIRECTION('ref_axis',(-1.,-8.88178419699917E-16,-2.21417841306201E-14));
#1652=DIRECTION('',(0.,9.62193288008469E-15,-1.));
#1653=DIRECTION('center_axis',(-1.,0.,0.));
#1654=DIRECTION('ref_axis',(0.,-1.,-3.15231686887027E-14));
#1655=DIRECTION('',(0.,-9.62193288008469E-15,1.));
#1656=DIRECTION('center_axis',(0.,9.62193288008469E-15,-1.));
#1657=DIRECTION('ref_axis',(-0.707106781186549,0.707106781186546,6.80373398762968E-15));
#1658=CARTESIAN_POINT('',(0.,0.,0.));
#1659=CARTESIAN_POINT('Origin',(-62.25,49.7499999999999,-96.3676965795014));
#1660=CARTESIAN_POINT('',(-62.25,52.7499999999999,-91.3676965795014));
#1661=CARTESIAN_POINT('',(-65.25,49.7499999999999,-91.3676965795014));
#1662=CARTESIAN_POINT('Origin',(-62.25,49.7499999999999,-91.3676965795014));
#1663=CARTESIAN_POINT('',(-62.25,52.7499999999999,-86.3676965795014));
#1664=CARTESIAN_POINT('',(-62.25,52.7499999999999,-96.3676965795014));
#1665=CARTESIAN_POINT('',(-65.25,49.7499999999999,-86.3676965795014));
#1666=CARTESIAN_POINT('Origin',(-62.25,49.7499999999999,-86.3676965795014));
#1667=CARTESIAN_POINT('',(-65.25,49.7499999999999,-96.3676965795014));
#1668=CARTESIAN_POINT('Origin',(-65.25,52.7499999999999,-96.3676965795014));
#1669=CARTESIAN_POINT('',(20.2500000000164,52.7499999999999,-91.3676965795014));
#1670=CARTESIAN_POINT('',(-65.25,52.7499999999999,-91.3676965795014));
#1671=CARTESIAN_POINT('',(20.2500000000164,52.7499999999999,-86.3676965795014));
#1672=CARTESIAN_POINT('',(20.2500000000164,52.7499999999999,-16.3676965795009));
#1673=CARTESIAN_POINT('',(-65.25,52.7499999999999,-86.3676965795014));
#1674=CARTESIAN_POINT('Origin',(-62.25,-7.2500000000001,-96.3676965795014));
#1675=CARTESIAN_POINT('',(-65.25,-7.25000000000009,-86.3676965795014));
#1676=CARTESIAN_POINT('',(-62.25,-10.2500000000001,-86.3676965795014));
#1677=CARTESIAN_POINT('Origin',(-62.25,-7.2500000000001,-86.3676965795014));
#1678=CARTESIAN_POINT('',(-62.25,-10.2500000000001,-91.3676965795014));
#1679=CARTESIAN_POINT('',(-62.25,-10.2500000000001,-96.3676965795014));
#1680=CARTESIAN_POINT('',(-65.25,-7.2500000000001,-91.3676965795014));
#1681=CARTESIAN_POINT('Origin',(-62.25,-7.2500000000001,-91.3676965795014));
#1682=CARTESIAN_POINT('',(-65.25,-7.2500000000001,-96.3676965795014));
#1683=CARTESIAN_POINT('Origin',(-21.25,21.2499999999999,-91.3676965795014));
#1684=CARTESIAN_POINT('',(-65.25,3.7500000000081,-91.3676965795014));
#1685=CARTESIAN_POINT('',(20.2500000000164,-10.2500000000001,-91.3676965795014));
#1686=CARTESIAN_POINT('',(22.75,-10.2500000000001,-91.3676965795014));
#1687=CARTESIAN_POINT('',(23.7500000000164,-13.7500000000001,-91.3676965795014));
#1688=CARTESIAN_POINT('Origin',(20.2500000000164,-13.7500000000001,-91.3676965795014));
#1689=CARTESIAN_POINT('',(23.7500000000164,56.2499999999999,-91.3676965795014));
#1690=CARTESIAN_POINT('',(23.75,52.7499999999999,-91.3676965795014));
#1691=CARTESIAN_POINT('Origin',(20.2500000000164,56.2499999999999,-91.3676965795014));
#1692=CARTESIAN_POINT('Origin',(22.75,-10.2500000000001,-96.3676965795014));
#1693=CARTESIAN_POINT('',(20.2500000000164,-10.2500000000001,-86.3676965795014));
#1694=CARTESIAN_POINT('',(22.75,-10.2500000000001,-86.3676965795014));
#1695=CARTESIAN_POINT('',(20.2500000000164,-10.2500000000001,-16.3676965795009));
#1696=CARTESIAN_POINT('Origin',(3.74999999999999,-23.7500000000157,32.1323034204979));
#1697=CARTESIAN_POINT('',(3.74999999999998,-13.7500000000154,-57.8676965795021));
#1698=CARTESIAN_POINT('',(3.74999999999999,-13.7500000000162,32.1323034204979));
#1699=CARTESIAN_POINT('',(3.74999999999999,-13.7500000000164,47.882303420498));
#1700=CARTESIAN_POINT('',(3.74999999999998,-23.7500000000157,-57.8676965795021));
#1701=CARTESIAN_POINT('',(3.74999999999998,-23.7500000000157,-57.8676965795021));
#1702=CARTESIAN_POINT('',(3.74999999999999,-23.7500000000157,32.1323034204979));
#1703=CARTESIAN_POINT('',(3.74999999999999,-23.7500000000163,47.8823034204988));
#1704=CARTESIAN_POINT('',(3.74999999999999,-23.7500000000157,32.1323034204979));
#1705=CARTESIAN_POINT('Origin',(3.74999999999999,-23.7500000000157,32.1323034204979));
#1706=CARTESIAN_POINT('',(3.74999999999999,56.250000000016,32.1323034204979));
#1707=CARTESIAN_POINT('',(3.74999999999998,56.2500000000168,-57.8676965795021));
#1708=CARTESIAN_POINT('',(3.74999999999998,56.2500000000162,12.8823034204987));
#1709=CARTESIAN_POINT('',(3.74999999999999,66.2500000000161,32.1323034204979));
#1710=CARTESIAN_POINT('',(3.74999999999999,-23.7500000000157,32.1323034204979));
#1711=CARTESIAN_POINT('',(3.74999999999998,66.250000000017,-57.8676965795021));
#1712=CARTESIAN_POINT('',(3.74999999999999,66.2500000000163,12.8823034204997));
#1713=CARTESIAN_POINT('',(3.74999999999998,-23.7500000000157,-57.8676965795021));
#1714=CARTESIAN_POINT('Origin',(-6.25,-23.7500000000157,-57.8676965795021));
#1715=CARTESIAN_POINT('',(-6.25000000000001,-13.7500000000153,-67.8676965795021));
#1716=CARTESIAN_POINT('Origin',(-6.25,-13.7500000000165,-57.8676965795021));
#1717=CARTESIAN_POINT('',(-6.25000000000001,-23.7500000000157,-67.8676965795021));
#1718=CARTESIAN_POINT('',(-6.25000000000001,-23.7500000000157,-67.8676965795021));
#1719=CARTESIAN_POINT('Origin',(-6.25,-23.7500000000165,-57.8676965795021));
#1720=CARTESIAN_POINT('Origin',(-6.25,-23.7500000000157,-57.8676965795021));
#1721=CARTESIAN_POINT('',(-6.25000000000001,56.2500000000169,-67.8676965795021));
#1722=CARTESIAN_POINT('Origin',(-6.25,56.2500000000164,-57.8676965795021));
#1723=CARTESIAN_POINT('',(-6.25000000000001,66.2500000000171,-67.8676965795021));
#1724=CARTESIAN_POINT('Origin',(-6.25,66.2500000000165,-57.8676965795021));
#1725=CARTESIAN_POINT('',(-6.25000000000001,-23.7500000000157,-67.8676965795021));
#1726=CARTESIAN_POINT('Origin',(-6.25,-23.7500000000157,32.132303420498));
#1727=CARTESIAN_POINT('',(-6.25000000000001,-13.7500000000163,42.1323034204979));
#1728=CARTESIAN_POINT('Origin',(-6.25,-13.7500000000165,32.132303420498));
#1729=CARTESIAN_POINT('',(-6.25000000000001,-23.7500000000157,42.1323034204979));
#1730=CARTESIAN_POINT('Origin',(-6.25,-23.7500000000165,32.132303420498));
#1731=CARTESIAN_POINT('',(-6.25000000000001,-23.7500000000157,42.1323034204979));
#1732=CARTESIAN_POINT('Origin',(-6.25000000000001,-23.7500000000157,-67.8676965795021));
#1733=CARTESIAN_POINT('',(-36.25,-13.7500000000153,-67.8676965795021));
#1734=CARTESIAN_POINT('',(3.74999999999175,-13.7500000000153,-67.8676965795021));
#1735=CARTESIAN_POINT('',(-36.25,-23.7500000000157,-67.8676965795021));
#1736=CARTESIAN_POINT('',(-36.25,-23.7500000000157,-67.8676965795021));
#1737=CARTESIAN_POINT('',(-36.2500000000082,-23.7500000000152,-67.8676965795021));
#1738=CARTESIAN_POINT('Origin',(-6.25000000000001,-23.7500000000157,-67.8676965795021));
#1739=CARTESIAN_POINT('',(-36.25,56.250000000017,-67.8676965795021));
#1740=CARTESIAN_POINT('',(-31.2499999999918,56.250000000017,-67.8676965795021));
#1741=CARTESIAN_POINT('',(-36.25,66.250000000017,-67.8676965795021));
#1742=CARTESIAN_POINT('',(8.75000000000816,66.2500000000171,-67.8676965795021));
#1743=CARTESIAN_POINT('',(-36.25,-23.7500000000157,-67.8676965795021));
#1744=CARTESIAN_POINT('Origin',(-36.25,-23.7500000000157,42.1323034204979));
#1745=CARTESIAN_POINT('',(-36.25,-13.7500000000163,42.1323034204979));
#1746=CARTESIAN_POINT('',(-11.2500000000083,-13.7500000000163,42.1323034204979));
#1747=CARTESIAN_POINT('',(-36.25,-23.7500000000157,42.1323034204979));
#1748=CARTESIAN_POINT('',(-51.2500000000082,-23.7500000000163,42.1323034204979));
#1749=CARTESIAN_POINT('',(-36.25,-23.7500000000157,42.1323034204979));
#1750=CARTESIAN_POINT('Origin',(-36.25,-23.7500000000157,-57.8676965795021));
#1751=CARTESIAN_POINT('',(-46.25,-13.7500000000153,-57.8676965795021));
#1752=CARTESIAN_POINT('Origin',(-36.25,-13.7500000000165,-57.8676965795021));
#1753=CARTESIAN_POINT('',(-46.25,-23.7500000000157,-57.8676965795021));
#1754=CARTESIAN_POINT('',(-46.25,-23.7500000000157,-57.8676965795021));
#1755=CARTESIAN_POINT('Origin',(-36.25,-23.7500000000165,-57.8676965795021));
#1756=CARTESIAN_POINT('Origin',(-36.25,-23.7500000000157,-57.8676965795021));
#1757=CARTESIAN_POINT('',(-46.25,56.2500000000169,-57.8676965795021));
#1758=CARTESIAN_POINT('Origin',(-36.25,56.2500000000164,-57.8676965795021));
#1759=CARTESIAN_POINT('',(-46.25,66.2500000000169,-57.8676965795021));
#1760=CARTESIAN_POINT('Origin',(-36.25,66.2500000000165,-57.8676965795021));
#1761=CARTESIAN_POINT('',(-46.25,-23.7500000000157,-57.8676965795021));
#1762=CARTESIAN_POINT('Origin',(-36.25,-23.7500000000157,32.1323034204979));
#1763=CARTESIAN_POINT('',(-46.25,-13.7500000000162,32.1323034204979));
#1764=CARTESIAN_POINT('Origin',(-36.25,-13.7500000000165,32.1323034204979));
#1765=CARTESIAN_POINT('',(-46.25,-23.7500000000157,32.1323034204979));
#1766=CARTESIAN_POINT('Origin',(-36.25,-23.7500000000165,32.1323034204979));
#1767=CARTESIAN_POINT('',(-46.25,-23.7500000000157,32.1323034204979));
#1768=CARTESIAN_POINT('Origin',(-46.25,-23.7500000000157,-57.8676965795021));
#1769=CARTESIAN_POINT('',(-46.25,-13.7500000000159,2.882303420498));
#1770=CARTESIAN_POINT('',(-46.25,-23.7500000000159,2.88230342049879));
#1771=CARTESIAN_POINT('Origin',(-46.25,-23.7500000000157,-57.8676965795021));
#1772=CARTESIAN_POINT('',(-46.25,56.2500000000161,32.1323034204979));
#1773=CARTESIAN_POINT('',(-46.25,56.2500000000166,-32.1176965795013));
#1774=CARTESIAN_POINT('',(-46.25,66.2500000000161,32.1323034204979));
#1775=CARTESIAN_POINT('',(-46.25,66.2500000000167,-32.1176965795004));
#1776=CARTESIAN_POINT('',(-46.25,-23.7500000000157,32.1323034204979));
#1777=CARTESIAN_POINT('Origin',(-6.25,-23.7500000000157,32.132303420498));
#1778=CARTESIAN_POINT('',(-6.25000000000001,56.2500000000159,42.1323034204979));
#1779=CARTESIAN_POINT('Origin',(-6.25,56.2500000000164,32.132303420498));
#1780=CARTESIAN_POINT('',(-6.25000000000001,66.250000000016,42.1323034204979));
#1781=CARTESIAN_POINT('',(-6.25000000000001,-23.7500000000157,42.1323034204979));
#1782=CARTESIAN_POINT('Origin',(-6.25,66.2500000000165,32.132303420498));
#1783=CARTESIAN_POINT('Origin',(-36.25,-23.7500000000157,42.1323034204979));
#1784=CARTESIAN_POINT('',(-36.25,56.2500000000159,42.1323034204979));
#1785=CARTESIAN_POINT('',(-46.2499999999918,56.2500000000159,42.1323034204979));
#1786=CARTESIAN_POINT('',(-36.25,66.250000000016,42.1323034204979));
#1787=CARTESIAN_POINT('',(-36.25,-23.7500000000157,42.1323034204979));
#1788=CARTESIAN_POINT('',(-6.24999999999185,66.250000000016,42.1323034204979));
#1789=CARTESIAN_POINT('Origin',(-36.25,-23.7500000000157,32.1323034204979));
#1790=CARTESIAN_POINT('Origin',(-36.25,56.2500000000164,32.1323034204979));
#1791=CARTESIAN_POINT('Origin',(-36.25,66.2500000000165,32.1323034204979));
#1792=CARTESIAN_POINT('Origin',(-56.2500000000164,1.25000000001644,58.6323034204979));
#1793=CARTESIAN_POINT('',(-30.2500000000082,-11.9250000000082,58.6323034204978));
#1794=CARTESIAN_POINT('Origin',(-21.2500000000082,-11.9250000000082,58.6323034204978));
#1795=CARTESIAN_POINT('Origin',(-21.25,21.25,58.6323034204981));
#1796=CARTESIAN_POINT('',(23.7500000000164,1.24999999998354,58.6323034204993));
#1797=CARTESIAN_POINT('',(-66.2500000000164,1.25000000001644,58.6323034204985));
#1798=CARTESIAN_POINT('',(-56.2500000000164,1.25000000001644,58.6323034204979));
#1799=CARTESIAN_POINT('',(-66.2500000000164,41.2500000000158,58.6323034204997));
#1800=CARTESIAN_POINT('',(-66.2500000000164,-23.7499999999836,58.6323034204977));
#1801=CARTESIAN_POINT('',(23.7500000000164,41.2499999999836,58.6323034204988));
#1802=CARTESIAN_POINT('',(-56.2499999999836,41.2500000000158,58.6323034204983));
#1803=CARTESIAN_POINT('',(23.7500000000164,66.2499999999835,58.6323034204985));
#1804=CARTESIAN_POINT('',(-2.75,21.2499999999999,58.6323034204981));
#1805=CARTESIAN_POINT('Origin',(-21.25,21.2499999999998,58.6323034204981));
#1806=CARTESIAN_POINT('Origin',(-56.2499999999836,66.2500000000164,58.6323034204985));
#1807=CARTESIAN_POINT('',(-30.2500000000082,54.4249999999918,58.6323034204984));
#1808=CARTESIAN_POINT('Origin',(-21.2500000000082,54.4249999999918,58.6323034204984));
#1809=CARTESIAN_POINT('Origin',(-38.7499999999918,41.2500000000159,43.6323034204983));
#1810=CARTESIAN_POINT('',(-66.2499999999836,56.2500000000166,43.6323034204984));
#1811=CARTESIAN_POINT('Origin',(-66.2500000000164,41.2500000000159,43.6323034204983));
#1812=CARTESIAN_POINT('',(23.7500000000164,56.2499999999837,43.6323034204984));
#1813=CARTESIAN_POINT('',(-38.7499999999918,56.2500000000159,43.6323034204984));
#1814=CARTESIAN_POINT('Origin',(23.7500000000164,41.2499999999837,43.6323034204983));
#1815=CARTESIAN_POINT('Origin',(-3.75000000000825,1.24999999998369,43.6323034204979));
#1816=CARTESIAN_POINT('',(23.7499999999835,-13.7500000000163,43.6323034204978));
#1817=CARTESIAN_POINT('Origin',(23.7500000000164,1.24999999998368,43.6323034204979));
#1818=CARTESIAN_POINT('',(-66.2500000000164,-13.7499999999834,43.6323034204978));
#1819=CARTESIAN_POINT('',(-3.75000000000825,-13.7500000000163,43.6323034204978));
#1820=CARTESIAN_POINT('Origin',(-66.2500000000164,1.25000000001659,43.6323034204979));
#1821=CARTESIAN_POINT('Origin',(-38.7499999999918,52.7500000000171,-82.8676965795014));
#1822=CARTESIAN_POINT('',(23.7500000000164,56.2499999999849,-82.8676965795014));
#1823=CARTESIAN_POINT('',(-66.2499999999836,56.2500000000178,-82.8676965795014));
#1824=CARTESIAN_POINT('',(-38.7499999999918,56.2500000000171,-82.8676965795014));
#1825=CARTESIAN_POINT('',(-66.25,52.7500000000171,-86.3676965795014));
#1826=CARTESIAN_POINT('Origin',(-66.2500000000164,52.7500000000171,-82.8676965795014));
#1827=CARTESIAN_POINT('',(-65.25,52.7499999999999,-86.3676965795014));
#1828=CARTESIAN_POINT('Ctrl Pts',(20.2500000000164,52.7499999999999,-86.3676965795014));
#1829=CARTESIAN_POINT('Ctrl Pts',(20.7760383622627,52.7499999999999,-86.3676965795014));
#1830=CARTESIAN_POINT('Ctrl Pts',(21.3281537762526,52.8758922760025,-86.3740120736422));
#1831=CARTESIAN_POINT('Ctrl Pts',(22.0592974749421,53.2415626362575,-86.3351728953858));
#1832=CARTESIAN_POINT('Ctrl Pts',(22.2877134671917,53.3919342662637,-86.3127850674638));
#1833=CARTESIAN_POINT('Ctrl Pts',(22.6964011164168,53.7328711882928,-86.2314264350363));
#1834=CARTESIAN_POINT('Ctrl Pts',(22.8766190497442,53.9234233903995,-86.1721312401785));
#1835=CARTESIAN_POINT('Ctrl Pts',(23.1614983481419,54.2952037410543,-86.0138227367445));
#1836=CARTESIAN_POINT('Ctrl Pts',(23.2840367365552,54.4918777461972,-85.9122446334573));
#1837=CARTESIAN_POINT('Ctrl Pts',(23.476679048594,54.8770780417232,-85.6567735658514));
#1838=CARTESIAN_POINT('Ctrl Pts',(23.5475239791087,55.0649660249001,-85.5024780228927));
#1839=CARTESIAN_POINT('Ctrl Pts',(23.6902054429339,55.5307473470656,-85.0366967007252));
#1840=CARTESIAN_POINT('Ctrl Pts',(23.7257817976626,55.8011606593527,-84.6450710836967));
#1841=CARTESIAN_POINT('Ctrl Pts',(23.7535048154698,56.1607330572593,-83.7817769968721));
#1842=CARTESIAN_POINT('Ctrl Pts',(23.7500000000164,56.2499999999849,-83.3102985850498));
#1843=CARTESIAN_POINT('Ctrl Pts',(23.7500000000164,56.2499999999849,-82.8676965795014));
#1844=CARTESIAN_POINT('Origin',(-56.2499999999836,56.2500000000164,-6.36769657950138));
#1845=CARTESIAN_POINT('',(-66.2499999999836,56.2500000000164,63.6323034204986));
#1846=CARTESIAN_POINT('',(23.7500000000164,56.2499999999835,63.6323034204986));
#1847=CARTESIAN_POINT('Origin',(-21.25,-12.0000000000083,-86.3676965795014));
#1848=CARTESIAN_POINT('',(-66.25,-10.2499999999822,-86.3676965795014));
#1849=CARTESIAN_POINT('',(-66.25,-10.2500000000001,-86.3676965795014));
#1850=CARTESIAN_POINT('',(22.75,-10.2500000000001,-86.3676965795014));
#1851=CARTESIAN_POINT('',(-65.25,52.7499999999999,-86.3676965795014));
#1852=CARTESIAN_POINT('Origin',(-3.75000000000825,-10.2500000000151,-82.8676965795014));
#1853=CARTESIAN_POINT('',(23.7499999999835,-13.7500000000151,-82.8676965795015));
#1854=CARTESIAN_POINT('Ctrl Pts',(23.7500000000164,-13.7500000000151,-82.8676965795014));
#1855=CARTESIAN_POINT('Ctrl Pts',(23.7500000000164,-13.7500000000151,-83.3102985850523));
#1856=CARTESIAN_POINT('Ctrl Pts',(23.7535048154707,-13.6607330572886,-83.781776996877));
#1857=CARTESIAN_POINT('Ctrl Pts',(23.7257817976659,-13.3011606593783,-84.6450710837053));
#1858=CARTESIAN_POINT('Ctrl Pts',(23.6902054429389,-13.0307473470885,-85.0366967007352));
#1859=CARTESIAN_POINT('Ctrl Pts',(23.5475239791152,-12.5649660249182,-85.5024780229035));
#1860=CARTESIAN_POINT('Ctrl Pts',(23.476679048601,-12.3770780417397,-85.656773565862));
#1861=CARTESIAN_POINT('Ctrl Pts',(23.2840367365627,-11.9918777462103,-85.9122446334673));
#1862=CARTESIAN_POINT('Ctrl Pts',(23.1614983481495,-11.7952037410657,-86.0138227367538));
#1863=CARTESIAN_POINT('Ctrl Pts',(22.8766190497516,-11.4234233904079,-86.1721312401863));
#1864=CARTESIAN_POINT('Ctrl Pts',(22.6964011164239,-11.2328711882998,-86.2314264350431));
#1865=CARTESIAN_POINT('Ctrl Pts',(22.287713467198,-10.8919342662683,-86.3127850674686));
#1866=CARTESIAN_POINT('Ctrl Pts',(22.0592974749478,-10.7415626362611,-86.3351728953896));
#1867=CARTESIAN_POINT('Ctrl Pts',(21.3281537762563,-10.3758922760036,-86.3740120736433));
#1868=CARTESIAN_POINT('Ctrl Pts',(20.7760383622647,-10.2500000000001,-86.3676965795014));
#1869=CARTESIAN_POINT('Ctrl Pts',(20.2500000000164,-10.2500000000001,-86.3676965795014));
#1870=CARTESIAN_POINT('',(-66.2500000000164,-13.7499999999822,-82.8676965795015));
#1871=CARTESIAN_POINT('Origin',(-66.2500000000164,-10.2499999999822,-82.8676965795014));
#1872=CARTESIAN_POINT('',(-3.75000000000825,-13.7500000000151,-82.8676965795014));
#1873=CARTESIAN_POINT('Origin',(13.7499999999835,-13.7500000000165,63.632303420498));
#1874=CARTESIAN_POINT('',(23.7499999999835,-13.7500000000165,63.632303420498));
#1875=CARTESIAN_POINT('',(-66.2500000000164,-13.7499999999836,63.632303420498));
#1876=CARTESIAN_POINT('Origin',(20.2500000000164,56.2499999999999,-16.3676965795009));
#1877=CARTESIAN_POINT('',(23.7500000000164,56.2499999999835,63.6323034204986));
#1878=CARTESIAN_POINT('Origin',(23.7500000000164,-23.7500000000165,63.6323034204996));
#1879=CARTESIAN_POINT('',(23.7500000000164,61.2500000000164,70.6323034204985));
#1880=CARTESIAN_POINT('',(23.7500000000164,61.2500000000173,-96.3676965795014));
#1881=CARTESIAN_POINT('',(23.7500000000164,61.2500000000165,63.6323034205004));
#1882=CARTESIAN_POINT('',(23.7500000000164,-18.7500000000166,70.6323034204977));
#1883=CARTESIAN_POINT('',(23.7500000000164,-1.25000000000834,70.6323034204979));
#1884=CARTESIAN_POINT('',(23.7500000000164,-18.7500000000156,-96.3676965795004));
#1885=CARTESIAN_POINT('',(23.7500000000164,-18.7500000000165,-6.36769657950031));
#1886=CARTESIAN_POINT('',(23.7500000000164,66.2499999999844,-96.3676965795015));
#1887=CARTESIAN_POINT('',(23.7499999999835,-13.7500000000165,63.632303420498));
#1888=CARTESIAN_POINT('Origin',(20.2500000000164,-13.7500000000001,-16.3676965795009));
#1889=CARTESIAN_POINT('Origin',(-21.25,21.2499999999998,63.6323034204981));
#1890=CARTESIAN_POINT('',(-2.75,21.2499999999999,63.6323034204981));
#1891=CARTESIAN_POINT('Origin',(-21.25,21.2499999999998,63.6323034204981));
#1892=CARTESIAN_POINT('',(-2.75,21.2499999999998,63.6323034204981));
#1893=CARTESIAN_POINT('Origin',(-42.1,42.0999999999999,75.6323034204979));
#1894=CARTESIAN_POINT('',(-42.1,42.0999999999999,63.6323034204983));
#1895=CARTESIAN_POINT('',(-42.1,0.399999999999869,63.6323034204979));
#1896=CARTESIAN_POINT('',(-42.1,31.6749999999999,63.6323034204982));
#1897=CARTESIAN_POINT('',(-42.1,42.0999999999999,62.6323034204979));
#1898=CARTESIAN_POINT('',(-42.1,42.0999999999999,75.6323034204979));
#1899=CARTESIAN_POINT('',(-42.1,0.399999999999867,62.6323034204979));
#1900=CARTESIAN_POINT('',(-42.1,0.399999999999869,62.6323034204979));
#1901=CARTESIAN_POINT('',(-42.1,0.399999999999869,75.6323034204979));
#1902=CARTESIAN_POINT('Origin',(-42.1,0.399999999999869,75.6323034204979));
#1903=CARTESIAN_POINT('',(-0.400000000000002,0.399999999999867,63.6323034204979));
#1904=CARTESIAN_POINT('',(-31.675,0.399999999999867,63.6323034204979));
#1905=CARTESIAN_POINT('',(-0.4,0.399999999999867,62.6323034204979));
#1906=CARTESIAN_POINT('',(-0.400000000000002,0.399999999999869,62.6323034204979));
#1907=CARTESIAN_POINT('',(-0.400000000000002,0.399999999999867,75.6323034204979));
#1908=CARTESIAN_POINT('Origin',(-0.400000000000002,0.399999999999867,75.6323034204979));
#1909=CARTESIAN_POINT('',(-0.4,42.0999999999999,63.6323034204983));
#1910=CARTESIAN_POINT('',(-0.4,10.8249999999999,63.632303420498));
#1911=CARTESIAN_POINT('',(-0.4,42.0999999999999,62.6323034204979));
#1912=CARTESIAN_POINT('',(-0.4,42.0999999999999,62.6323034204979));
#1913=CARTESIAN_POINT('',(-0.4,42.0999999999999,75.6323034204979));
#1914=CARTESIAN_POINT('Origin',(-0.4,42.0999999999999,75.6323034204979));
#1915=CARTESIAN_POINT('',(-10.825,42.0999999999999,63.6323034204983));
#1916=CARTESIAN_POINT('',(-42.1,42.0999999999999,62.6323034204979));
#1917=CARTESIAN_POINT('Origin',(-21.25,21.2499999999999,62.6323034204979));
#1918=CARTESIAN_POINT('',(0.0999999999999979,42.5999999999999,62.6323034204979));
#1919=CARTESIAN_POINT('',(0.0999999999999979,-0.100000000000131,62.6323034204979));
#1920=CARTESIAN_POINT('',(0.0999999999999979,42.5999999999999,62.6323034204979));
#1921=CARTESIAN_POINT('',(-42.6,42.5999999999999,62.6323034204979));
#1922=CARTESIAN_POINT('',(-42.6,42.5999999999999,62.6323034204979));
#1923=CARTESIAN_POINT('',(-42.6,-0.100000000000131,62.6323034204979));
#1924=CARTESIAN_POINT('',(-42.6,-0.100000000000131,62.6323034204979));
#1925=CARTESIAN_POINT('',(0.0999999999999979,-0.100000000000131,62.6323034204979));
#1926=CARTESIAN_POINT('Origin',(-61.2500000000164,61.2500000000163,70.6323034204985));
#1927=CARTESIAN_POINT('',(-61.2500000000164,66.2500000000163,70.6323034204985));
#1928=CARTESIAN_POINT('',(-61.2500000000164,61.2500000000163,75.6323034204985));
#1929=CARTESIAN_POINT('Origin',(-61.2500000000164,61.2500000000163,70.6323034204985));
#1930=CARTESIAN_POINT('',(-66.2500000000164,61.2500000000163,70.6323034204985));
#1931=CARTESIAN_POINT('Origin',(-61.2500000000164,61.2500000000163,70.6323034204985));
#1932=CARTESIAN_POINT('Origin',(-61.2500000000164,61.2500000000163,70.6323034204985));
#1933=CARTESIAN_POINT('Origin',(-61.2500000000164,-18.7500000000166,70.6323034204977));
#1934=CARTESIAN_POINT('',(-66.2500000000164,-18.7500000000166,70.6323034204977));
#1935=CARTESIAN_POINT('',(-61.2500000000164,-18.7500000000167,75.6323034204977));
#1936=CARTESIAN_POINT('Origin',(-61.2500000000164,-18.7500000000166,70.6323034204977));
#1937=CARTESIAN_POINT('',(-61.2500000000164,-23.7500000000166,70.6323034204976));
#1938=CARTESIAN_POINT('Origin',(-61.2500000000164,-18.7500000000166,70.6323034204977));
#1939=CARTESIAN_POINT('Origin',(-61.2500000000164,-18.7500000000166,70.6323034204977));
#1940=CARTESIAN_POINT('Origin',(-61.2500000000164,-18.7500000000165,63.6323034204997));
#1941=CARTESIAN_POINT('',(-61.2500000000164,-23.7499999999828,-96.3676965795022));
#1942=CARTESIAN_POINT('',(-61.2500000000164,-23.7500000000165,63.6323034204996));
#1943=CARTESIAN_POINT('',(-66.2500000000164,-18.7500000000157,-96.3676965795022));
#1944=CARTESIAN_POINT('',(-66.2500000000164,-18.7500000000165,-6.36769657950032));
#1945=CARTESIAN_POINT('Origin',(-61.2500000000164,-18.7500000000157,-96.3676965795021));
#1946=CARTESIAN_POINT('Origin',(18.7500000000164,61.2500000000164,70.6323034204985));
#1947=CARTESIAN_POINT('',(18.7500000000164,61.2500000000163,75.6323034204985));
#1948=CARTESIAN_POINT('Origin',(18.7500000000164,61.2500000000164,70.6323034204985));
#1949=CARTESIAN_POINT('',(18.7500000000164,66.2500000000164,70.6323034204985));
#1950=CARTESIAN_POINT('Origin',(18.7500000000164,61.2500000000164,70.6323034204985));
#1951=CARTESIAN_POINT('Origin',(18.7500000000164,61.2500000000164,70.6323034204985));
#1952=CARTESIAN_POINT('Origin',(18.7500000000164,61.2500000000165,63.6323034205004));
#1953=CARTESIAN_POINT('',(18.7500000000164,66.2499999999844,-96.3676965795014));
#1954=CARTESIAN_POINT('',(18.7500000000164,66.2500000000165,-6.3676965794995));
#1955=CARTESIAN_POINT('Origin',(18.7500000000164,61.2500000000173,-96.3676965795013));
#1956=CARTESIAN_POINT('Origin',(1.2500000000082,61.2500000000164,70.6323034204985));
#1957=CARTESIAN_POINT('',(-27.1168027919608,61.2500000000163,75.6323034204985));
#1958=CARTESIAN_POINT('',(-15.3831972080556,61.2500000000163,75.6323034204985));
#1959=CARTESIAN_POINT('Ctrl Pts',(-27.1168027919608,61.2500000000163,75.6323034204985));
#1960=CARTESIAN_POINT('Ctrl Pts',(-26.4067030013295,61.8604051918442,75.6323034204985));
#1961=CARTESIAN_POINT('Ctrl Pts',(-25.5762861129142,62.3757282761287,75.5191789557842));
#1962=CARTESIAN_POINT('Ctrl Pts',(-24.1348020247455,62.9708524032518,75.3328603255789));
#1963=CARTESIAN_POINT('Ctrl Pts',(-23.5612775743277,63.1431490231317,75.2617051127708));
#1964=CARTESIAN_POINT('Ctrl Pts',(-22.4032979657572,63.370279758579,75.1621805980062));
#1965=CARTESIAN_POINT('Ctrl Pts',(-21.8187651826442,63.4249999999916,75.1344556835953));
#1966=CARTESIAN_POINT('Ctrl Pts',(-20.6812348173722,63.4249999999916,75.1344556835953));
#1967=CARTESIAN_POINT('Ctrl Pts',(-20.0967020342592,63.370279758579,75.1621805980062));
#1968=CARTESIAN_POINT('Ctrl Pts',(-18.9387224256887,63.1431490231317,75.2617051127708));
#1969=CARTESIAN_POINT('Ctrl Pts',(-18.3651979752709,62.9708524032518,75.3328603255789));
#1970=CARTESIAN_POINT('Ctrl Pts',(-16.9237138871022,62.3757282761288,75.5191789557842));
#1971=CARTESIAN_POINT('Ctrl Pts',(-16.0932969986869,61.8604051918442,75.6323034204985));
#1972=CARTESIAN_POINT('Ctrl Pts',(-15.3831972080556,61.2500000000163,75.6323034204985));
#1973=CARTESIAN_POINT('',(1.2500000000082,61.2500000000163,75.6323034204985));
#1974=CARTESIAN_POINT('',(1.2500000000082,66.2500000000164,70.6323034204985));
#1975=CARTESIAN_POINT('',(1.2500000000082,61.2500000000163,75.6323034204985));
#1976=CARTESIAN_POINT('Origin',(18.7500000000164,-18.7500000000166,70.6323034204977));
#1977=CARTESIAN_POINT('',(18.7500000000164,-23.7500000000166,70.6323034204976));
#1978=CARTESIAN_POINT('',(18.7500000000164,-18.7500000000166,75.6323034204977));
#1979=CARTESIAN_POINT('Origin',(18.7500000000164,-18.7500000000166,70.6323034204977));
#1980=CARTESIAN_POINT('Origin',(18.7500000000164,-18.7500000000166,70.6323034204977));
#1981=CARTESIAN_POINT('Origin',(18.7500000000164,-18.7500000000166,70.6323034204977));
#1982=CARTESIAN_POINT('Origin',(18.7500000000164,-18.7500000000165,63.6323034204997));
#1983=CARTESIAN_POINT('',(18.7500000000164,-23.7500000000157,-96.3676965795023));
#1984=CARTESIAN_POINT('',(18.7500000000164,-23.7500000000165,-6.36769657950036));
#1985=CARTESIAN_POINT('Origin',(18.7500000000164,-18.7500000000156,-96.3676965795021));
#1986=CARTESIAN_POINT('Origin',(18.7500000000164,-1.25000000000834,70.6323034204979));
#1987=CARTESIAN_POINT('',(18.7500000000164,-1.25000000000839,75.6323034204979));
#1988=CARTESIAN_POINT('Origin',(-43.7500000000082,-18.7500000000166,70.6323034204977));
#1989=CARTESIAN_POINT('',(-15.3831972080365,-18.7500000000166,75.6323034204977));
#1990=CARTESIAN_POINT('',(-27.11680279198,-18.7500000000166,75.6323034204977));
#1991=CARTESIAN_POINT('Ctrl Pts',(-15.3831972080365,-18.7500000000167,75.6323034204977));
#1992=CARTESIAN_POINT('Ctrl Pts',(-16.0932969986716,-19.3604051918514,75.6323034204977));
#1993=CARTESIAN_POINT('Ctrl Pts',(-16.9237138870931,-19.8757282761416,75.5191789557808));
#1994=CARTESIAN_POINT('Ctrl Pts',(-18.3651979752692,-20.4708524032681,75.3328603255723));
#1995=CARTESIAN_POINT('Ctrl Pts',(-18.9387224256873,-20.6431490231482,75.2617051127634));
#1996=CARTESIAN_POINT('Ctrl Pts',(-20.0967020342584,-20.8702797585957,75.1621805979977));
#1997=CARTESIAN_POINT('Ctrl Pts',(-20.6812348173718,-20.9250000000084,75.1344556835865));
#1998=CARTESIAN_POINT('Ctrl Pts',(-21.8187651826446,-20.9250000000084,75.1344556835865));
#1999=CARTESIAN_POINT('Ctrl Pts',(-22.403297965758,-20.8702797585957,75.1621805979977));
#2000=CARTESIAN_POINT('Ctrl Pts',(-23.5612775743291,-20.6431490231482,75.2617051127634));
#2001=CARTESIAN_POINT('Ctrl Pts',(-24.1348020247472,-20.4708524032681,75.3328603255723));
#2002=CARTESIAN_POINT('Ctrl Pts',(-25.5762861129234,-19.8757282761416,75.5191789557808));
#2003=CARTESIAN_POINT('Ctrl Pts',(-26.4067030013448,-19.3604051918514,75.6323034204977));
#2004=CARTESIAN_POINT('Ctrl Pts',(-27.11680279198,-18.7500000000166,75.6323034204977));
#2005=CARTESIAN_POINT('',(-43.7500000000082,-18.7500000000166,75.6323034204977));
#2006=CARTESIAN_POINT('',(-43.7500000000082,-23.7500000000166,70.6323034204976));
#2007=CARTESIAN_POINT('',(-43.7500000000082,-18.7500000000166,75.6323034204977));
#2008=CARTESIAN_POINT('Origin',(-61.2500000000164,43.7500000000081,70.6323034204983));
#2009=CARTESIAN_POINT('',(-61.2500000000164,43.750000000008,75.6323034204983));
#2010=CARTESIAN_POINT('',(-66.2500000000164,43.7500000000081,70.6323034204983));
#2011=CARTESIAN_POINT('Origin',(-21.25,21.2499999999998,75.6323034204981));
#2012=CARTESIAN_POINT('',(-30.2500000000082,-11.9250000000084,75.6323034204978));
#2013=CARTESIAN_POINT('Origin',(-21.2500000000082,-11.9250000000084,75.6323034204978));
#2014=CARTESIAN_POINT('Origin',(-21.2500000000082,-11.9250000000084,75.6323034204978));
#2015=CARTESIAN_POINT('',(-30.2500000000082,54.4249999999916,75.6323034204984));
#2016=CARTESIAN_POINT('Origin',(-21.2500000000082,54.4249999999916,75.6323034204984));
#2017=CARTESIAN_POINT('Origin',(-21.2500000000082,54.4249999999916,75.6323034204984));
#2018=CARTESIAN_POINT('',(-42.6,-0.100000000000184,75.6323034204979));
#2019=CARTESIAN_POINT('',(-42.6,42.5999999999998,75.6323034204983));
#2020=CARTESIAN_POINT('',(-42.6,-0.100000000000187,75.6323034204979));
#2021=CARTESIAN_POINT('',(0.0999999999999979,42.5999999999998,75.6323034204983));
#2022=CARTESIAN_POINT('',(-42.6,42.5999999999998,75.6323034204983));
#2023=CARTESIAN_POINT('',(0.0999999999999979,-0.100000000000184,75.6323034204979));
#2024=CARTESIAN_POINT('',(0.0999999999999979,42.5999999999998,75.6323034204983));
#2025=CARTESIAN_POINT('',(0.1,-0.100000000000184,75.6323034204979));
#2026=CARTESIAN_POINT('Origin',(-21.2500000000082,-11.9250000000083,63.6323034204978));
#2027=CARTESIAN_POINT('',(-30.2500000000082,-11.9250000000083,63.6323034204978));
#2028=CARTESIAN_POINT('Origin',(-66.2500000000164,-23.7500000000165,63.6323034204996));
#2029=CARTESIAN_POINT('',(-56.2500000000164,-23.7499999999828,-96.3676965795021));
#2030=CARTESIAN_POINT('Origin',(-21.25,21.2499999999999,63.6323034204981));
#2031=CARTESIAN_POINT('Origin',(-21.2500000000082,54.4249999999917,63.6323034204984));
#2032=CARTESIAN_POINT('',(-30.2500000000082,54.4249999999917,63.6323034204984));
#2033=CARTESIAN_POINT('Origin',(0.1,-0.100000000000069,63.6323034204979));
#2034=CARTESIAN_POINT('',(-42.6,-0.100000000000071,63.6323034204979));
#2035=CARTESIAN_POINT('',(0.0999999999999979,-0.100000000000131,75.6323034204979));
#2036=CARTESIAN_POINT('Origin',(0.0999999999999979,42.5999999999999,63.6323034204983));
#2037=CARTESIAN_POINT('',(0.0999999999999979,42.5999999999999,75.6323034204979));
#2038=CARTESIAN_POINT('Origin',(-42.6,42.5999999999999,63.6323034204983));
#2039=CARTESIAN_POINT('',(-42.6,42.5999999999999,75.6323034204979));
#2040=CARTESIAN_POINT('Origin',(-42.6,-0.100000000000071,63.6323034204979));
#2041=CARTESIAN_POINT('Origin',(18.7500000000164,61.2499999999844,-96.3676965795013));
#2042=CARTESIAN_POINT('',(-66.2500000000164,61.2500000000172,-96.3676965794997));
#2043=CARTESIAN_POINT('',(-66.2500000000164,-23.7499999999828,-96.3676965795024));
#2044=CARTESIAN_POINT('',(-61.2500000000164,66.2500000000172,-96.3676965795014));
#2045=CARTESIAN_POINT('Origin',(-61.2500000000164,61.2500000000173,-96.3676965795013));
#2046=CARTESIAN_POINT('',(-66.2499999999836,66.2500000000172,-96.3676965795015));
#2047=CARTESIAN_POINT('Origin',(-65.25,-13.7499999999837,-96.3676965795014));
#2048=CARTESIAN_POINT('Origin',(23.7500000000164,66.2500000000165,-6.36769657949951));
#2049=CARTESIAN_POINT('',(-61.2500000000164,66.2500000000164,63.6323034205005));
#2050=CARTESIAN_POINT('Origin',(-66.2500000000164,66.2500000000164,-6.36769657949951));
#2051=CARTESIAN_POINT('',(-66.2500000000164,61.2500000000164,63.6323034205004));
#2052=CARTESIAN_POINT('Origin',(-61.2500000000164,61.2500000000164,-6.36769657949956));
#2053=UNCERTAINTY_MEASURE_WITH_UNIT(LENGTH_MEASURE(0.01),#2057,
'DISTANCE_ACCURACY_VALUE',
'Maximum model space distance between geometric entities at asserted c
onnectivities');
#2054=UNCERTAINTY_MEASURE_WITH_UNIT(LENGTH_MEASURE(0.01),#2057,
'DISTANCE_ACCURACY_VALUE',
'Maximum model space distance between geometric entities at asserted c
onnectivities');
#2055=(
GEOMETRIC_REPRESENTATION_CONTEXT(3)
GLOBAL_UNCERTAINTY_ASSIGNED_CONTEXT((#2053))
GLOBAL_UNIT_ASSIGNED_CONTEXT((#2057,#2059,#2060))
REPRESENTATION_CONTEXT('','3D')
);
#2056=(
GEOMETRIC_REPRESENTATION_CONTEXT(3)
GLOBAL_UNCERTAINTY_ASSIGNED_CONTEXT((#2054))
GLOBAL_UNIT_ASSIGNED_CONTEXT((#2057,#2059,#2060))
REPRESENTATION_CONTEXT('','3D')
);
#2057=(
LENGTH_UNIT()
NAMED_UNIT(*)
SI_UNIT(.MILLI.,.METRE.)
);
#2058=(
LENGTH_UNIT()
NAMED_UNIT(*)
SI_UNIT($,.METRE.)
);
#2059=(
NAMED_UNIT(*)
PLANE_ANGLE_UNIT()
SI_UNIT($,.RADIAN.)
);
#2060=(
NAMED_UNIT(*)
SI_UNIT($,.STERADIAN.)
SOLID_ANGLE_UNIT()
);
#2061=SHAPE_DEFINITION_REPRESENTATION(#2062,#2063);
#2062=PRODUCT_DEFINITION_SHAPE('',$,#2065);
#2063=SHAPE_REPRESENTATION('',(#1193),#2055);
#2064=PRODUCT_DEFINITION_CONTEXT('part definition',#2069,'design');
#2065=PRODUCT_DEFINITION('2026-06-09-17-14-33-485','Component1 (1)',#2066,
#2064);
#2066=PRODUCT_DEFINITION_FORMATION('',$,#2071);
#2067=PRODUCT_RELATED_PRODUCT_CATEGORY('Component1 (1)',
'Component1 (1)',(#2071));
#2068=APPLICATION_PROTOCOL_DEFINITION('international standard',
'automotive_design',2009,#2069);
#2069=APPLICATION_CONTEXT(
'Core Data for Automotive Mechanical Design Process');
#2070=PRODUCT_CONTEXT('part definition',#2069,'mechanical');
#2071=PRODUCT('2026-06-09-17-14-33-485','Component1 (1)',$,(#2070));
#2072=PRESENTATION_STYLE_ASSIGNMENT((#2074));
#2073=PRESENTATION_STYLE_ASSIGNMENT((#2075));
#2074=SURFACE_STYLE_USAGE(.BOTH.,#2076);
#2075=SURFACE_STYLE_USAGE(.BOTH.,#2077);
#2076=SURFACE_SIDE_STYLE('',(#2078));
#2077=SURFACE_SIDE_STYLE('',(#2079));
#2078=SURFACE_STYLE_FILL_AREA(#2080);
#2079=SURFACE_STYLE_FILL_AREA(#2081);
#2080=FILL_AREA_STYLE('Plate',(#2082));
#2081=FILL_AREA_STYLE('Opaque(160,160,160)',(#2083));
#2082=FILL_AREA_STYLE_COLOUR('Plate',#2084);
#2083=FILL_AREA_STYLE_COLOUR('Opaque(160,160,160)',#2085);
#2084=COLOUR_RGB('Plate',0.6,0.6,0.6);
#2085=COLOUR_RGB('Opaque(160,160,160)',0.627450980392157,0.627450980392157,
0.627450980392157);
ENDSEC;
END-ISO-10303-21;
