ISO-10303-21;
HEADER;
/* Generated by software containing ST-Developer
 * from STEP Tools, Inc. (www.steptools.com) 
 */

FILE_DESCRIPTION(
/* description */ (''),
/* implementation_level */ '2;1');

FILE_NAME(
/* name */ 'tcg_grader.step',
/* time_stamp */ '2026-06-10T17:04:28+08:00',
/* author */ (''),
/* organization */ (''),
/* preprocessor_version */ 'ST-DEVELOPER v20.1',
/* originating_system */ 'Autodesk Translation Framework v15.8.0.0',
/* authorisation */ '');

FILE_SCHEMA (('AUTOMOTIVE_DESIGN { 1 0 10303 214 3 1 1 }'));
ENDSEC;

DATA;
#10=MECHANICAL_DESIGN_GEOMETRIC_PRESENTATION_REPRESENTATION('',(#13),#9842);
#11=SHAPE_REPRESENTATION_RELATIONSHIP('SRR','None',#9849,#12);
#12=ADVANCED_BREP_SHAPE_REPRESENTATION('',(#5170),#9841);
#13=STYLED_ITEM('',(#9859),#5170);
#14=B_SPLINE_CURVE_WITH_KNOTS('',3,(#6482,#6483,#6484,#6485,#6486),
 .UNSPECIFIED.,.F.,.F.,(4,1,4),(0.,0.10390436436914,0.202094162910919),
 .UNSPECIFIED.);
#15=B_SPLINE_CURVE_WITH_KNOTS('',3,(#6490,#6491,#6492,#6493,#6494),
 .UNSPECIFIED.,.F.,.F.,(4,1,4),(0.,0.10390436436914,0.202094162910919),
 .UNSPECIFIED.);
#16=B_SPLINE_CURVE_WITH_KNOTS('',3,(#6507,#6508,#6509,#6510,#6511),
 .UNSPECIFIED.,.F.,.F.,(4,1,4),(0.,0.0889859665988271,0.177932778266378),
 .UNSPECIFIED.);
#17=B_SPLINE_CURVE_WITH_KNOTS('',3,(#6514,#6515,#6516,#6517,#6518),
 .UNSPECIFIED.,.F.,.F.,(4,1,4),(0.,0.0889859665988271,0.177932778266378),
 .UNSPECIFIED.);
#18=B_SPLINE_CURVE_WITH_KNOTS('',3,(#6530,#6531,#6532,#6533,#6534),
 .UNSPECIFIED.,.F.,.F.,(4,1,4),(0.,0.0956491996401421,0.185840771741704),
 .UNSPECIFIED.);
#19=B_SPLINE_CURVE_WITH_KNOTS('',3,(#6537,#6538,#6539,#6540,#6541),
 .UNSPECIFIED.,.F.,.F.,(4,1,4),(0.,0.0956491996401421,0.185840771741704),
 .UNSPECIFIED.);
#20=B_SPLINE_CURVE_WITH_KNOTS('',3,(#6553,#6554,#6555,#6556,#6557),
 .UNSPECIFIED.,.F.,.F.,(4,1,4),(0.,0.119896758431447,0.22703313017506),
 .UNSPECIFIED.);
#21=B_SPLINE_CURVE_WITH_KNOTS('',3,(#6560,#6561,#6562,#6563,#6564),
 .UNSPECIFIED.,.F.,.F.,(4,1,4),(0.,0.119896758431447,0.22703313017506),
 .UNSPECIFIED.);
#22=B_SPLINE_CURVE_WITH_KNOTS('',3,(#6576,#6577,#6578,#6579,#6580),
 .UNSPECIFIED.,.F.,.F.,(4,1,4),(0.,0.0971960837598838,0.194885509593817),
 .UNSPECIFIED.);
#23=B_SPLINE_CURVE_WITH_KNOTS('',3,(#6583,#6584,#6585,#6586,#6587),
 .UNSPECIFIED.,.F.,.F.,(4,1,4),(0.,0.0971960837598838,0.194885509593817),
 .UNSPECIFIED.);
#24=B_SPLINE_CURVE_WITH_KNOTS('',3,(#6599,#6600,#6601,#6602,#6603),
 .UNSPECIFIED.,.F.,.F.,(4,1,4),(0.,0.0922489458878904,0.186438584776123),
 .UNSPECIFIED.);
#25=B_SPLINE_CURVE_WITH_KNOTS('',3,(#6606,#6607,#6608,#6609,#6610),
 .UNSPECIFIED.,.F.,.F.,(4,1,4),(0.,0.0922489458878904,0.186438584776123),
 .UNSPECIFIED.);
#26=B_SPLINE_CURVE_WITH_KNOTS('',3,(#6622,#6623,#6624,#6625,#6626),
 .UNSPECIFIED.,.F.,.F.,(4,1,4),(0.,0.106797333337807,0.20329055429783),
 .UNSPECIFIED.);
#27=B_SPLINE_CURVE_WITH_KNOTS('',3,(#6629,#6630,#6631,#6632,#6633),
 .UNSPECIFIED.,.F.,.F.,(4,1,4),(0.,0.106797333337807,0.20329055429783),
 .UNSPECIFIED.);
#28=B_SPLINE_CURVE_WITH_KNOTS('',3,(#6645,#6646,#6647,#6648,#6649),
 .UNSPECIFIED.,.F.,.F.,(4,1,4),(0.,0.0835093264037595,0.17609637426324),
 .UNSPECIFIED.);
#29=B_SPLINE_CURVE_WITH_KNOTS('',3,(#6652,#6653,#6654,#6655,#6656),
 .UNSPECIFIED.,.F.,.F.,(4,1,4),(0.,0.0835093264037595,0.17609637426324),
 .UNSPECIFIED.);
#30=B_SPLINE_CURVE_WITH_KNOTS('',3,(#6668,#6669,#6670,#6671,#6672),
 .UNSPECIFIED.,.F.,.F.,(4,1,4),(0.,0.103493395403069,0.190548987259856),
 .UNSPECIFIED.);
#31=B_SPLINE_CURVE_WITH_KNOTS('',3,(#6675,#6676,#6677,#6678,#6679),
 .UNSPECIFIED.,.F.,.F.,(4,1,4),(0.,0.103493395403069,0.190548987259856),
 .UNSPECIFIED.);
#32=B_SPLINE_CURVE_WITH_KNOTS('',3,(#6697,#6698,#6699,#6700,#6701),
 .UNSPECIFIED.,.F.,.F.,(4,1,4),(0.,0.126424194100257,0.261432535061978),
 .UNSPECIFIED.);
#33=B_SPLINE_CURVE_WITH_KNOTS('',3,(#6704,#6705,#6706,#6707,#6708),
 .UNSPECIFIED.,.F.,.F.,(4,1,4),(0.,0.126424194100257,0.261432535061978),
 .UNSPECIFIED.);
#34=B_SPLINE_CURVE_WITH_KNOTS('',3,(#6720,#6721,#6722,#6723,#6724),
 .UNSPECIFIED.,.F.,.F.,(4,1,4),(0.,0.139445370341575,0.267264215958324),
 .UNSPECIFIED.);
#35=B_SPLINE_CURVE_WITH_KNOTS('',3,(#6727,#6728,#6729,#6730,#6731),
 .UNSPECIFIED.,.F.,.F.,(4,1,4),(0.,0.139445370341575,0.267264215958324),
 .UNSPECIFIED.);
#36=B_SPLINE_CURVE_WITH_KNOTS('',3,(#6743,#6744,#6745,#6746,#6747),
 .UNSPECIFIED.,.F.,.F.,(4,1,4),(0.,0.124580268940089,0.252360722895128),
 .UNSPECIFIED.);
#37=B_SPLINE_CURVE_WITH_KNOTS('',3,(#6750,#6751,#6752,#6753,#6754),
 .UNSPECIFIED.,.F.,.F.,(4,1,4),(0.,0.124580268940089,0.252360722895128),
 .UNSPECIFIED.);
#38=B_SPLINE_CURVE_WITH_KNOTS('',3,(#6766,#6767,#6768,#6769,#6770),
 .UNSPECIFIED.,.F.,.F.,(4,1,4),(0.,0.125526426985723,0.247937994693251),
 .UNSPECIFIED.);
#39=B_SPLINE_CURVE_WITH_KNOTS('',3,(#6773,#6774,#6775,#6776,#6777),
 .UNSPECIFIED.,.F.,.F.,(4,1,4),(0.,0.125526426985723,0.247937994693251),
 .UNSPECIFIED.);
#40=B_SPLINE_CURVE_WITH_KNOTS('',3,(#6789,#6790,#6791,#6792,#6793),
 .UNSPECIFIED.,.F.,.F.,(4,1,4),(0.,0.146896960547865,0.280549099502804),
 .UNSPECIFIED.);
#41=B_SPLINE_CURVE_WITH_KNOTS('',3,(#6796,#6797,#6798,#6799,#6800),
 .UNSPECIFIED.,.F.,.F.,(4,1,4),(0.,0.146896960547865,0.280549099502804),
 .UNSPECIFIED.);
#42=B_SPLINE_CURVE_WITH_KNOTS('',3,(#6812,#6813,#6814,#6815,#6816),
 .UNSPECIFIED.,.F.,.F.,(4,1,4),(0.,0.135295419900583,0.274558635668191),
 .UNSPECIFIED.);
#43=B_SPLINE_CURVE_WITH_KNOTS('',3,(#6819,#6820,#6821,#6822,#6823),
 .UNSPECIFIED.,.F.,.F.,(4,1,4),(0.,0.135295419900583,0.274558635668191),
 .UNSPECIFIED.);
#44=B_SPLINE_CURVE_WITH_KNOTS('',3,(#6835,#6836,#6837,#6838,#6839),
 .UNSPECIFIED.,.F.,.F.,(4,1,4),(0.,0.120241558263386,0.248224615216011),
 .UNSPECIFIED.);
#45=B_SPLINE_CURVE_WITH_KNOTS('',3,(#6842,#6843,#6844,#6845,#6846),
 .UNSPECIFIED.,.F.,.F.,(4,1,4),(0.,0.120241558263386,0.248224615216011),
 .UNSPECIFIED.);
#46=B_SPLINE_CURVE_WITH_KNOTS('',3,(#6858,#6859,#6860,#6861,#6862),
 .UNSPECIFIED.,.F.,.F.,(4,1,4),(0.,0.14756860286359,0.274130502219611),
 .UNSPECIFIED.);
#47=B_SPLINE_CURVE_WITH_KNOTS('',3,(#6865,#6866,#6867,#6868,#6869),
 .UNSPECIFIED.,.F.,.F.,(4,1,4),(0.,0.14756860286359,0.274130502219611),
 .UNSPECIFIED.);
#48=B_SPLINE_CURVE_WITH_KNOTS('',3,(#6881,#6882,#6883,#6884,#6885),
 .UNSPECIFIED.,.F.,.F.,(4,1,4),(0.,0.135873822964654,0.28154143354859),
 .UNSPECIFIED.);
#49=B_SPLINE_CURVE_WITH_KNOTS('',3,(#6888,#6889,#6890,#6891,#6892),
 .UNSPECIFIED.,.F.,.F.,(4,1,4),(0.,0.135873822964654,0.28154143354859),
 .UNSPECIFIED.);
#50=B_SPLINE_CURVE_WITH_KNOTS('',3,(#6904,#6905,#6906,#6907,#6908),
 .UNSPECIFIED.,.F.,.F.,(4,1,4),(0.,0.155138540269,0.294739052527565),
 .UNSPECIFIED.);
#51=B_SPLINE_CURVE_WITH_KNOTS('',3,(#6911,#6912,#6913,#6914,#6915),
 .UNSPECIFIED.,.F.,.F.,(4,1,4),(0.,0.155138540269,0.294739052527565),
 .UNSPECIFIED.);
#52=B_SPLINE_CURVE_WITH_KNOTS('',3,(#6932,#6933,#6934,#6935,#6936),
 .UNSPECIFIED.,.F.,.F.,(4,1,4),(0.,0.102564830180063,0.220156545516387),
 .UNSPECIFIED.);
#53=B_SPLINE_CURVE_WITH_KNOTS('',3,(#6937,#6938,#6939,#6940,#6941),
 .UNSPECIFIED.,.F.,.F.,(4,1,4),(0.,0.102564830180063,0.220156545516387),
 .UNSPECIFIED.);
#54=B_SPLINE_CURVE_WITH_KNOTS('',3,(#6963,#6964,#6965,#6966,#6967),
 .UNSPECIFIED.,.F.,.F.,(4,1,4),(0.,0.0797840755532495,0.143461972837289),
 .UNSPECIFIED.);
#55=B_SPLINE_CURVE_WITH_KNOTS('',3,(#6970,#6971,#6972,#6973,#6974),
 .UNSPECIFIED.,.F.,.F.,(4,1,4),(0.,0.0797840755532495,0.143461972837289),
 .UNSPECIFIED.);
#56=B_SPLINE_CURVE_WITH_KNOTS('',3,(#6986,#6987,#6988,#6989,#6990),
 .UNSPECIFIED.,.F.,.F.,(4,1,4),(0.,0.0853185394025884,0.171758550344322),
 .UNSPECIFIED.);
#57=B_SPLINE_CURVE_WITH_KNOTS('',3,(#6993,#6994,#6995,#6996,#6997),
 .UNSPECIFIED.,.F.,.F.,(4,1,4),(0.,0.0853185394025884,0.171758550344322),
 .UNSPECIFIED.);
#58=B_SPLINE_CURVE_WITH_KNOTS('',3,(#7009,#7010,#7011,#7012,#7013),
 .UNSPECIFIED.,.F.,.F.,(4,1,4),(0.,0.0964507174640467,0.193248032246878),
 .UNSPECIFIED.);
#59=B_SPLINE_CURVE_WITH_KNOTS('',3,(#7016,#7017,#7018,#7019,#7020),
 .UNSPECIFIED.,.F.,.F.,(4,1,4),(0.,0.0964507174640467,0.193248032246878),
 .UNSPECIFIED.);
#60=B_SPLINE_CURVE_WITH_KNOTS('',3,(#7032,#7033,#7034,#7035,#7036),
 .UNSPECIFIED.,.F.,.F.,(4,1,4),(0.,0.0968421048796613,0.192096115404332),
 .UNSPECIFIED.);
#61=B_SPLINE_CURVE_WITH_KNOTS('',3,(#7039,#7040,#7041,#7042,#7043),
 .UNSPECIFIED.,.F.,.F.,(4,1,4),(0.,0.0968421048796613,0.192096115404332),
 .UNSPECIFIED.);
#62=B_SPLINE_CURVE_WITH_KNOTS('',3,(#7055,#7056,#7057,#7058,#7059),
 .UNSPECIFIED.,.F.,.F.,(4,1,4),(0.,0.123313172594583,0.229928471849697),
 .UNSPECIFIED.);
#63=B_SPLINE_CURVE_WITH_KNOTS('',3,(#7062,#7063,#7064,#7065,#7066),
 .UNSPECIFIED.,.F.,.F.,(4,1,4),(0.,0.123313172594583,0.229928471849697),
 .UNSPECIFIED.);
#64=B_SPLINE_CURVE_WITH_KNOTS('',3,(#7078,#7079,#7080,#7081,#7082),
 .UNSPECIFIED.,.F.,.F.,(4,1,4),(0.,0.100847146146045,0.20581850284488),
 .UNSPECIFIED.);
#65=B_SPLINE_CURVE_WITH_KNOTS('',3,(#7085,#7086,#7087,#7088,#7089),
 .UNSPECIFIED.,.F.,.F.,(4,1,4),(0.,0.100847146146045,0.20581850284488),
 .UNSPECIFIED.);
#66=B_SPLINE_CURVE_WITH_KNOTS('',3,(#7101,#7102,#7103,#7104,#7105),
 .UNSPECIFIED.,.F.,.F.,(4,1,4),(0.,0.0592777630369264,0.11755191260389),
 .UNSPECIFIED.);
#67=B_SPLINE_CURVE_WITH_KNOTS('',3,(#7108,#7109,#7110,#7111,#7112),
 .UNSPECIFIED.,.F.,.F.,(4,1,4),(0.,0.0592777630369264,0.11755191260389),
 .UNSPECIFIED.);
#68=B_SPLINE_CURVE_WITH_KNOTS('',3,(#7124,#7125,#7126,#7127,#7128),
 .UNSPECIFIED.,.F.,.F.,(4,1,4),(0.,0.0677416989622193,0.130020350693666),
 .UNSPECIFIED.);
#69=B_SPLINE_CURVE_WITH_KNOTS('',3,(#7131,#7132,#7133,#7134,#7135),
 .UNSPECIFIED.,.F.,.F.,(4,1,4),(0.,0.0677416989622193,0.130020350693666),
 .UNSPECIFIED.);
#70=B_SPLINE_CURVE_WITH_KNOTS('',3,(#7147,#7148,#7149,#7150,#7151),
 .UNSPECIFIED.,.F.,.F.,(4,1,4),(0.,0.084872366861783,0.160159034458457),
 .UNSPECIFIED.);
#71=B_SPLINE_CURVE_WITH_KNOTS('',3,(#7154,#7155,#7156,#7157,#7158),
 .UNSPECIFIED.,.F.,.F.,(4,1,4),(0.,0.084872366861783,0.160159034458457),
 .UNSPECIFIED.);
#72=B_SPLINE_CURVE_WITH_KNOTS('',3,(#7170,#7171,#7172,#7173,#7174),
 .UNSPECIFIED.,.F.,.F.,(4,1,4),(0.,0.0684565088119974,0.14106731256904),
 .UNSPECIFIED.);
#73=B_SPLINE_CURVE_WITH_KNOTS('',3,(#7177,#7178,#7179,#7180,#7181),
 .UNSPECIFIED.,.F.,.F.,(4,1,4),(0.,0.0684565088119974,0.14106731256904),
 .UNSPECIFIED.);
#74=B_SPLINE_CURVE_WITH_KNOTS('',3,(#7193,#7194,#7195,#7196,#7197),
 .UNSPECIFIED.,.F.,.F.,(4,1,4),(0.,0.0564419427492681,0.119184657247521),
 .UNSPECIFIED.);
#75=B_SPLINE_CURVE_WITH_KNOTS('',3,(#7200,#7201,#7202,#7203,#7204),
 .UNSPECIFIED.,.F.,.F.,(4,1,4),(0.,0.0564419427492681,0.119184657247521),
 .UNSPECIFIED.);
#76=B_SPLINE_CURVE_WITH_KNOTS('',3,(#7216,#7217,#7218,#7219,#7220),
 .UNSPECIFIED.,.F.,.F.,(4,1,4),(0.,0.072731980766412,0.132979781288526),
 .UNSPECIFIED.);
#77=B_SPLINE_CURVE_WITH_KNOTS('',3,(#7223,#7224,#7225,#7226,#7227),
 .UNSPECIFIED.,.F.,.F.,(4,1,4),(0.,0.072731980766412,0.132979781288526),
 .UNSPECIFIED.);
#78=B_SPLINE_CURVE_WITH_KNOTS('',3,(#7245,#7246,#7247,#7248,#7249),
 .UNSPECIFIED.,.F.,.F.,(4,1,4),(0.,0.0845511755032487,0.181359205934133),
 .UNSPECIFIED.);
#79=B_SPLINE_CURVE_WITH_KNOTS('',3,(#7252,#7253,#7254,#7255,#7256),
 .UNSPECIFIED.,.F.,.F.,(4,1,4),(0.,0.0845511755032487,0.181359205934133),
 .UNSPECIFIED.);
#80=B_SPLINE_CURVE_WITH_KNOTS('',3,(#7268,#7269,#7270,#7271,#7272),
 .UNSPECIFIED.,.F.,.F.,(4,1,4),(0.,0.08887734138868,0.170311344636073),
 .UNSPECIFIED.);
#81=B_SPLINE_CURVE_WITH_KNOTS('',3,(#7275,#7276,#7277,#7278,#7279),
 .UNSPECIFIED.,.F.,.F.,(4,1,4),(0.,0.08887734138868,0.170311344636073),
 .UNSPECIFIED.);
#82=B_SPLINE_CURVE_WITH_KNOTS('',3,(#7291,#7292,#7293,#7294,#7295),
 .UNSPECIFIED.,.F.,.F.,(4,1,4),(0.,0.103552279941853,0.199896849902449),
 .UNSPECIFIED.);
#83=B_SPLINE_CURVE_WITH_KNOTS('',3,(#7298,#7299,#7300,#7301,#7302),
 .UNSPECIFIED.,.F.,.F.,(4,1,4),(0.,0.103552279941853,0.199896849902449),
 .UNSPECIFIED.);
#84=B_SPLINE_CURVE_WITH_KNOTS('',3,(#7314,#7315,#7316,#7317,#7318),
 .UNSPECIFIED.,.F.,.F.,(4,1,4),(0.,0.13161147405635,0.273135059761889),
 .UNSPECIFIED.);
#85=B_SPLINE_CURVE_WITH_KNOTS('',3,(#7321,#7322,#7323,#7324,#7325),
 .UNSPECIFIED.,.F.,.F.,(4,1,4),(0.,0.13161147405635,0.273135059761889),
 .UNSPECIFIED.);
#86=B_SPLINE_CURVE_WITH_KNOTS('',3,(#7337,#7338,#7339,#7340,#7341),
 .UNSPECIFIED.,.F.,.F.,(4,1,4),(0.,0.133380746947665,0.261083197125233),
 .UNSPECIFIED.);
#87=B_SPLINE_CURVE_WITH_KNOTS('',3,(#7344,#7345,#7346,#7347,#7348),
 .UNSPECIFIED.,.F.,.F.,(4,1,4),(0.,0.133380746947665,0.261083197125233),
 .UNSPECIFIED.);
#88=B_SPLINE_CURVE_WITH_KNOTS('',3,(#7360,#7361,#7362,#7363,#7364),
 .UNSPECIFIED.,.F.,.F.,(4,1,4),(0.,0.141844636368912,0.28066305736407),
 .UNSPECIFIED.);
#89=B_SPLINE_CURVE_WITH_KNOTS('',3,(#7367,#7368,#7369,#7370,#7371),
 .UNSPECIFIED.,.F.,.F.,(4,1,4),(0.,0.141844636368912,0.28066305736407),
 .UNSPECIFIED.);
#90=B_SPLINE_CURVE_WITH_KNOTS('',3,(#7383,#7384,#7385,#7386,#7387),
 .UNSPECIFIED.,.F.,.F.,(4,1,4),(0.,0.134491399525192,0.275676054220438),
 .UNSPECIFIED.);
#91=B_SPLINE_CURVE_WITH_KNOTS('',3,(#7390,#7391,#7392,#7393,#7394),
 .UNSPECIFIED.,.F.,.F.,(4,1,4),(0.,0.134491399525192,0.275676054220438),
 .UNSPECIFIED.);
#92=B_SPLINE_CURVE_WITH_KNOTS('',3,(#7406,#7407,#7408,#7409,#7410),
 .UNSPECIFIED.,.F.,.F.,(4,1,4),(0.,0.130770477012812,0.260737698288526),
 .UNSPECIFIED.);
#93=B_SPLINE_CURVE_WITH_KNOTS('',3,(#7413,#7414,#7415,#7416,#7417),
 .UNSPECIFIED.,.F.,.F.,(4,1,4),(0.,0.130770477012812,0.260737698288526),
 .UNSPECIFIED.);
#94=B_SPLINE_CURVE_WITH_KNOTS('',3,(#7429,#7430,#7431,#7432,#7433),
 .UNSPECIFIED.,.F.,.F.,(4,1,4),(0.,0.141561024801568,0.277365439921578),
 .UNSPECIFIED.);
#95=B_SPLINE_CURVE_WITH_KNOTS('',3,(#7436,#7437,#7438,#7439,#7440),
 .UNSPECIFIED.,.F.,.F.,(4,1,4),(0.,0.141561024801568,0.277365439921578),
 .UNSPECIFIED.);
#96=B_SPLINE_CURVE_WITH_KNOTS('',3,(#7452,#7453,#7454,#7455,#7456),
 .UNSPECIFIED.,.F.,.F.,(4,1,4),(0.,0.109020100928636,0.217233834655209),
 .UNSPECIFIED.);
#97=B_SPLINE_CURVE_WITH_KNOTS('',3,(#7459,#7460,#7461,#7462,#7463),
 .UNSPECIFIED.,.F.,.F.,(4,1,4),(0.,0.109020100928636,0.217233834655209),
 .UNSPECIFIED.);
#98=B_SPLINE_CURVE_WITH_KNOTS('',3,(#7475,#7476,#7477,#7478,#7479),
 .UNSPECIFIED.,.F.,.F.,(4,1,4),(0.,0.120289786059151,0.233632014583314),
 .UNSPECIFIED.);
#99=B_SPLINE_CURVE_WITH_KNOTS('',3,(#7482,#7483,#7484,#7485,#7486),
 .UNSPECIFIED.,.F.,.F.,(4,1,4),(0.,0.120289786059151,0.233632014583314),
 .UNSPECIFIED.);
#100=B_SPLINE_CURVE_WITH_KNOTS('',3,(#7529,#7530,#7531,#7532,#7533),
 .UNSPECIFIED.,.F.,.F.,(4,1,4),(0.,0.0745178015810309,0.171374194698142),
 .UNSPECIFIED.);
#101=B_SPLINE_CURVE_WITH_KNOTS('',3,(#7536,#7537,#7538,#7539,#7540),
 .UNSPECIFIED.,.F.,.F.,(4,1,4),(0.,0.0745178015810309,0.171374194698142),
 .UNSPECIFIED.);
#102=B_SPLINE_CURVE_WITH_KNOTS('',3,(#7552,#7553,#7554,#7555,#7556),
 .UNSPECIFIED.,.F.,.F.,(4,1,4),(0.,0.0659185890234384,0.130857023840041),
 .UNSPECIFIED.);
#103=B_SPLINE_CURVE_WITH_KNOTS('',3,(#7559,#7560,#7561,#7562,#7563),
 .UNSPECIFIED.,.F.,.F.,(4,1,4),(0.,0.0659185890234384,0.130857023840041),
 .UNSPECIFIED.);
#104=B_SPLINE_CURVE_WITH_KNOTS('',3,(#7575,#7576,#7577,#7578,#7579),
 .UNSPECIFIED.,.F.,.F.,(4,1,4),(0.,0.0476893373312429,0.0948860419159343),
 .UNSPECIFIED.);
#105=B_SPLINE_CURVE_WITH_KNOTS('',3,(#7582,#7583,#7584,#7585,#7586),
 .UNSPECIFIED.,.F.,.F.,(4,1,4),(0.,0.0476893373312429,0.0948860419159343),
 .UNSPECIFIED.);
#106=B_SPLINE_CURVE_WITH_KNOTS('',3,(#7598,#7599,#7600,#7601,#7602),
 .UNSPECIFIED.,.F.,.F.,(4,1,4),(0.,0.0512820330008847,0.0995545623473932),
 .UNSPECIFIED.);
#107=B_SPLINE_CURVE_WITH_KNOTS('',3,(#7605,#7606,#7607,#7608,#7609),
 .UNSPECIFIED.,.F.,.F.,(4,1,4),(0.,0.0512820330008847,0.0995545623473932),
 .UNSPECIFIED.);
#108=B_SPLINE_CURVE_WITH_KNOTS('',3,(#7621,#7622,#7623,#7624,#7625),
 .UNSPECIFIED.,.F.,.F.,(4,1,4),(0.,0.0809632722042174,0.143556928736866),
 .UNSPECIFIED.);
#109=B_SPLINE_CURVE_WITH_KNOTS('',3,(#7628,#7629,#7630,#7631,#7632),
 .UNSPECIFIED.,.F.,.F.,(4,1,4),(0.,0.0809632722042174,0.143556928736866),
 .UNSPECIFIED.);
#110=B_SPLINE_CURVE_WITH_KNOTS('',3,(#7668,#7669,#7670,#7671,#7672),
 .UNSPECIFIED.,.F.,.F.,(4,1,4),(0.,0.0298879883926872,0.0739014616423729),
 .UNSPECIFIED.);
#111=B_SPLINE_CURVE_WITH_KNOTS('',3,(#7675,#7676,#7677,#7678,#7679),
 .UNSPECIFIED.,.F.,.F.,(4,1,4),(0.,0.0298879883926872,0.0739014616423729),
 .UNSPECIFIED.);
#112=B_SPLINE_CURVE_WITH_KNOTS('',3,(#7691,#7692,#7693,#7694,#7695),
 .UNSPECIFIED.,.F.,.F.,(4,1,4),(0.,0.0338069025881972,0.0658945736757983),
 .UNSPECIFIED.);
#113=B_SPLINE_CURVE_WITH_KNOTS('',3,(#7698,#7699,#7700,#7701,#7702),
 .UNSPECIFIED.,.F.,.F.,(4,1,4),(0.,0.0338069025881972,0.0658945736757983),
 .UNSPECIFIED.);
#114=B_SPLINE_CURVE_WITH_KNOTS('',3,(#7714,#7715,#7716,#7717,#7718),
 .UNSPECIFIED.,.F.,.F.,(4,1,4),(0.,0.0540147669277197,0.0953260096601462),
 .UNSPECIFIED.);
#115=B_SPLINE_CURVE_WITH_KNOTS('',3,(#7721,#7722,#7723,#7724,#7725),
 .UNSPECIFIED.,.F.,.F.,(4,1,4),(0.,0.0540147669277197,0.0953260096601462),
 .UNSPECIFIED.);
#116=B_SPLINE_CURVE_WITH_KNOTS('',3,(#7737,#7738,#7739,#7740,#7741),
 .UNSPECIFIED.,.F.,.F.,(4,1,4),(0.,0.0954454065782308,0.167688244972362),
 .UNSPECIFIED.);
#117=B_SPLINE_CURVE_WITH_KNOTS('',3,(#7744,#7745,#7746,#7747,#7748),
 .UNSPECIFIED.,.F.,.F.,(4,1,4),(0.,0.0954454065782308,0.167688244972362),
 .UNSPECIFIED.);
#118=B_SPLINE_CURVE_WITH_KNOTS('',3,(#7778,#7779,#7780,#7781,#7782),
 .UNSPECIFIED.,.F.,.F.,(4,1,4),(0.,0.0822740564587545,0.172834398551297),
 .UNSPECIFIED.);
#119=B_SPLINE_CURVE_WITH_KNOTS('',3,(#7785,#7786,#7787,#7788,#7789),
 .UNSPECIFIED.,.F.,.F.,(4,1,4),(0.,0.0822740564587545,0.172834398551297),
 .UNSPECIFIED.);
#120=B_SPLINE_CURVE_WITH_KNOTS('',3,(#7801,#7802,#7803,#7804,#7805),
 .UNSPECIFIED.,.F.,.F.,(4,1,4),(0.,0.0525751776875143,0.0942891476876114),
 .UNSPECIFIED.);
#121=B_SPLINE_CURVE_WITH_KNOTS('',3,(#7808,#7809,#7810,#7811,#7812),
 .UNSPECIFIED.,.F.,.F.,(4,1,4),(0.,0.0525751776875143,0.0942891476876114),
 .UNSPECIFIED.);
#122=B_SPLINE_CURVE_WITH_KNOTS('',3,(#7824,#7825,#7826,#7827,#7828),
 .UNSPECIFIED.,.F.,.F.,(4,1,4),(0.,0.10604507920256,0.235513956356314),
 .UNSPECIFIED.);
#123=B_SPLINE_CURVE_WITH_KNOTS('',3,(#7831,#7832,#7833,#7834,#7835),
 .UNSPECIFIED.,.F.,.F.,(4,1,4),(0.,0.10604507920256,0.235513956356314),
 .UNSPECIFIED.);
#124=B_SPLINE_CURVE_WITH_KNOTS('',3,(#7847,#7848,#7849,#7850,#7851),
 .UNSPECIFIED.,.F.,.F.,(4,1,4),(0.,0.0995570185698618,0.195924656474207),
 .UNSPECIFIED.);
#125=B_SPLINE_CURVE_WITH_KNOTS('',3,(#7854,#7855,#7856,#7857,#7858),
 .UNSPECIFIED.,.F.,.F.,(4,1,4),(0.,0.0995570185698618,0.195924656474207),
 .UNSPECIFIED.);
#126=B_SPLINE_CURVE_WITH_KNOTS('',3,(#7870,#7871,#7872,#7873,#7874),
 .UNSPECIFIED.,.F.,.F.,(4,1,4),(0.,0.078283332805444,0.157922243490509),
 .UNSPECIFIED.);
#127=B_SPLINE_CURVE_WITH_KNOTS('',3,(#7877,#7878,#7879,#7880,#7881),
 .UNSPECIFIED.,.F.,.F.,(4,1,4),(0.,0.078283332805444,0.157922243490509),
 .UNSPECIFIED.);
#128=B_SPLINE_CURVE_WITH_KNOTS('',3,(#7893,#7894,#7895,#7896,#7897),
 .UNSPECIFIED.,.F.,.F.,(4,1,4),(0.,0.0727073809900623,0.148232837575074),
 .UNSPECIFIED.);
#129=B_SPLINE_CURVE_WITH_KNOTS('',3,(#7900,#7901,#7902,#7903,#7904),
 .UNSPECIFIED.,.F.,.F.,(4,1,4),(0.,0.0727073809900623,0.148232837575074),
 .UNSPECIFIED.);
#130=B_SPLINE_CURVE_WITH_KNOTS('',3,(#7916,#7917,#7918,#7919,#7920),
 .UNSPECIFIED.,.F.,.F.,(4,1,4),(0.,0.11786462419565,0.205883601178752),
 .UNSPECIFIED.);
#131=B_SPLINE_CURVE_WITH_KNOTS('',3,(#7923,#7924,#7925,#7926,#7927),
 .UNSPECIFIED.,.F.,.F.,(4,1,4),(0.,0.11786462419565,0.205883601178752),
 .UNSPECIFIED.);
#132=B_SPLINE_CURVE_WITH_KNOTS('',3,(#7964,#7965,#7966,#7967,#7968),
 .UNSPECIFIED.,.F.,.F.,(4,1,4),(0.,0.0710832142621771,0.173019270534921),
 .UNSPECIFIED.);
#133=B_SPLINE_CURVE_WITH_KNOTS('',3,(#7971,#7972,#7973,#7974,#7975),
 .UNSPECIFIED.,.F.,.F.,(4,1,4),(0.,0.0710832142621771,0.173019270534921),
 .UNSPECIFIED.);
#134=B_SPLINE_CURVE_WITH_KNOTS('',3,(#7987,#7988,#7989,#7990,#7991),
 .UNSPECIFIED.,.F.,.F.,(4,1,4),(0.,0.0906043965289502,0.17089965886359),
 .UNSPECIFIED.);
#135=B_SPLINE_CURVE_WITH_KNOTS('',3,(#7994,#7995,#7996,#7997,#7998),
 .UNSPECIFIED.,.F.,.F.,(4,1,4),(0.,0.0906043965289502,0.17089965886359),
 .UNSPECIFIED.);
#136=B_SPLINE_CURVE_WITH_KNOTS('',3,(#8010,#8011,#8012,#8013,#8014),
 .UNSPECIFIED.,.F.,.F.,(4,1,4),(0.,0.139246771145774,0.248545333897088),
 .UNSPECIFIED.);
#137=B_SPLINE_CURVE_WITH_KNOTS('',3,(#8017,#8018,#8019,#8020,#8021),
 .UNSPECIFIED.,.F.,.F.,(4,1,4),(0.,0.139246771145774,0.248545333897088),
 .UNSPECIFIED.);
#138=B_SPLINE_CURVE_WITH_KNOTS('',3,(#8033,#8034,#8035,#8036,#8037),
 .UNSPECIFIED.,.F.,.F.,(4,1,4),(0.,0.0903942876819783,0.195482420907933),
 .UNSPECIFIED.);
#139=B_SPLINE_CURVE_WITH_KNOTS('',3,(#8040,#8041,#8042,#8043,#8044),
 .UNSPECIFIED.,.F.,.F.,(4,1,4),(0.,0.0903942876819783,0.195482420907933),
 .UNSPECIFIED.);
#140=B_SPLINE_CURVE_WITH_KNOTS('',3,(#8056,#8057,#8058,#8059,#8060),
 .UNSPECIFIED.,.F.,.F.,(4,1,4),(0.,0.0691351569689485,0.146793175966587),
 .UNSPECIFIED.);
#141=B_SPLINE_CURVE_WITH_KNOTS('',3,(#8063,#8064,#8065,#8066,#8067),
 .UNSPECIFIED.,.F.,.F.,(4,1,4),(0.,0.0691351569689485,0.146793175966587),
 .UNSPECIFIED.);
#142=B_SPLINE_CURVE_WITH_KNOTS('',3,(#8079,#8080,#8081,#8082,#8083),
 .UNSPECIFIED.,.F.,.F.,(4,1,4),(0.,0.0554439278194757,0.104625432317802),
 .UNSPECIFIED.);
#143=B_SPLINE_CURVE_WITH_KNOTS('',3,(#8086,#8087,#8088,#8089,#8090),
 .UNSPECIFIED.,.F.,.F.,(4,1,4),(0.,0.0554439278194757,0.104625432317802),
 .UNSPECIFIED.);
#144=B_SPLINE_CURVE_WITH_KNOTS('',3,(#8102,#8103,#8104,#8105,#8106),
 .UNSPECIFIED.,.F.,.F.,(4,1,4),(0.,0.0882851916518819,0.156378961294181),
 .UNSPECIFIED.);
#145=B_SPLINE_CURVE_WITH_KNOTS('',3,(#8109,#8110,#8111,#8112,#8113),
 .UNSPECIFIED.,.F.,.F.,(4,1,4),(0.,0.0882851916518819,0.156378961294181),
 .UNSPECIFIED.);
#146=B_SPLINE_CURVE_WITH_KNOTS('',3,(#8135,#8136,#8137,#8138,#8139),
 .UNSPECIFIED.,.F.,.F.,(4,1,4),(0.,0.0759483951043221,0.161491262504973),
 .UNSPECIFIED.);
#147=B_SPLINE_CURVE_WITH_KNOTS('',3,(#8143,#8144,#8145,#8146,#8147),
 .UNSPECIFIED.,.F.,.F.,(4,1,4),(0.,0.0759483951043221,0.161491262504973),
 .UNSPECIFIED.);
#148=B_SPLINE_CURVE_WITH_KNOTS('',3,(#8160,#8161,#8162,#8163,#8164),
 .UNSPECIFIED.,.F.,.F.,(4,1,4),(0.,0.0615625905656681,0.129837030814713),
 .UNSPECIFIED.);
#149=B_SPLINE_CURVE_WITH_KNOTS('',3,(#8167,#8168,#8169,#8170,#8171),
 .UNSPECIFIED.,.F.,.F.,(4,1,4),(0.,0.0615625905656681,0.129837030814713),
 .UNSPECIFIED.);
#150=B_SPLINE_CURVE_WITH_KNOTS('',3,(#8183,#8184,#8185,#8186,#8187),
 .UNSPECIFIED.,.F.,.F.,(4,1,4),(0.,0.0673845906315811,0.129285623392748),
 .UNSPECIFIED.);
#151=B_SPLINE_CURVE_WITH_KNOTS('',3,(#8190,#8191,#8192,#8193,#8194),
 .UNSPECIFIED.,.F.,.F.,(4,1,4),(0.,0.0673845906315811,0.129285623392748),
 .UNSPECIFIED.);
#152=B_SPLINE_CURVE_WITH_KNOTS('',3,(#8206,#8207,#8208,#8209,#8210),
 .UNSPECIFIED.,.F.,.F.,(4,1,4),(0.,0.0860245420550466,0.161664527025617),
 .UNSPECIFIED.);
#153=B_SPLINE_CURVE_WITH_KNOTS('',3,(#8213,#8214,#8215,#8216,#8217),
 .UNSPECIFIED.,.F.,.F.,(4,1,4),(0.,0.0860245420550466,0.161664527025617),
 .UNSPECIFIED.);
#154=B_SPLINE_CURVE_WITH_KNOTS('',3,(#8229,#8230,#8231,#8232,#8233),
 .UNSPECIFIED.,.F.,.F.,(4,1,4),(0.,0.107640896872147,0.204199537419079),
 .UNSPECIFIED.);
#155=B_SPLINE_CURVE_WITH_KNOTS('',3,(#8236,#8237,#8238,#8239,#8240),
 .UNSPECIFIED.,.F.,.F.,(4,1,4),(0.,0.107640896872147,0.204199537419079),
 .UNSPECIFIED.);
#156=B_SPLINE_CURVE_WITH_KNOTS('',3,(#8252,#8253,#8254,#8255,#8256),
 .UNSPECIFIED.,.F.,.F.,(4,1,4),(0.,0.115078336251637,0.241659333254516),
 .UNSPECIFIED.);
#157=B_SPLINE_CURVE_WITH_KNOTS('',3,(#8259,#8260,#8261,#8262,#8263),
 .UNSPECIFIED.,.F.,.F.,(4,1,4),(0.,0.115078336251637,0.241659333254516),
 .UNSPECIFIED.);
#158=B_SPLINE_CURVE_WITH_KNOTS('',3,(#8275,#8276,#8277,#8278,#8279),
 .UNSPECIFIED.,.F.,.F.,(4,1,4),(0.,0.102862931487473,0.209716715028653),
 .UNSPECIFIED.);
#159=B_SPLINE_CURVE_WITH_KNOTS('',3,(#8282,#8283,#8284,#8285,#8286),
 .UNSPECIFIED.,.F.,.F.,(4,1,4),(0.,0.102862931487473,0.209716715028653),
 .UNSPECIFIED.);
#160=B_SPLINE_CURVE_WITH_KNOTS('',3,(#8298,#8299,#8300,#8301,#8302),
 .UNSPECIFIED.,.F.,.F.,(4,1,4),(0.,0.0843501436133767,0.164427066440112),
 .UNSPECIFIED.);
#161=B_SPLINE_CURVE_WITH_KNOTS('',3,(#8305,#8306,#8307,#8308,#8309),
 .UNSPECIFIED.,.F.,.F.,(4,1,4),(0.,0.0843501436133767,0.164427066440112),
 .UNSPECIFIED.);
#162=B_SPLINE_CURVE_WITH_KNOTS('',3,(#8321,#8322,#8323,#8324,#8325),
 .UNSPECIFIED.,.F.,.F.,(4,1,4),(0.,0.102892983983219,0.178861363442462),
 .UNSPECIFIED.);
#163=B_SPLINE_CURVE_WITH_KNOTS('',3,(#8328,#8329,#8330,#8331,#8332),
 .UNSPECIFIED.,.F.,.F.,(4,1,4),(0.,0.102892983983219,0.178861363442462),
 .UNSPECIFIED.);
#164=B_SPLINE_CURVE_WITH_KNOTS('',3,(#8434,#8435,#8436,#8437,#8438),
 .UNSPECIFIED.,.F.,.F.,(4,1,4),(0.,0.0985652931889045,0.198602913437628),
 .UNSPECIFIED.);
#165=B_SPLINE_CURVE_WITH_KNOTS('',3,(#8442,#8443,#8444,#8445,#8446),
 .UNSPECIFIED.,.F.,.F.,(4,1,4),(0.,0.0985652931889045,0.198602913437628),
 .UNSPECIFIED.);
#166=B_SPLINE_CURVE_WITH_KNOTS('',3,(#8459,#8460,#8461,#8462,#8463),
 .UNSPECIFIED.,.F.,.F.,(4,1,4),(0.,0.122238193209054,0.219209371206546),
 .UNSPECIFIED.);
#167=B_SPLINE_CURVE_WITH_KNOTS('',3,(#8466,#8467,#8468,#8469,#8470),
 .UNSPECIFIED.,.F.,.F.,(4,1,4),(0.,0.122238193209054,0.219209371206546),
 .UNSPECIFIED.);
#168=B_SPLINE_CURVE_WITH_KNOTS('',3,(#8555,#8556,#8557,#8558,#8559),
 .UNSPECIFIED.,.F.,.F.,(4,1,4),(0.,0.0745182249781516,0.171374499718368),
 .UNSPECIFIED.);
#169=B_SPLINE_CURVE_WITH_KNOTS('',3,(#8562,#8563,#8564,#8565,#8566),
 .UNSPECIFIED.,.F.,.F.,(4,1,4),(0.,0.0745182249781516,0.171374499718368),
 .UNSPECIFIED.);
#170=B_SPLINE_CURVE_WITH_KNOTS('',3,(#8578,#8579,#8580,#8581,#8582),
 .UNSPECIFIED.,.F.,.F.,(4,1,4),(0.,0.0659185890234384,0.130857023840041),
 .UNSPECIFIED.);
#171=B_SPLINE_CURVE_WITH_KNOTS('',3,(#8585,#8586,#8587,#8588,#8589),
 .UNSPECIFIED.,.F.,.F.,(4,1,4),(0.,0.0659185890234384,0.130857023840041),
 .UNSPECIFIED.);
#172=B_SPLINE_CURVE_WITH_KNOTS('',3,(#8601,#8602,#8603,#8604,#8605),
 .UNSPECIFIED.,.F.,.F.,(4,1,4),(0.,0.0476895867071418,0.0948863080905645),
 .UNSPECIFIED.);
#173=B_SPLINE_CURVE_WITH_KNOTS('',3,(#8608,#8609,#8610,#8611,#8612),
 .UNSPECIFIED.,.F.,.F.,(4,1,4),(0.,0.0476895867071418,0.0948863080905645),
 .UNSPECIFIED.);
#174=B_SPLINE_CURVE_WITH_KNOTS('',3,(#8624,#8625,#8626,#8627,#8628),
 .UNSPECIFIED.,.F.,.F.,(4,1,4),(0.,0.0512821376546688,0.0995545861443466),
 .UNSPECIFIED.);
#175=B_SPLINE_CURVE_WITH_KNOTS('',3,(#8631,#8632,#8633,#8634,#8635),
 .UNSPECIFIED.,.F.,.F.,(4,1,4),(0.,0.0512821376546688,0.0995545861443466),
 .UNSPECIFIED.);
#176=B_SPLINE_CURVE_WITH_KNOTS('',3,(#8647,#8648,#8649,#8650,#8651),
 .UNSPECIFIED.,.F.,.F.,(4,1,4),(0.,0.080963034171491,0.143556225623451),
 .UNSPECIFIED.);
#177=B_SPLINE_CURVE_WITH_KNOTS('',3,(#8654,#8655,#8656,#8657,#8658),
 .UNSPECIFIED.,.F.,.F.,(4,1,4),(0.,0.080963034171491,0.143556225623451),
 .UNSPECIFIED.);
#178=B_SPLINE_CURVE_WITH_KNOTS('',3,(#8694,#8695,#8696,#8697,#8698),
 .UNSPECIFIED.,.F.,.F.,(4,1,4),(0.,0.0298879883926872,0.073901938304181),
 .UNSPECIFIED.);
#179=B_SPLINE_CURVE_WITH_KNOTS('',3,(#8701,#8702,#8703,#8704,#8705),
 .UNSPECIFIED.,.F.,.F.,(4,1,4),(0.,0.0298879883926872,0.073901938304181),
 .UNSPECIFIED.);
#180=B_SPLINE_CURVE_WITH_KNOTS('',3,(#8717,#8718,#8719,#8720,#8721),
 .UNSPECIFIED.,.F.,.F.,(4,1,4),(0.,0.0338069025881972,0.0658944609050144),
 .UNSPECIFIED.);
#181=B_SPLINE_CURVE_WITH_KNOTS('',3,(#8724,#8725,#8726,#8727,#8728),
 .UNSPECIFIED.,.F.,.F.,(4,1,4),(0.,0.0338069025881972,0.0658944609050144),
 .UNSPECIFIED.);
#182=B_SPLINE_CURVE_WITH_KNOTS('',3,(#8740,#8741,#8742,#8743,#8744),
 .UNSPECIFIED.,.F.,.F.,(4,1,4),(0.,0.0540150815659293,0.0953259562139714),
 .UNSPECIFIED.);
#183=B_SPLINE_CURVE_WITH_KNOTS('',3,(#8747,#8748,#8749,#8750,#8751),
 .UNSPECIFIED.,.F.,.F.,(4,1,4),(0.,0.0540150815659293,0.0953259562139714),
 .UNSPECIFIED.);
#184=B_SPLINE_CURVE_WITH_KNOTS('',3,(#8763,#8764,#8765,#8766,#8767),
 .UNSPECIFIED.,.F.,.F.,(4,1,4),(0.,0.0954457367152756,0.167688293711943),
 .UNSPECIFIED.);
#185=B_SPLINE_CURVE_WITH_KNOTS('',3,(#8770,#8771,#8772,#8773,#8774),
 .UNSPECIFIED.,.F.,.F.,(4,1,4),(0.,0.0954457367152756,0.167688293711943),
 .UNSPECIFIED.);
#186=B_SPLINE_CURVE_WITH_KNOTS('',3,(#8804,#8805,#8806,#8807,#8808),
 .UNSPECIFIED.,.F.,.F.,(4,1,4),(0.,0.0822743018187988,0.172834784435905),
 .UNSPECIFIED.);
#187=B_SPLINE_CURVE_WITH_KNOTS('',3,(#8811,#8812,#8813,#8814,#8815),
 .UNSPECIFIED.,.F.,.F.,(4,1,4),(0.,0.0822743018187988,0.172834784435905),
 .UNSPECIFIED.);
#188=B_SPLINE_CURVE_WITH_KNOTS('',3,(#8827,#8828,#8829,#8830,#8831),
 .UNSPECIFIED.,.F.,.F.,(4,1,4),(0.,0.0525746537561796,0.0942884317432501),
 .UNSPECIFIED.);
#189=B_SPLINE_CURVE_WITH_KNOTS('',3,(#8834,#8835,#8836,#8837,#8838),
 .UNSPECIFIED.,.F.,.F.,(4,1,4),(0.,0.0525746537561796,0.0942884317432501),
 .UNSPECIFIED.);
#190=B_SPLINE_CURVE_WITH_KNOTS('',3,(#8850,#8851,#8852,#8853,#8854),
 .UNSPECIFIED.,.F.,.F.,(4,1,4),(0.,0.106045670410353,0.235513740802991),
 .UNSPECIFIED.);
#191=B_SPLINE_CURVE_WITH_KNOTS('',3,(#8857,#8858,#8859,#8860,#8861),
 .UNSPECIFIED.,.F.,.F.,(4,1,4),(0.,0.106045670410353,0.235513740802991),
 .UNSPECIFIED.);
#192=B_SPLINE_CURVE_WITH_KNOTS('',3,(#8873,#8874,#8875,#8876,#8877),
 .UNSPECIFIED.,.F.,.F.,(4,1,4),(0.,0.0995569773231681,0.195924423471418),
 .UNSPECIFIED.);
#193=B_SPLINE_CURVE_WITH_KNOTS('',3,(#8880,#8881,#8882,#8883,#8884),
 .UNSPECIFIED.,.F.,.F.,(4,1,4),(0.,0.0995569773231681,0.195924423471418),
 .UNSPECIFIED.);
#194=B_SPLINE_CURVE_WITH_KNOTS('',3,(#8896,#8897,#8898,#8899,#8900),
 .UNSPECIFIED.,.F.,.F.,(4,1,4),(0.,0.0782832377611803,0.15792217958885),
 .UNSPECIFIED.);
#195=B_SPLINE_CURVE_WITH_KNOTS('',3,(#8903,#8904,#8905,#8906,#8907),
 .UNSPECIFIED.,.F.,.F.,(4,1,4),(0.,0.0782832377611803,0.15792217958885),
 .UNSPECIFIED.);
#196=B_SPLINE_CURVE_WITH_KNOTS('',3,(#8919,#8920,#8921,#8922,#8923),
 .UNSPECIFIED.,.F.,.F.,(4,1,4),(0.,0.0727069705366473,0.148232733973541),
 .UNSPECIFIED.);
#197=B_SPLINE_CURVE_WITH_KNOTS('',3,(#8926,#8927,#8928,#8929,#8930),
 .UNSPECIFIED.,.F.,.F.,(4,1,4),(0.,0.0727069705366473,0.148232733973541),
 .UNSPECIFIED.);
#198=B_SPLINE_CURVE_WITH_KNOTS('',3,(#8942,#8943,#8944,#8945,#8946),
 .UNSPECIFIED.,.F.,.F.,(4,1,4),(0.,0.117864743205141,0.205883256417604),
 .UNSPECIFIED.);
#199=B_SPLINE_CURVE_WITH_KNOTS('',3,(#8949,#8950,#8951,#8952,#8953),
 .UNSPECIFIED.,.F.,.F.,(4,1,4),(0.,0.117864743205141,0.205883256417604),
 .UNSPECIFIED.);
#200=B_SPLINE_CURVE_WITH_KNOTS('',3,(#8990,#8991,#8992,#8993,#8994),
 .UNSPECIFIED.,.F.,.F.,(4,1,4),(0.,0.079784393543166,0.143462056498266),
 .UNSPECIFIED.);
#201=B_SPLINE_CURVE_WITH_KNOTS('',3,(#8997,#8998,#8999,#9000,#9001),
 .UNSPECIFIED.,.F.,.F.,(4,1,4),(0.,0.079784393543166,0.143462056498266),
 .UNSPECIFIED.);
#202=B_SPLINE_CURVE_WITH_KNOTS('',3,(#9013,#9014,#9015,#9016,#9017),
 .UNSPECIFIED.,.F.,.F.,(4,1,4),(0.,0.0853182563351021,0.171758345590679),
 .UNSPECIFIED.);
#203=B_SPLINE_CURVE_WITH_KNOTS('',3,(#9020,#9021,#9022,#9023,#9024),
 .UNSPECIFIED.,.F.,.F.,(4,1,4),(0.,0.0853182563351021,0.171758345590679),
 .UNSPECIFIED.);
#204=B_SPLINE_CURVE_WITH_KNOTS('',3,(#9036,#9037,#9038,#9039,#9040),
 .UNSPECIFIED.,.F.,.F.,(4,1,4),(0.,0.0964505555913243,0.19324777880691),
 .UNSPECIFIED.);
#205=B_SPLINE_CURVE_WITH_KNOTS('',3,(#9043,#9044,#9045,#9046,#9047),
 .UNSPECIFIED.,.F.,.F.,(4,1,4),(0.,0.0964505555913243,0.19324777880691),
 .UNSPECIFIED.);
#206=B_SPLINE_CURVE_WITH_KNOTS('',3,(#9059,#9060,#9061,#9062,#9063),
 .UNSPECIFIED.,.F.,.F.,(4,1,4),(0.,0.0968421039877924,0.192096221168317),
 .UNSPECIFIED.);
#207=B_SPLINE_CURVE_WITH_KNOTS('',3,(#9066,#9067,#9068,#9069,#9070),
 .UNSPECIFIED.,.F.,.F.,(4,1,4),(0.,0.0968421039877924,0.192096221168317),
 .UNSPECIFIED.);
#208=B_SPLINE_CURVE_WITH_KNOTS('',3,(#9082,#9083,#9084,#9085,#9086),
 .UNSPECIFIED.,.F.,.F.,(4,1,4),(0.,0.123313396180911,0.229928705017507),
 .UNSPECIFIED.);
#209=B_SPLINE_CURVE_WITH_KNOTS('',3,(#9089,#9090,#9091,#9092,#9093),
 .UNSPECIFIED.,.F.,.F.,(4,1,4),(0.,0.123313396180911,0.229928705017507),
 .UNSPECIFIED.);
#210=B_SPLINE_CURVE_WITH_KNOTS('',3,(#9105,#9106,#9107,#9108,#9109),
 .UNSPECIFIED.,.F.,.F.,(4,1,4),(0.,0.100846672022437,0.205818249883711),
 .UNSPECIFIED.);
#211=B_SPLINE_CURVE_WITH_KNOTS('',3,(#9112,#9113,#9114,#9115,#9116),
 .UNSPECIFIED.,.F.,.F.,(4,1,4),(0.,0.100846672022437,0.205818249883711),
 .UNSPECIFIED.);
#212=B_SPLINE_CURVE_WITH_KNOTS('',3,(#9128,#9129,#9130,#9131,#9132),
 .UNSPECIFIED.,.F.,.F.,(4,1,4),(0.,0.059277853060127,0.117552057745623),
 .UNSPECIFIED.);
#213=B_SPLINE_CURVE_WITH_KNOTS('',3,(#9135,#9136,#9137,#9138,#9139),
 .UNSPECIFIED.,.F.,.F.,(4,1,4),(0.,0.059277853060127,0.117552057745623),
 .UNSPECIFIED.);
#214=B_SPLINE_CURVE_WITH_KNOTS('',3,(#9151,#9152,#9153,#9154,#9155),
 .UNSPECIFIED.,.F.,.F.,(4,1,4),(0.,0.0677413966899849,0.130020200942059),
 .UNSPECIFIED.);
#215=B_SPLINE_CURVE_WITH_KNOTS('',3,(#9158,#9159,#9160,#9161,#9162),
 .UNSPECIFIED.,.F.,.F.,(4,1,4),(0.,0.0677413966899849,0.130020200942059),
 .UNSPECIFIED.);
#216=B_SPLINE_CURVE_WITH_KNOTS('',3,(#9174,#9175,#9176,#9177,#9178),
 .UNSPECIFIED.,.F.,.F.,(4,1,4),(0.,0.08487246602509,0.160158933265808),
 .UNSPECIFIED.);
#217=B_SPLINE_CURVE_WITH_KNOTS('',3,(#9181,#9182,#9183,#9184,#9185),
 .UNSPECIFIED.,.F.,.F.,(4,1,4),(0.,0.08487246602509,0.160158933265808),
 .UNSPECIFIED.);
#218=B_SPLINE_CURVE_WITH_KNOTS('',3,(#9197,#9198,#9199,#9200,#9201),
 .UNSPECIFIED.,.F.,.F.,(4,1,4),(0.,0.0684566103736221,0.14106753283882),
 .UNSPECIFIED.);
#219=B_SPLINE_CURVE_WITH_KNOTS('',3,(#9204,#9205,#9206,#9207,#9208),
 .UNSPECIFIED.,.F.,.F.,(4,1,4),(0.,0.0684566103736221,0.14106753283882),
 .UNSPECIFIED.);
#220=B_SPLINE_CURVE_WITH_KNOTS('',3,(#9220,#9221,#9222,#9223,#9224),
 .UNSPECIFIED.,.F.,.F.,(4,1,4),(0.,0.0564411827764948,0.119184273444734),
 .UNSPECIFIED.);
#221=B_SPLINE_CURVE_WITH_KNOTS('',3,(#9227,#9228,#9229,#9230,#9231),
 .UNSPECIFIED.,.F.,.F.,(4,1,4),(0.,0.0564411827764948,0.119184273444734),
 .UNSPECIFIED.);
#222=B_SPLINE_CURVE_WITH_KNOTS('',3,(#9243,#9244,#9245,#9246,#9247),
 .UNSPECIFIED.,.F.,.F.,(4,1,4),(0.,0.0727322871038261,0.132980148362253),
 .UNSPECIFIED.);
#223=B_SPLINE_CURVE_WITH_KNOTS('',3,(#9250,#9251,#9252,#9253,#9254),
 .UNSPECIFIED.,.F.,.F.,(4,1,4),(0.,0.0727322871038261,0.132980148362253),
 .UNSPECIFIED.);
#224=B_SPLINE_CURVE_WITH_KNOTS('',3,(#9272,#9273,#9274,#9275,#9276),
 .UNSPECIFIED.,.F.,.F.,(4,1,4),(0.,0.0845510951987954,0.181359575853406),
 .UNSPECIFIED.);
#225=B_SPLINE_CURVE_WITH_KNOTS('',3,(#9279,#9280,#9281,#9282,#9283),
 .UNSPECIFIED.,.F.,.F.,(4,1,4),(0.,0.0845510951987954,0.181359575853406),
 .UNSPECIFIED.);
#226=B_SPLINE_CURVE_WITH_KNOTS('',3,(#9295,#9296,#9297,#9298,#9299),
 .UNSPECIFIED.,.F.,.F.,(4,1,4),(0.,0.0888770188777458,0.170310902298668),
 .UNSPECIFIED.);
#227=B_SPLINE_CURVE_WITH_KNOTS('',3,(#9302,#9303,#9304,#9305,#9306),
 .UNSPECIFIED.,.F.,.F.,(4,1,4),(0.,0.0888770188777458,0.170310902298668),
 .UNSPECIFIED.);
#228=B_SPLINE_CURVE_WITH_KNOTS('',3,(#9318,#9319,#9320,#9321,#9322),
 .UNSPECIFIED.,.F.,.F.,(4,1,4),(0.,0.103552220556164,0.199896799062024),
 .UNSPECIFIED.);
#229=B_SPLINE_CURVE_WITH_KNOTS('',3,(#9325,#9326,#9327,#9328,#9329),
 .UNSPECIFIED.,.F.,.F.,(4,1,4),(0.,0.103552220556164,0.199896799062024),
 .UNSPECIFIED.);
#230=B_SPLINE_CURVE_WITH_KNOTS('',3,(#9341,#9342,#9343,#9344,#9345),
 .UNSPECIFIED.,.F.,.F.,(4,1,4),(0.,0.131611222437232,0.27313528216761),
 .UNSPECIFIED.);
#231=B_SPLINE_CURVE_WITH_KNOTS('',3,(#9348,#9349,#9350,#9351,#9352),
 .UNSPECIFIED.,.F.,.F.,(4,1,4),(0.,0.131611222437232,0.27313528216761),
 .UNSPECIFIED.);
#232=B_SPLINE_CURVE_WITH_KNOTS('',3,(#9364,#9365,#9366,#9367,#9368),
 .UNSPECIFIED.,.F.,.F.,(4,1,4),(0.,0.133380657899856,0.261083013518318),
 .UNSPECIFIED.);
#233=B_SPLINE_CURVE_WITH_KNOTS('',3,(#9371,#9372,#9373,#9374,#9375),
 .UNSPECIFIED.,.F.,.F.,(4,1,4),(0.,0.133380657899856,0.261083013518318),
 .UNSPECIFIED.);
#234=B_SPLINE_CURVE_WITH_KNOTS('',3,(#9387,#9388,#9389,#9390,#9391),
 .UNSPECIFIED.,.F.,.F.,(4,1,4),(0.,0.141844151108314,0.280663076324308),
 .UNSPECIFIED.);
#235=B_SPLINE_CURVE_WITH_KNOTS('',3,(#9394,#9395,#9396,#9397,#9398),
 .UNSPECIFIED.,.F.,.F.,(4,1,4),(0.,0.141844151108314,0.280663076324308),
 .UNSPECIFIED.);
#236=B_SPLINE_CURVE_WITH_KNOTS('',3,(#9410,#9411,#9412,#9413,#9414),
 .UNSPECIFIED.,.F.,.F.,(4,1,4),(0.,0.134491252036353,0.275675914830986),
 .UNSPECIFIED.);
#237=B_SPLINE_CURVE_WITH_KNOTS('',3,(#9417,#9418,#9419,#9420,#9421),
 .UNSPECIFIED.,.F.,.F.,(4,1,4),(0.,0.134491252036353,0.275675914830986),
 .UNSPECIFIED.);
#238=B_SPLINE_CURVE_WITH_KNOTS('',3,(#9433,#9434,#9435,#9436,#9437),
 .UNSPECIFIED.,.F.,.F.,(4,1,4),(0.,0.130770383894896,0.260737737459662),
 .UNSPECIFIED.);
#239=B_SPLINE_CURVE_WITH_KNOTS('',3,(#9440,#9441,#9442,#9443,#9444),
 .UNSPECIFIED.,.F.,.F.,(4,1,4),(0.,0.130770383894896,0.260737737459662),
 .UNSPECIFIED.);
#240=B_SPLINE_CURVE_WITH_KNOTS('',3,(#9456,#9457,#9458,#9459,#9460),
 .UNSPECIFIED.,.F.,.F.,(4,1,4),(0.,0.141561202513943,0.277365532533333),
 .UNSPECIFIED.);
#241=B_SPLINE_CURVE_WITH_KNOTS('',3,(#9463,#9464,#9465,#9466,#9467),
 .UNSPECIFIED.,.F.,.F.,(4,1,4),(0.,0.141561202513943,0.277365532533333),
 .UNSPECIFIED.);
#242=B_SPLINE_CURVE_WITH_KNOTS('',3,(#9479,#9480,#9481,#9482,#9483),
 .UNSPECIFIED.,.F.,.F.,(4,1,4),(0.,0.109020100928636,0.217233715927818),
 .UNSPECIFIED.);
#243=B_SPLINE_CURVE_WITH_KNOTS('',3,(#9486,#9487,#9488,#9489,#9490),
 .UNSPECIFIED.,.F.,.F.,(4,1,4),(0.,0.109020100928636,0.217233715927818),
 .UNSPECIFIED.);
#244=B_SPLINE_CURVE_WITH_KNOTS('',3,(#9502,#9503,#9504,#9505,#9506),
 .UNSPECIFIED.,.F.,.F.,(4,1,4),(0.,0.12028987216435,0.233631993252237),
 .UNSPECIFIED.);
#245=B_SPLINE_CURVE_WITH_KNOTS('',3,(#9509,#9510,#9511,#9512,#9513),
 .UNSPECIFIED.,.F.,.F.,(4,1,4),(0.,0.12028987216435,0.233631993252237),
 .UNSPECIFIED.);
#246=B_SPLINE_CURVE_WITH_KNOTS('',3,(#9658,#9659,#9660,#9661,#9662,#9663,
#9664,#9665,#9666,#9667),.UNSPECIFIED.,.F.,.F.,(4,2,2,2,4),(0.,0.0188378365424595,
0.0376756730849191,0.0566211943379876,0.0755667155910561),.UNSPECIFIED.);
#247=B_SPLINE_CURVE_WITH_KNOTS('',3,(#9705,#9706,#9707,#9708,#9709,#9710,
#9711,#9712,#9713,#9714),.UNSPECIFIED.,.F.,.F.,(4,2,2,2,4),(0.0765270779410519,
0.0954725991941205,0.114418120447189,0.133255956989649,0.152093793532108),
 .UNSPECIFIED.);
#248=B_SPLINE_SURFACE_WITH_KNOTS('',3,1,((#6470,#6471),(#6472,#6473),(#6474,
#6475),(#6476,#6477),(#6478,#6479)),.UNSPECIFIED.,.F.,.F.,.F.,(4,1,4),(2,
2),(0.,0.10390436436914,0.202094162910919),(0.,0.0999999999999996),
 .UNSPECIFIED.);
#249=B_SPLINE_SURFACE_WITH_KNOTS('',3,1,((#6496,#6497),(#6498,#6499),(#6500,
#6501),(#6502,#6503),(#6504,#6505)),.UNSPECIFIED.,.F.,.F.,.F.,(4,1,4),(2,
2),(0.,0.0889859665988271,0.177932778266378),(0.,0.0999999999999996),
 .UNSPECIFIED.);
#250=B_SPLINE_SURFACE_WITH_KNOTS('',3,1,((#6519,#6520),(#6521,#6522),(#6523,
#6524),(#6525,#6526),(#6527,#6528)),.UNSPECIFIED.,.F.,.F.,.F.,(4,1,4),(2,
2),(0.,0.0956491996401421,0.185840771741704),(0.,0.0999999999999996),
 .UNSPECIFIED.);
#251=B_SPLINE_SURFACE_WITH_KNOTS('',3,1,((#6542,#6543),(#6544,#6545),(#6546,
#6547),(#6548,#6549),(#6550,#6551)),.UNSPECIFIED.,.F.,.F.,.F.,(4,1,4),(2,
2),(0.,0.119896758431447,0.22703313017506),(0.,0.0999999999999996),
 .UNSPECIFIED.);
#252=B_SPLINE_SURFACE_WITH_KNOTS('',3,1,((#6565,#6566),(#6567,#6568),(#6569,
#6570),(#6571,#6572),(#6573,#6574)),.UNSPECIFIED.,.F.,.F.,.F.,(4,1,4),(2,
2),(0.,0.0971960837598838,0.194885509593817),(0.,0.0999999999999996),
 .UNSPECIFIED.);
#253=B_SPLINE_SURFACE_WITH_KNOTS('',3,1,((#6588,#6589),(#6590,#6591),(#6592,
#6593),(#6594,#6595),(#6596,#6597)),.UNSPECIFIED.,.F.,.F.,.F.,(4,1,4),(2,
2),(0.,0.0922489458878904,0.186438584776123),(0.,0.0999999999999996),
 .UNSPECIFIED.);
#254=B_SPLINE_SURFACE_WITH_KNOTS('',3,1,((#6611,#6612),(#6613,#6614),(#6615,
#6616),(#6617,#6618),(#6619,#6620)),.UNSPECIFIED.,.F.,.F.,.F.,(4,1,4),(2,
2),(0.,0.106797333337807,0.20329055429783),(0.,0.0999999999999996),
 .UNSPECIFIED.);
#255=B_SPLINE_SURFACE_WITH_KNOTS('',3,1,((#6634,#6635),(#6636,#6637),(#6638,
#6639),(#6640,#6641),(#6642,#6643)),.UNSPECIFIED.,.F.,.F.,.F.,(4,1,4),(2,
2),(0.,0.0835093264037595,0.17609637426324),(0.,0.0999999999999996),
 .UNSPECIFIED.);
#256=B_SPLINE_SURFACE_WITH_KNOTS('',3,1,((#6657,#6658),(#6659,#6660),(#6661,
#6662),(#6663,#6664),(#6665,#6666)),.UNSPECIFIED.,.F.,.F.,.F.,(4,1,4),(2,
2),(0.,0.103493395403069,0.190548987259856),(0.,0.0999999999999996),
 .UNSPECIFIED.);
#257=B_SPLINE_SURFACE_WITH_KNOTS('',3,1,((#6686,#6687),(#6688,#6689),(#6690,
#6691),(#6692,#6693),(#6694,#6695)),.UNSPECIFIED.,.F.,.F.,.F.,(4,1,4),(2,
2),(0.,0.126424194100257,0.261432535061978),(0.,0.0999999999999996),
 .UNSPECIFIED.);
#258=B_SPLINE_SURFACE_WITH_KNOTS('',3,1,((#6709,#6710),(#6711,#6712),(#6713,
#6714),(#6715,#6716),(#6717,#6718)),.UNSPECIFIED.,.F.,.F.,.F.,(4,1,4),(2,
2),(0.,0.139445370341575,0.267264215958324),(0.,0.0999999999999996),
 .UNSPECIFIED.);
#259=B_SPLINE_SURFACE_WITH_KNOTS('',3,1,((#6732,#6733),(#6734,#6735),(#6736,
#6737),(#6738,#6739),(#6740,#6741)),.UNSPECIFIED.,.F.,.F.,.F.,(4,1,4),(2,
2),(0.,0.124580268940089,0.252360722895128),(0.,0.0999999999999996),
 .UNSPECIFIED.);
#260=B_SPLINE_SURFACE_WITH_KNOTS('',3,1,((#6755,#6756),(#6757,#6758),(#6759,
#6760),(#6761,#6762),(#6763,#6764)),.UNSPECIFIED.,.F.,.F.,.F.,(4,1,4),(2,
2),(0.,0.125526426985723,0.247937994693251),(0.,0.0999999999999996),
 .UNSPECIFIED.);
#261=B_SPLINE_SURFACE_WITH_KNOTS('',3,1,((#6778,#6779),(#6780,#6781),(#6782,
#6783),(#6784,#6785),(#6786,#6787)),.UNSPECIFIED.,.F.,.F.,.F.,(4,1,4),(2,
2),(0.,0.146896960547865,0.280549099502804),(0.,0.0999999999999996),
 .UNSPECIFIED.);
#262=B_SPLINE_SURFACE_WITH_KNOTS('',3,1,((#6801,#6802),(#6803,#6804),(#6805,
#6806),(#6807,#6808),(#6809,#6810)),.UNSPECIFIED.,.F.,.F.,.F.,(4,1,4),(2,
2),(0.,0.135295419900583,0.274558635668191),(0.,0.0999999999999996),
 .UNSPECIFIED.);
#263=B_SPLINE_SURFACE_WITH_KNOTS('',3,1,((#6824,#6825),(#6826,#6827),(#6828,
#6829),(#6830,#6831),(#6832,#6833)),.UNSPECIFIED.,.F.,.F.,.F.,(4,1,4),(2,
2),(0.,0.120241558263386,0.248224615216011),(0.,0.0999999999999996),
 .UNSPECIFIED.);
#264=B_SPLINE_SURFACE_WITH_KNOTS('',3,1,((#6847,#6848),(#6849,#6850),(#6851,
#6852),(#6853,#6854),(#6855,#6856)),.UNSPECIFIED.,.F.,.F.,.F.,(4,1,4),(2,
2),(0.,0.14756860286359,0.274130502219611),(0.,0.0999999999999996),
 .UNSPECIFIED.);
#265=B_SPLINE_SURFACE_WITH_KNOTS('',3,1,((#6870,#6871),(#6872,#6873),(#6874,
#6875),(#6876,#6877),(#6878,#6879)),.UNSPECIFIED.,.F.,.F.,.F.,(4,1,4),(2,
2),(0.,0.135873822964654,0.28154143354859),(0.,0.0999999999999996),
 .UNSPECIFIED.);
#266=B_SPLINE_SURFACE_WITH_KNOTS('',3,1,((#6893,#6894),(#6895,#6896),(#6897,
#6898),(#6899,#6900),(#6901,#6902)),.UNSPECIFIED.,.F.,.F.,.F.,(4,1,4),(2,
2),(0.,0.155138540269,0.294739052527565),(0.,0.0999999999999996),
 .UNSPECIFIED.);
#267=B_SPLINE_SURFACE_WITH_KNOTS('',3,1,((#6922,#6923),(#6924,#6925),(#6926,
#6927),(#6928,#6929),(#6930,#6931)),.UNSPECIFIED.,.F.,.F.,.F.,(4,1,4),(2,
2),(0.,0.102564830180063,0.220156545516387),(0.,0.0999999999999996),
 .UNSPECIFIED.);
#268=B_SPLINE_SURFACE_WITH_KNOTS('',3,1,((#6952,#6953),(#6954,#6955),(#6956,
#6957),(#6958,#6959),(#6960,#6961)),.UNSPECIFIED.,.F.,.F.,.F.,(4,1,4),(2,
2),(0.,0.0797840755532495,0.143461972837289),(0.,0.0999999999999996),
 .UNSPECIFIED.);
#269=B_SPLINE_SURFACE_WITH_KNOTS('',3,1,((#6975,#6976),(#6977,#6978),(#6979,
#6980),(#6981,#6982),(#6983,#6984)),.UNSPECIFIED.,.F.,.F.,.F.,(4,1,4),(2,
2),(0.,0.0853185394025884,0.171758550344322),(0.,0.0999999999999996),
 .UNSPECIFIED.);
#270=B_SPLINE_SURFACE_WITH_KNOTS('',3,1,((#6998,#6999),(#7000,#7001),(#7002,
#7003),(#7004,#7005),(#7006,#7007)),.UNSPECIFIED.,.F.,.F.,.F.,(4,1,4),(2,
2),(0.,0.0964507174640467,0.193248032246878),(0.,0.0999999999999996),
 .UNSPECIFIED.);
#271=B_SPLINE_SURFACE_WITH_KNOTS('',3,1,((#7021,#7022),(#7023,#7024),(#7025,
#7026),(#7027,#7028),(#7029,#7030)),.UNSPECIFIED.,.F.,.F.,.F.,(4,1,4),(2,
2),(0.,0.0968421048796613,0.192096115404332),(0.,0.0999999999999996),
 .UNSPECIFIED.);
#272=B_SPLINE_SURFACE_WITH_KNOTS('',3,1,((#7044,#7045),(#7046,#7047),(#7048,
#7049),(#7050,#7051),(#7052,#7053)),.UNSPECIFIED.,.F.,.F.,.F.,(4,1,4),(2,
2),(0.,0.123313172594583,0.229928471849697),(0.,0.0999999999999996),
 .UNSPECIFIED.);
#273=B_SPLINE_SURFACE_WITH_KNOTS('',3,1,((#7067,#7068),(#7069,#7070),(#7071,
#7072),(#7073,#7074),(#7075,#7076)),.UNSPECIFIED.,.F.,.F.,.F.,(4,1,4),(2,
2),(0.,0.100847146146045,0.20581850284488),(0.,0.0999999999999996),
 .UNSPECIFIED.);
#274=B_SPLINE_SURFACE_WITH_KNOTS('',3,1,((#7090,#7091),(#7092,#7093),(#7094,
#7095),(#7096,#7097),(#7098,#7099)),.UNSPECIFIED.,.F.,.F.,.F.,(4,1,4),(2,
2),(0.,0.0592777630369264,0.11755191260389),(0.,0.0999999999999996),
 .UNSPECIFIED.);
#275=B_SPLINE_SURFACE_WITH_KNOTS('',3,1,((#7113,#7114),(#7115,#7116),(#7117,
#7118),(#7119,#7120),(#7121,#7122)),.UNSPECIFIED.,.F.,.F.,.F.,(4,1,4),(2,
2),(0.,0.0677416989622193,0.130020350693666),(0.,0.0999999999999996),
 .UNSPECIFIED.);
#276=B_SPLINE_SURFACE_WITH_KNOTS('',3,1,((#7136,#7137),(#7138,#7139),(#7140,
#7141),(#7142,#7143),(#7144,#7145)),.UNSPECIFIED.,.F.,.F.,.F.,(4,1,4),(2,
2),(0.,0.084872366861783,0.160159034458457),(0.,0.0999999999999996),
 .UNSPECIFIED.);
#277=B_SPLINE_SURFACE_WITH_KNOTS('',3,1,((#7159,#7160),(#7161,#7162),(#7163,
#7164),(#7165,#7166),(#7167,#7168)),.UNSPECIFIED.,.F.,.F.,.F.,(4,1,4),(2,
2),(0.,0.0684565088119974,0.14106731256904),(0.,0.0999999999999996),
 .UNSPECIFIED.);
#278=B_SPLINE_SURFACE_WITH_KNOTS('',3,1,((#7182,#7183),(#7184,#7185),(#7186,
#7187),(#7188,#7189),(#7190,#7191)),.UNSPECIFIED.,.F.,.F.,.F.,(4,1,4),(2,
2),(0.,0.0564419427492681,0.119184657247521),(0.,0.0999999999999996),
 .UNSPECIFIED.);
#279=B_SPLINE_SURFACE_WITH_KNOTS('',3,1,((#7205,#7206),(#7207,#7208),(#7209,
#7210),(#7211,#7212),(#7213,#7214)),.UNSPECIFIED.,.F.,.F.,.F.,(4,1,4),(2,
2),(0.,0.072731980766412,0.132979781288526),(0.,0.0999999999999996),
 .UNSPECIFIED.);
#280=B_SPLINE_SURFACE_WITH_KNOTS('',3,1,((#7234,#7235),(#7236,#7237),(#7238,
#7239),(#7240,#7241),(#7242,#7243)),.UNSPECIFIED.,.F.,.F.,.F.,(4,1,4),(2,
2),(0.,0.0845511755032487,0.181359205934133),(0.,0.0999999999999996),
 .UNSPECIFIED.);
#281=B_SPLINE_SURFACE_WITH_KNOTS('',3,1,((#7257,#7258),(#7259,#7260),(#7261,
#7262),(#7263,#7264),(#7265,#7266)),.UNSPECIFIED.,.F.,.F.,.F.,(4,1,4),(2,
2),(0.,0.08887734138868,0.170311344636073),(0.,0.0999999999999996),
 .UNSPECIFIED.);
#282=B_SPLINE_SURFACE_WITH_KNOTS('',3,1,((#7280,#7281),(#7282,#7283),(#7284,
#7285),(#7286,#7287),(#7288,#7289)),.UNSPECIFIED.,.F.,.F.,.F.,(4,1,4),(2,
2),(0.,0.103552279941853,0.199896849902449),(0.,0.0999999999999996),
 .UNSPECIFIED.);
#283=B_SPLINE_SURFACE_WITH_KNOTS('',3,1,((#7303,#7304),(#7305,#7306),(#7307,
#7308),(#7309,#7310),(#7311,#7312)),.UNSPECIFIED.,.F.,.F.,.F.,(4,1,4),(2,
2),(0.,0.13161147405635,0.273135059761889),(0.,0.0999999999999996),
 .UNSPECIFIED.);
#284=B_SPLINE_SURFACE_WITH_KNOTS('',3,1,((#7326,#7327),(#7328,#7329),(#7330,
#7331),(#7332,#7333),(#7334,#7335)),.UNSPECIFIED.,.F.,.F.,.F.,(4,1,4),(2,
2),(0.,0.133380746947665,0.261083197125233),(0.,0.0999999999999996),
 .UNSPECIFIED.);
#285=B_SPLINE_SURFACE_WITH_KNOTS('',3,1,((#7349,#7350),(#7351,#7352),(#7353,
#7354),(#7355,#7356),(#7357,#7358)),.UNSPECIFIED.,.F.,.F.,.F.,(4,1,4),(2,
2),(0.,0.141844636368912,0.28066305736407),(0.,0.0999999999999996),
 .UNSPECIFIED.);
#286=B_SPLINE_SURFACE_WITH_KNOTS('',3,1,((#7372,#7373),(#7374,#7375),(#7376,
#7377),(#7378,#7379),(#7380,#7381)),.UNSPECIFIED.,.F.,.F.,.F.,(4,1,4),(2,
2),(0.,0.134491399525192,0.275676054220438),(0.,0.0999999999999996),
 .UNSPECIFIED.);
#287=B_SPLINE_SURFACE_WITH_KNOTS('',3,1,((#7395,#7396),(#7397,#7398),(#7399,
#7400),(#7401,#7402),(#7403,#7404)),.UNSPECIFIED.,.F.,.F.,.F.,(4,1,4),(2,
2),(0.,0.130770477012812,0.260737698288526),(0.,0.0999999999999996),
 .UNSPECIFIED.);
#288=B_SPLINE_SURFACE_WITH_KNOTS('',3,1,((#7418,#7419),(#7420,#7421),(#7422,
#7423),(#7424,#7425),(#7426,#7427)),.UNSPECIFIED.,.F.,.F.,.F.,(4,1,4),(2,
2),(0.,0.141561024801568,0.277365439921578),(0.,0.0999999999999996),
 .UNSPECIFIED.);
#289=B_SPLINE_SURFACE_WITH_KNOTS('',3,1,((#7441,#7442),(#7443,#7444),(#7445,
#7446),(#7447,#7448),(#7449,#7450)),.UNSPECIFIED.,.F.,.F.,.F.,(4,1,4),(2,
2),(0.,0.109020100928636,0.217233834655209),(0.,0.0999999999999996),
 .UNSPECIFIED.);
#290=B_SPLINE_SURFACE_WITH_KNOTS('',3,1,((#7464,#7465),(#7466,#7467),(#7468,
#7469),(#7470,#7471),(#7472,#7473)),.UNSPECIFIED.,.F.,.F.,.F.,(4,1,4),(2,
2),(0.,0.120289786059151,0.233632014583314),(0.,0.0999999999999996),
 .UNSPECIFIED.);
#291=B_SPLINE_SURFACE_WITH_KNOTS('',3,1,((#7518,#7519),(#7520,#7521),(#7522,
#7523),(#7524,#7525),(#7526,#7527)),.UNSPECIFIED.,.F.,.F.,.F.,(4,1,4),(2,
2),(0.,0.0745178015810309,0.171374194698142),(0.,0.0999999999999996),
 .UNSPECIFIED.);
#292=B_SPLINE_SURFACE_WITH_KNOTS('',3,1,((#7541,#7542),(#7543,#7544),(#7545,
#7546),(#7547,#7548),(#7549,#7550)),.UNSPECIFIED.,.F.,.F.,.F.,(4,1,4),(2,
2),(0.,0.0659185890234384,0.130857023840041),(0.,0.0999999999999996),
 .UNSPECIFIED.);
#293=B_SPLINE_SURFACE_WITH_KNOTS('',3,1,((#7564,#7565),(#7566,#7567),(#7568,
#7569),(#7570,#7571),(#7572,#7573)),.UNSPECIFIED.,.F.,.F.,.F.,(4,1,4),(2,
2),(0.,0.0476893373312429,0.0948860419159343),(0.,0.0999999999999996),
 .UNSPECIFIED.);
#294=B_SPLINE_SURFACE_WITH_KNOTS('',3,1,((#7587,#7588),(#7589,#7590),(#7591,
#7592),(#7593,#7594),(#7595,#7596)),.UNSPECIFIED.,.F.,.F.,.F.,(4,1,4),(2,
2),(0.,0.0512820330008847,0.0995545623473932),(0.,0.0999999999999996),
 .UNSPECIFIED.);
#295=B_SPLINE_SURFACE_WITH_KNOTS('',3,1,((#7610,#7611),(#7612,#7613),(#7614,
#7615),(#7616,#7617),(#7618,#7619)),.UNSPECIFIED.,.F.,.F.,.F.,(4,1,4),(2,
2),(0.,0.0809632722042174,0.143556928736866),(0.,0.0999999999999996),
 .UNSPECIFIED.);
#296=B_SPLINE_SURFACE_WITH_KNOTS('',3,1,((#7657,#7658),(#7659,#7660),(#7661,
#7662),(#7663,#7664),(#7665,#7666)),.UNSPECIFIED.,.F.,.F.,.F.,(4,1,4),(2,
2),(0.,0.0298879883926872,0.0739014616423729),(0.,0.0999999999999996),
 .UNSPECIFIED.);
#297=B_SPLINE_SURFACE_WITH_KNOTS('',3,1,((#7680,#7681),(#7682,#7683),(#7684,
#7685),(#7686,#7687),(#7688,#7689)),.UNSPECIFIED.,.F.,.F.,.F.,(4,1,4),(2,
2),(0.,0.0338069025881972,0.0658945736757983),(0.,0.0999999999999996),
 .UNSPECIFIED.);
#298=B_SPLINE_SURFACE_WITH_KNOTS('',3,1,((#7703,#7704),(#7705,#7706),(#7707,
#7708),(#7709,#7710),(#7711,#7712)),.UNSPECIFIED.,.F.,.F.,.F.,(4,1,4),(2,
2),(0.,0.0540147669277197,0.0953260096601462),(0.,0.0999999999999996),
 .UNSPECIFIED.);
#299=B_SPLINE_SURFACE_WITH_KNOTS('',3,1,((#7726,#7727),(#7728,#7729),(#7730,
#7731),(#7732,#7733),(#7734,#7735)),.UNSPECIFIED.,.F.,.F.,.F.,(4,1,4),(2,
2),(0.,0.0954454065782308,0.167688244972362),(0.,0.0999999999999996),
 .UNSPECIFIED.);
#300=B_SPLINE_SURFACE_WITH_KNOTS('',3,1,((#7767,#7768),(#7769,#7770),(#7771,
#7772),(#7773,#7774),(#7775,#7776)),.UNSPECIFIED.,.F.,.F.,.F.,(4,1,4),(2,
2),(0.,0.0822740564587545,0.172834398551297),(0.,0.0999999999999996),
 .UNSPECIFIED.);
#301=B_SPLINE_SURFACE_WITH_KNOTS('',3,1,((#7790,#7791),(#7792,#7793),(#7794,
#7795),(#7796,#7797),(#7798,#7799)),.UNSPECIFIED.,.F.,.F.,.F.,(4,1,4),(2,
2),(0.,0.0525751776875143,0.0942891476876114),(0.,0.0999999999999996),
 .UNSPECIFIED.);
#302=B_SPLINE_SURFACE_WITH_KNOTS('',3,1,((#7813,#7814),(#7815,#7816),(#7817,
#7818),(#7819,#7820),(#7821,#7822)),.UNSPECIFIED.,.F.,.F.,.F.,(4,1,4),(2,
2),(0.,0.10604507920256,0.235513956356314),(0.,0.0999999999999996),
 .UNSPECIFIED.);
#303=B_SPLINE_SURFACE_WITH_KNOTS('',3,1,((#7836,#7837),(#7838,#7839),(#7840,
#7841),(#7842,#7843),(#7844,#7845)),.UNSPECIFIED.,.F.,.F.,.F.,(4,1,4),(2,
2),(0.,0.0995570185698618,0.195924656474207),(0.,0.0999999999999996),
 .UNSPECIFIED.);
#304=B_SPLINE_SURFACE_WITH_KNOTS('',3,1,((#7859,#7860),(#7861,#7862),(#7863,
#7864),(#7865,#7866),(#7867,#7868)),.UNSPECIFIED.,.F.,.F.,.F.,(4,1,4),(2,
2),(0.,0.078283332805444,0.157922243490509),(0.,0.0999999999999996),
 .UNSPECIFIED.);
#305=B_SPLINE_SURFACE_WITH_KNOTS('',3,1,((#7882,#7883),(#7884,#7885),(#7886,
#7887),(#7888,#7889),(#7890,#7891)),.UNSPECIFIED.,.F.,.F.,.F.,(4,1,4),(2,
2),(0.,0.0727073809900623,0.148232837575074),(0.,0.0999999999999996),
 .UNSPECIFIED.);
#306=B_SPLINE_SURFACE_WITH_KNOTS('',3,1,((#7905,#7906),(#7907,#7908),(#7909,
#7910),(#7911,#7912),(#7913,#7914)),.UNSPECIFIED.,.F.,.F.,.F.,(4,1,4),(2,
2),(0.,0.11786462419565,0.205883601178752),(0.,0.0999999999999996),
 .UNSPECIFIED.);
#307=B_SPLINE_SURFACE_WITH_KNOTS('',3,1,((#7953,#7954),(#7955,#7956),(#7957,
#7958),(#7959,#7960),(#7961,#7962)),.UNSPECIFIED.,.F.,.F.,.F.,(4,1,4),(2,
2),(0.,0.0710832142621771,0.173019270534921),(0.,0.0999999999999996),
 .UNSPECIFIED.);
#308=B_SPLINE_SURFACE_WITH_KNOTS('',3,1,((#7976,#7977),(#7978,#7979),(#7980,
#7981),(#7982,#7983),(#7984,#7985)),.UNSPECIFIED.,.F.,.F.,.F.,(4,1,4),(2,
2),(0.,0.0906043965289502,0.17089965886359),(0.,0.0999999999999996),
 .UNSPECIFIED.);
#309=B_SPLINE_SURFACE_WITH_KNOTS('',3,1,((#7999,#8000),(#8001,#8002),(#8003,
#8004),(#8005,#8006),(#8007,#8008)),.UNSPECIFIED.,.F.,.F.,.F.,(4,1,4),(2,
2),(0.,0.139246771145774,0.248545333897088),(0.,0.0999999999999996),
 .UNSPECIFIED.);
#310=B_SPLINE_SURFACE_WITH_KNOTS('',3,1,((#8022,#8023),(#8024,#8025),(#8026,
#8027),(#8028,#8029),(#8030,#8031)),.UNSPECIFIED.,.F.,.F.,.F.,(4,1,4),(2,
2),(0.,0.0903942876819783,0.195482420907933),(0.,0.0999999999999996),
 .UNSPECIFIED.);
#311=B_SPLINE_SURFACE_WITH_KNOTS('',3,1,((#8045,#8046),(#8047,#8048),(#8049,
#8050),(#8051,#8052),(#8053,#8054)),.UNSPECIFIED.,.F.,.F.,.F.,(4,1,4),(2,
2),(0.,0.0691351569689485,0.146793175966587),(0.,0.0999999999999996),
 .UNSPECIFIED.);
#312=B_SPLINE_SURFACE_WITH_KNOTS('',3,1,((#8068,#8069),(#8070,#8071),(#8072,
#8073),(#8074,#8075),(#8076,#8077)),.UNSPECIFIED.,.F.,.F.,.F.,(4,1,4),(2,
2),(0.,0.0554439278194757,0.104625432317802),(0.,0.0999999999999996),
 .UNSPECIFIED.);
#313=B_SPLINE_SURFACE_WITH_KNOTS('',3,1,((#8091,#8092),(#8093,#8094),(#8095,
#8096),(#8097,#8098),(#8099,#8100)),.UNSPECIFIED.,.F.,.F.,.F.,(4,1,4),(2,
2),(0.,0.0882851916518819,0.156378961294181),(0.,0.0999999999999996),
 .UNSPECIFIED.);
#314=B_SPLINE_SURFACE_WITH_KNOTS('',3,1,((#8123,#8124),(#8125,#8126),(#8127,
#8128),(#8129,#8130),(#8131,#8132)),.UNSPECIFIED.,.F.,.F.,.F.,(4,1,4),(2,
2),(0.,0.0759483951043221,0.161491262504973),(0.,0.0999999999999996),
 .UNSPECIFIED.);
#315=B_SPLINE_SURFACE_WITH_KNOTS('',3,1,((#8149,#8150),(#8151,#8152),(#8153,
#8154),(#8155,#8156),(#8157,#8158)),.UNSPECIFIED.,.F.,.F.,.F.,(4,1,4),(2,
2),(0.,0.0615625905656681,0.129837030814713),(0.,0.0999999999999996),
 .UNSPECIFIED.);
#316=B_SPLINE_SURFACE_WITH_KNOTS('',3,1,((#8172,#8173),(#8174,#8175),(#8176,
#8177),(#8178,#8179),(#8180,#8181)),.UNSPECIFIED.,.F.,.F.,.F.,(4,1,4),(2,
2),(0.,0.0673845906315811,0.129285623392748),(0.,0.0999999999999996),
 .UNSPECIFIED.);
#317=B_SPLINE_SURFACE_WITH_KNOTS('',3,1,((#8195,#8196),(#8197,#8198),(#8199,
#8200),(#8201,#8202),(#8203,#8204)),.UNSPECIFIED.,.F.,.F.,.F.,(4,1,4),(2,
2),(0.,0.0860245420550466,0.161664527025617),(0.,0.0999999999999996),
 .UNSPECIFIED.);
#318=B_SPLINE_SURFACE_WITH_KNOTS('',3,1,((#8218,#8219),(#8220,#8221),(#8222,
#8223),(#8224,#8225),(#8226,#8227)),.UNSPECIFIED.,.F.,.F.,.F.,(4,1,4),(2,
2),(0.,0.107640896872147,0.204199537419079),(0.,0.0999999999999996),
 .UNSPECIFIED.);
#319=B_SPLINE_SURFACE_WITH_KNOTS('',3,1,((#8241,#8242),(#8243,#8244),(#8245,
#8246),(#8247,#8248),(#8249,#8250)),.UNSPECIFIED.,.F.,.F.,.F.,(4,1,4),(2,
2),(0.,0.115078336251637,0.241659333254516),(0.,0.0999999999999996),
 .UNSPECIFIED.);
#320=B_SPLINE_SURFACE_WITH_KNOTS('',3,1,((#8264,#8265),(#8266,#8267),(#8268,
#8269),(#8270,#8271),(#8272,#8273)),.UNSPECIFIED.,.F.,.F.,.F.,(4,1,4),(2,
2),(0.,0.102862931487473,0.209716715028653),(0.,0.0999999999999996),
 .UNSPECIFIED.);
#321=B_SPLINE_SURFACE_WITH_KNOTS('',3,1,((#8287,#8288),(#8289,#8290),(#8291,
#8292),(#8293,#8294),(#8295,#8296)),.UNSPECIFIED.,.F.,.F.,.F.,(4,1,4),(2,
2),(0.,0.0843501436133767,0.164427066440112),(0.,0.0999999999999996),
 .UNSPECIFIED.);
#322=B_SPLINE_SURFACE_WITH_KNOTS('',3,1,((#8310,#8311),(#8312,#8313),(#8314,
#8315),(#8316,#8317),(#8318,#8319)),.UNSPECIFIED.,.F.,.F.,.F.,(4,1,4),(2,
2),(0.,0.102892983983219,0.178861363442462),(0.,0.0999999999999996),
 .UNSPECIFIED.);
#323=B_SPLINE_SURFACE_WITH_KNOTS('',3,1,((#8422,#8423),(#8424,#8425),(#8426,
#8427),(#8428,#8429),(#8430,#8431)),.UNSPECIFIED.,.F.,.F.,.F.,(4,1,4),(2,
2),(0.,0.0985652931889045,0.198602913437628),(0.,0.0999999999999996),
 .UNSPECIFIED.);
#324=B_SPLINE_SURFACE_WITH_KNOTS('',3,1,((#8448,#8449),(#8450,#8451),(#8452,
#8453),(#8454,#8455),(#8456,#8457)),.UNSPECIFIED.,.F.,.F.,.F.,(4,1,4),(2,
2),(0.,0.122238193209054,0.219209371206546),(0.,0.0999999999999996),
 .UNSPECIFIED.);
#325=B_SPLINE_SURFACE_WITH_KNOTS('',3,1,((#8544,#8545),(#8546,#8547),(#8548,
#8549),(#8550,#8551),(#8552,#8553)),.UNSPECIFIED.,.F.,.F.,.F.,(4,1,4),(2,
2),(0.,0.0745182249781516,0.171374499718368),(0.,0.0999999999999996),
 .UNSPECIFIED.);
#326=B_SPLINE_SURFACE_WITH_KNOTS('',3,1,((#8567,#8568),(#8569,#8570),(#8571,
#8572),(#8573,#8574),(#8575,#8576)),.UNSPECIFIED.,.F.,.F.,.F.,(4,1,4),(2,
2),(0.,0.0659185890234384,0.130857023840041),(0.,0.0999999999999996),
 .UNSPECIFIED.);
#327=B_SPLINE_SURFACE_WITH_KNOTS('',3,1,((#8590,#8591),(#8592,#8593),(#8594,
#8595),(#8596,#8597),(#8598,#8599)),.UNSPECIFIED.,.F.,.F.,.F.,(4,1,4),(2,
2),(0.,0.0476895867071418,0.0948863080905645),(0.,0.0999999999999996),
 .UNSPECIFIED.);
#328=B_SPLINE_SURFACE_WITH_KNOTS('',3,1,((#8613,#8614),(#8615,#8616),(#8617,
#8618),(#8619,#8620),(#8621,#8622)),.UNSPECIFIED.,.F.,.F.,.F.,(4,1,4),(2,
2),(0.,0.0512821376546688,0.0995545861443466),(0.,0.0999999999999996),
 .UNSPECIFIED.);
#329=B_SPLINE_SURFACE_WITH_KNOTS('',3,1,((#8636,#8637),(#8638,#8639),(#8640,
#8641),(#8642,#8643),(#8644,#8645)),.UNSPECIFIED.,.F.,.F.,.F.,(4,1,4),(2,
2),(0.,0.080963034171491,0.143556225623451),(0.,0.0999999999999996),
 .UNSPECIFIED.);
#330=B_SPLINE_SURFACE_WITH_KNOTS('',3,1,((#8683,#8684),(#8685,#8686),(#8687,
#8688),(#8689,#8690),(#8691,#8692)),.UNSPECIFIED.,.F.,.F.,.F.,(4,1,4),(2,
2),(0.,0.0298879883926872,0.073901938304181),(0.,0.0999999999999996),
 .UNSPECIFIED.);
#331=B_SPLINE_SURFACE_WITH_KNOTS('',3,1,((#8706,#8707),(#8708,#8709),(#8710,
#8711),(#8712,#8713),(#8714,#8715)),.UNSPECIFIED.,.F.,.F.,.F.,(4,1,4),(2,
2),(0.,0.0338069025881972,0.0658944609050144),(0.,0.0999999999999996),
 .UNSPECIFIED.);
#332=B_SPLINE_SURFACE_WITH_KNOTS('',3,1,((#8729,#8730),(#8731,#8732),(#8733,
#8734),(#8735,#8736),(#8737,#8738)),.UNSPECIFIED.,.F.,.F.,.F.,(4,1,4),(2,
2),(0.,0.0540150815659293,0.0953259562139714),(0.,0.0999999999999996),
 .UNSPECIFIED.);
#333=B_SPLINE_SURFACE_WITH_KNOTS('',3,1,((#8752,#8753),(#8754,#8755),(#8756,
#8757),(#8758,#8759),(#8760,#8761)),.UNSPECIFIED.,.F.,.F.,.F.,(4,1,4),(2,
2),(0.,0.0954457367152756,0.167688293711943),(0.,0.0999999999999996),
 .UNSPECIFIED.);
#334=B_SPLINE_SURFACE_WITH_KNOTS('',3,1,((#8793,#8794),(#8795,#8796),(#8797,
#8798),(#8799,#8800),(#8801,#8802)),.UNSPECIFIED.,.F.,.F.,.F.,(4,1,4),(2,
2),(0.,0.0822743018187988,0.172834784435905),(0.,0.0999999999999996),
 .UNSPECIFIED.);
#335=B_SPLINE_SURFACE_WITH_KNOTS('',3,1,((#8816,#8817),(#8818,#8819),(#8820,
#8821),(#8822,#8823),(#8824,#8825)),.UNSPECIFIED.,.F.,.F.,.F.,(4,1,4),(2,
2),(0.,0.0525746537561796,0.0942884317432501),(0.,0.0999999999999996),
 .UNSPECIFIED.);
#336=B_SPLINE_SURFACE_WITH_KNOTS('',3,1,((#8839,#8840),(#8841,#8842),(#8843,
#8844),(#8845,#8846),(#8847,#8848)),.UNSPECIFIED.,.F.,.F.,.F.,(4,1,4),(2,
2),(0.,0.106045670410353,0.235513740802991),(0.,0.0999999999999996),
 .UNSPECIFIED.);
#337=B_SPLINE_SURFACE_WITH_KNOTS('',3,1,((#8862,#8863),(#8864,#8865),(#8866,
#8867),(#8868,#8869),(#8870,#8871)),.UNSPECIFIED.,.F.,.F.,.F.,(4,1,4),(2,
2),(0.,0.0995569773231681,0.195924423471418),(0.,0.0999999999999996),
 .UNSPECIFIED.);
#338=B_SPLINE_SURFACE_WITH_KNOTS('',3,1,((#8885,#8886),(#8887,#8888),(#8889,
#8890),(#8891,#8892),(#8893,#8894)),.UNSPECIFIED.,.F.,.F.,.F.,(4,1,4),(2,
2),(0.,0.0782832377611803,0.15792217958885),(0.,0.0999999999999996),
 .UNSPECIFIED.);
#339=B_SPLINE_SURFACE_WITH_KNOTS('',3,1,((#8908,#8909),(#8910,#8911),(#8912,
#8913),(#8914,#8915),(#8916,#8917)),.UNSPECIFIED.,.F.,.F.,.F.,(4,1,4),(2,
2),(0.,0.0727069705366473,0.148232733973541),(0.,0.0999999999999996),
 .UNSPECIFIED.);
#340=B_SPLINE_SURFACE_WITH_KNOTS('',3,1,((#8931,#8932),(#8933,#8934),(#8935,
#8936),(#8937,#8938),(#8939,#8940)),.UNSPECIFIED.,.F.,.F.,.F.,(4,1,4),(2,
2),(0.,0.117864743205141,0.205883256417604),(0.,0.0999999999999996),
 .UNSPECIFIED.);
#341=B_SPLINE_SURFACE_WITH_KNOTS('',3,1,((#8979,#8980),(#8981,#8982),(#8983,
#8984),(#8985,#8986),(#8987,#8988)),.UNSPECIFIED.,.F.,.F.,.F.,(4,1,4),(2,
2),(0.,0.079784393543166,0.143462056498266),(0.,0.0999999999999996),
 .UNSPECIFIED.);
#342=B_SPLINE_SURFACE_WITH_KNOTS('',3,1,((#9002,#9003),(#9004,#9005),(#9006,
#9007),(#9008,#9009),(#9010,#9011)),.UNSPECIFIED.,.F.,.F.,.F.,(4,1,4),(2,
2),(0.,0.0853182563351021,0.171758345590679),(0.,0.0999999999999996),
 .UNSPECIFIED.);
#343=B_SPLINE_SURFACE_WITH_KNOTS('',3,1,((#9025,#9026),(#9027,#9028),(#9029,
#9030),(#9031,#9032),(#9033,#9034)),.UNSPECIFIED.,.F.,.F.,.F.,(4,1,4),(2,
2),(0.,0.0964505555913243,0.19324777880691),(0.,0.0999999999999996),
 .UNSPECIFIED.);
#344=B_SPLINE_SURFACE_WITH_KNOTS('',3,1,((#9048,#9049),(#9050,#9051),(#9052,
#9053),(#9054,#9055),(#9056,#9057)),.UNSPECIFIED.,.F.,.F.,.F.,(4,1,4),(2,
2),(0.,0.0968421039877924,0.192096221168317),(0.,0.0999999999999996),
 .UNSPECIFIED.);
#345=B_SPLINE_SURFACE_WITH_KNOTS('',3,1,((#9071,#9072),(#9073,#9074),(#9075,
#9076),(#9077,#9078),(#9079,#9080)),.UNSPECIFIED.,.F.,.F.,.F.,(4,1,4),(2,
2),(0.,0.123313396180911,0.229928705017507),(0.,0.0999999999999996),
 .UNSPECIFIED.);
#346=B_SPLINE_SURFACE_WITH_KNOTS('',3,1,((#9094,#9095),(#9096,#9097),(#9098,
#9099),(#9100,#9101),(#9102,#9103)),.UNSPECIFIED.,.F.,.F.,.F.,(4,1,4),(2,
2),(0.,0.100846672022437,0.205818249883711),(0.,0.0999999999999996),
 .UNSPECIFIED.);
#347=B_SPLINE_SURFACE_WITH_KNOTS('',3,1,((#9117,#9118),(#9119,#9120),(#9121,
#9122),(#9123,#9124),(#9125,#9126)),.UNSPECIFIED.,.F.,.F.,.F.,(4,1,4),(2,
2),(0.,0.059277853060127,0.117552057745623),(0.,0.0999999999999996),
 .UNSPECIFIED.);
#348=B_SPLINE_SURFACE_WITH_KNOTS('',3,1,((#9140,#9141),(#9142,#9143),(#9144,
#9145),(#9146,#9147),(#9148,#9149)),.UNSPECIFIED.,.F.,.F.,.F.,(4,1,4),(2,
2),(0.,0.0677413966899849,0.130020200942059),(0.,0.0999999999999996),
 .UNSPECIFIED.);
#349=B_SPLINE_SURFACE_WITH_KNOTS('',3,1,((#9163,#9164),(#9165,#9166),(#9167,
#9168),(#9169,#9170),(#9171,#9172)),.UNSPECIFIED.,.F.,.F.,.F.,(4,1,4),(2,
2),(0.,0.08487246602509,0.160158933265808),(0.,0.0999999999999996),
 .UNSPECIFIED.);
#350=B_SPLINE_SURFACE_WITH_KNOTS('',3,1,((#9186,#9187),(#9188,#9189),(#9190,
#9191),(#9192,#9193),(#9194,#9195)),.UNSPECIFIED.,.F.,.F.,.F.,(4,1,4),(2,
2),(0.,0.0684566103736221,0.14106753283882),(0.,0.0999999999999996),
 .UNSPECIFIED.);
#351=B_SPLINE_SURFACE_WITH_KNOTS('',3,1,((#9209,#9210),(#9211,#9212),(#9213,
#9214),(#9215,#9216),(#9217,#9218)),.UNSPECIFIED.,.F.,.F.,.F.,(4,1,4),(2,
2),(0.,0.0564411827764948,0.119184273444734),(0.,0.0999999999999996),
 .UNSPECIFIED.);
#352=B_SPLINE_SURFACE_WITH_KNOTS('',3,1,((#9232,#9233),(#9234,#9235),(#9236,
#9237),(#9238,#9239),(#9240,#9241)),.UNSPECIFIED.,.F.,.F.,.F.,(4,1,4),(2,
2),(0.,0.0727322871038261,0.132980148362253),(0.,0.0999999999999996),
 .UNSPECIFIED.);
#353=B_SPLINE_SURFACE_WITH_KNOTS('',3,1,((#9261,#9262),(#9263,#9264),(#9265,
#9266),(#9267,#9268),(#9269,#9270)),.UNSPECIFIED.,.F.,.F.,.F.,(4,1,4),(2,
2),(0.,0.0845510951987954,0.181359575853406),(0.,0.0999999999999996),
 .UNSPECIFIED.);
#354=B_SPLINE_SURFACE_WITH_KNOTS('',3,1,((#9284,#9285),(#9286,#9287),(#9288,
#9289),(#9290,#9291),(#9292,#9293)),.UNSPECIFIED.,.F.,.F.,.F.,(4,1,4),(2,
2),(0.,0.0888770188777458,0.170310902298668),(0.,0.0999999999999996),
 .UNSPECIFIED.);
#355=B_SPLINE_SURFACE_WITH_KNOTS('',3,1,((#9307,#9308),(#9309,#9310),(#9311,
#9312),(#9313,#9314),(#9315,#9316)),.UNSPECIFIED.,.F.,.F.,.F.,(4,1,4),(2,
2),(0.,0.103552220556164,0.199896799062024),(0.,0.0999999999999996),
 .UNSPECIFIED.);
#356=B_SPLINE_SURFACE_WITH_KNOTS('',3,1,((#9330,#9331),(#9332,#9333),(#9334,
#9335),(#9336,#9337),(#9338,#9339)),.UNSPECIFIED.,.F.,.F.,.F.,(4,1,4),(2,
2),(0.,0.131611222437232,0.27313528216761),(0.,0.0999999999999996),
 .UNSPECIFIED.);
#357=B_SPLINE_SURFACE_WITH_KNOTS('',3,1,((#9353,#9354),(#9355,#9356),(#9357,
#9358),(#9359,#9360),(#9361,#9362)),.UNSPECIFIED.,.F.,.F.,.F.,(4,1,4),(2,
2),(0.,0.133380657899856,0.261083013518318),(0.,0.0999999999999996),
 .UNSPECIFIED.);
#358=B_SPLINE_SURFACE_WITH_KNOTS('',3,1,((#9376,#9377),(#9378,#9379),(#9380,
#9381),(#9382,#9383),(#9384,#9385)),.UNSPECIFIED.,.F.,.F.,.F.,(4,1,4),(2,
2),(0.,0.141844151108314,0.280663076324308),(0.,0.0999999999999996),
 .UNSPECIFIED.);
#359=B_SPLINE_SURFACE_WITH_KNOTS('',3,1,((#9399,#9400),(#9401,#9402),(#9403,
#9404),(#9405,#9406),(#9407,#9408)),.UNSPECIFIED.,.F.,.F.,.F.,(4,1,4),(2,
2),(0.,0.134491252036353,0.275675914830986),(0.,0.0999999999999996),
 .UNSPECIFIED.);
#360=B_SPLINE_SURFACE_WITH_KNOTS('',3,1,((#9422,#9423),(#9424,#9425),(#9426,
#9427),(#9428,#9429),(#9430,#9431)),.UNSPECIFIED.,.F.,.F.,.F.,(4,1,4),(2,
2),(0.,0.130770383894896,0.260737737459662),(0.,0.0999999999999996),
 .UNSPECIFIED.);
#361=B_SPLINE_SURFACE_WITH_KNOTS('',3,1,((#9445,#9446),(#9447,#9448),(#9449,
#9450),(#9451,#9452),(#9453,#9454)),.UNSPECIFIED.,.F.,.F.,.F.,(4,1,4),(2,
2),(0.,0.141561202513943,0.277365532533333),(0.,0.0999999999999996),
 .UNSPECIFIED.);
#362=B_SPLINE_SURFACE_WITH_KNOTS('',3,1,((#9468,#9469),(#9470,#9471),(#9472,
#9473),(#9474,#9475),(#9476,#9477)),.UNSPECIFIED.,.F.,.F.,.F.,(4,1,4),(2,
2),(0.,0.109020100928636,0.217233715927818),(0.,0.0999999999999996),
 .UNSPECIFIED.);
#363=B_SPLINE_SURFACE_WITH_KNOTS('',3,1,((#9491,#9492),(#9493,#9494),(#9495,
#9496),(#9497,#9498),(#9499,#9500)),.UNSPECIFIED.,.F.,.F.,.F.,(4,1,4),(2,
2),(0.,0.12028987216435,0.233631993252237),(0.,0.0999999999999996),
 .UNSPECIFIED.);
#364=FACE_BOUND('',#1655,.T.);
#365=FACE_BOUND('',#1657,.T.);
#366=FACE_BOUND('',#1659,.T.);
#367=FACE_BOUND('',#1661,.T.);
#368=FACE_BOUND('',#1743,.T.);
#369=FACE_BOUND('',#1767,.T.);
#370=FACE_BOUND('',#1795,.T.);
#371=FACE_BOUND('',#1824,.T.);
#372=FACE_BOUND('',#1871,.T.);
#373=FACE_BOUND('',#1891,.T.);
#374=FACE_BOUND('',#1892,.T.);
#375=FACE_BOUND('',#1893,.T.);
#376=FACE_BOUND('',#1894,.T.);
#377=FACE_BOUND('',#1895,.T.);
#378=FACE_BOUND('',#1896,.T.);
#379=FACE_BOUND('',#1897,.T.);
#380=FACE_BOUND('',#1898,.T.);
#381=FACE_BOUND('',#1899,.T.);
#382=FACE_BOUND('',#1922,.T.);
#383=FACE_BOUND('',#1926,.T.);
#384=FACE_BOUND('',#1933,.T.);
#385=FACE_BOUND('',#1935,.T.);
#386=ELLIPSE('',#5203,7.07106781186456,5.);
#387=ELLIPSE('',#5340,0.707106781186548,0.5);
#388=ELLIPSE('',#5344,0.707106781186548,0.5);
#389=ELLIPSE('',#5350,0.707106781186549,0.5);
#390=ELLIPSE('',#5355,0.707106781186546,0.5);
#391=SPHERICAL_SURFACE('',#5194,5.);
#392=SPHERICAL_SURFACE('',#5198,5.);
#393=SPHERICAL_SURFACE('',#5206,5.);
#394=ORIENTED_CLOSED_SHELL('',*,#5167,.F.);
#395=ORIENTED_CLOSED_SHELL('',*,#5168,.F.);
#396=LINE('',#6322,#861);
#397=LINE('',#6327,#862);
#398=LINE('',#6347,#863);
#399=LINE('',#6349,#864);
#400=LINE('',#6355,#865);
#401=LINE('',#6356,#866);
#402=LINE('',#6365,#867);
#403=LINE('',#6366,#868);
#404=LINE('',#6368,#869);
#405=LINE('',#6369,#870);
#406=LINE('',#6374,#871);
#407=LINE('',#6375,#872);
#408=LINE('',#6377,#873);
#409=LINE('',#6378,#874);
#410=LINE('',#6383,#875);
#411=LINE('',#6384,#876);
#412=LINE('',#6387,#877);
#413=LINE('',#6388,#878);
#414=LINE('',#6391,#879);
#415=LINE('',#6395,#880);
#416=LINE('',#6399,#881);
#417=LINE('',#6403,#882);
#418=LINE('',#6406,#883);
#419=LINE('',#6409,#884);
#420=LINE('',#6411,#885);
#421=LINE('',#6415,#886);
#422=LINE('',#6419,#887);
#423=LINE('',#6423,#888);
#424=LINE('',#6427,#889);
#425=LINE('',#6429,#890);
#426=LINE('',#6433,#891);
#427=LINE('',#6437,#892);
#428=LINE('',#6441,#893);
#429=LINE('',#6444,#894);
#430=LINE('',#6447,#895);
#431=LINE('',#6451,#896);
#432=LINE('',#6455,#897);
#433=LINE('',#6459,#898);
#434=LINE('',#6464,#899);
#435=LINE('',#6466,#900);
#436=LINE('',#6468,#901);
#437=LINE('',#6469,#902);
#438=LINE('',#6488,#903);
#439=LINE('',#6495,#904);
#440=LINE('',#6513,#905);
#441=LINE('',#6536,#906);
#442=LINE('',#6559,#907);
#443=LINE('',#6582,#908);
#444=LINE('',#6605,#909);
#445=LINE('',#6628,#910);
#446=LINE('',#6651,#911);
#447=LINE('',#6674,#912);
#448=LINE('',#6682,#913);
#449=LINE('',#6684,#914);
#450=LINE('',#6685,#915);
#451=LINE('',#6703,#916);
#452=LINE('',#6726,#917);
#453=LINE('',#6749,#918);
#454=LINE('',#6772,#919);
#455=LINE('',#6795,#920);
#456=LINE('',#6818,#921);
#457=LINE('',#6841,#922);
#458=LINE('',#6864,#923);
#459=LINE('',#6887,#924);
#460=LINE('',#6910,#925);
#461=LINE('',#6918,#926);
#462=LINE('',#6920,#927);
#463=LINE('',#6921,#928);
#464=LINE('',#6946,#929);
#465=LINE('',#6948,#930);
#466=LINE('',#6950,#931);
#467=LINE('',#6951,#932);
#468=LINE('',#6969,#933);
#469=LINE('',#6992,#934);
#470=LINE('',#7015,#935);
#471=LINE('',#7038,#936);
#472=LINE('',#7061,#937);
#473=LINE('',#7084,#938);
#474=LINE('',#7107,#939);
#475=LINE('',#7130,#940);
#476=LINE('',#7153,#941);
#477=LINE('',#7176,#942);
#478=LINE('',#7199,#943);
#479=LINE('',#7222,#944);
#480=LINE('',#7230,#945);
#481=LINE('',#7232,#946);
#482=LINE('',#7233,#947);
#483=LINE('',#7251,#948);
#484=LINE('',#7274,#949);
#485=LINE('',#7297,#950);
#486=LINE('',#7320,#951);
#487=LINE('',#7343,#952);
#488=LINE('',#7366,#953);
#489=LINE('',#7389,#954);
#490=LINE('',#7412,#955);
#491=LINE('',#7435,#956);
#492=LINE('',#7458,#957);
#493=LINE('',#7481,#958);
#494=LINE('',#7489,#959);
#495=LINE('',#7491,#960);
#496=LINE('',#7492,#961);
#497=LINE('',#7495,#962);
#498=LINE('',#7497,#963);
#499=LINE('',#7498,#964);
#500=LINE('',#7501,#965);
#501=LINE('',#7503,#966);
#502=LINE('',#7504,#967);
#503=LINE('',#7506,#968);
#504=LINE('',#7507,#969);
#505=LINE('',#7512,#970);
#506=LINE('',#7514,#971);
#507=LINE('',#7516,#972);
#508=LINE('',#7517,#973);
#509=LINE('',#7535,#974);
#510=LINE('',#7558,#975);
#511=LINE('',#7581,#976);
#512=LINE('',#7604,#977);
#513=LINE('',#7627,#978);
#514=LINE('',#7635,#979);
#515=LINE('',#7637,#980);
#516=LINE('',#7638,#981);
#517=LINE('',#7640,#982);
#518=LINE('',#7641,#983);
#519=LINE('',#7645,#984);
#520=LINE('',#7647,#985);
#521=LINE('',#7649,#986);
#522=LINE('',#7650,#987);
#523=LINE('',#7653,#988);
#524=LINE('',#7655,#989);
#525=LINE('',#7656,#990);
#526=LINE('',#7674,#991);
#527=LINE('',#7697,#992);
#528=LINE('',#7720,#993);
#529=LINE('',#7743,#994);
#530=LINE('',#7751,#995);
#531=LINE('',#7753,#996);
#532=LINE('',#7754,#997);
#533=LINE('',#7757,#998);
#534=LINE('',#7759,#999);
#535=LINE('',#7760,#1000);
#536=LINE('',#7763,#1001);
#537=LINE('',#7765,#1002);
#538=LINE('',#7766,#1003);
#539=LINE('',#7784,#1004);
#540=LINE('',#7807,#1005);
#541=LINE('',#7830,#1006);
#542=LINE('',#7853,#1007);
#543=LINE('',#7876,#1008);
#544=LINE('',#7899,#1009);
#545=LINE('',#7922,#1010);
#546=LINE('',#7930,#1011);
#547=LINE('',#7932,#1012);
#548=LINE('',#7933,#1013);
#549=LINE('',#7936,#1014);
#550=LINE('',#7938,#1015);
#551=LINE('',#7939,#1016);
#552=LINE('',#7941,#1017);
#553=LINE('',#7942,#1018);
#554=LINE('',#7947,#1019);
#555=LINE('',#7949,#1020);
#556=LINE('',#7951,#1021);
#557=LINE('',#7952,#1022);
#558=LINE('',#7970,#1023);
#559=LINE('',#7993,#1024);
#560=LINE('',#8016,#1025);
#561=LINE('',#8039,#1026);
#562=LINE('',#8062,#1027);
#563=LINE('',#8085,#1028);
#564=LINE('',#8108,#1029);
#565=LINE('',#8116,#1030);
#566=LINE('',#8118,#1031);
#567=LINE('',#8119,#1032);
#568=LINE('',#8121,#1033);
#569=LINE('',#8122,#1034);
#570=LINE('',#8141,#1035);
#571=LINE('',#8148,#1036);
#572=LINE('',#8166,#1037);
#573=LINE('',#8189,#1038);
#574=LINE('',#8212,#1039);
#575=LINE('',#8235,#1040);
#576=LINE('',#8258,#1041);
#577=LINE('',#8281,#1042);
#578=LINE('',#8304,#1043);
#579=LINE('',#8327,#1044);
#580=LINE('',#8335,#1045);
#581=LINE('',#8337,#1046);
#582=LINE('',#8338,#1047);
#583=LINE('',#8341,#1048);
#584=LINE('',#8343,#1049);
#585=LINE('',#8344,#1050);
#586=LINE('',#8346,#1051);
#587=LINE('',#8347,#1052);
#588=LINE('',#8352,#1053);
#589=LINE('',#8354,#1054);
#590=LINE('',#8356,#1055);
#591=LINE('',#8357,#1056);
#592=LINE('',#8360,#1057);
#593=LINE('',#8362,#1058);
#594=LINE('',#8363,#1059);
#595=LINE('',#8366,#1060);
#596=LINE('',#8368,#1061);
#597=LINE('',#8369,#1062);
#598=LINE('',#8372,#1063);
#599=LINE('',#8374,#1064);
#600=LINE('',#8375,#1065);
#601=LINE('',#8378,#1066);
#602=LINE('',#8380,#1067);
#603=LINE('',#8381,#1068);
#604=LINE('',#8384,#1069);
#605=LINE('',#8386,#1070);
#606=LINE('',#8387,#1071);
#607=LINE('',#8390,#1072);
#608=LINE('',#8392,#1073);
#609=LINE('',#8393,#1074);
#610=LINE('',#8396,#1075);
#611=LINE('',#8398,#1076);
#612=LINE('',#8399,#1077);
#613=LINE('',#8402,#1078);
#614=LINE('',#8404,#1079);
#615=LINE('',#8405,#1080);
#616=LINE('',#8408,#1081);
#617=LINE('',#8410,#1082);
#618=LINE('',#8411,#1083);
#619=LINE('',#8414,#1084);
#620=LINE('',#8416,#1085);
#621=LINE('',#8417,#1086);
#622=LINE('',#8419,#1087);
#623=LINE('',#8420,#1088);
#624=LINE('',#8440,#1089);
#625=LINE('',#8447,#1090);
#626=LINE('',#8465,#1091);
#627=LINE('',#8473,#1092);
#628=LINE('',#8475,#1093);
#629=LINE('',#8476,#1094);
#630=LINE('',#8479,#1095);
#631=LINE('',#8481,#1096);
#632=LINE('',#8482,#1097);
#633=LINE('',#8484,#1098);
#634=LINE('',#8485,#1099);
#635=LINE('',#8489,#1100);
#636=LINE('',#8491,#1101);
#637=LINE('',#8493,#1102);
#638=LINE('',#8494,#1103);
#639=LINE('',#8497,#1104);
#640=LINE('',#8499,#1105);
#641=LINE('',#8500,#1106);
#642=LINE('',#8503,#1107);
#643=LINE('',#8505,#1108);
#644=LINE('',#8506,#1109);
#645=LINE('',#8509,#1110);
#646=LINE('',#8511,#1111);
#647=LINE('',#8512,#1112);
#648=LINE('',#8515,#1113);
#649=LINE('',#8517,#1114);
#650=LINE('',#8518,#1115);
#651=LINE('',#8521,#1116);
#652=LINE('',#8523,#1117);
#653=LINE('',#8524,#1118);
#654=LINE('',#8527,#1119);
#655=LINE('',#8529,#1120);
#656=LINE('',#8530,#1121);
#657=LINE('',#8532,#1122);
#658=LINE('',#8533,#1123);
#659=LINE('',#8538,#1124);
#660=LINE('',#8540,#1125);
#661=LINE('',#8542,#1126);
#662=LINE('',#8543,#1127);
#663=LINE('',#8561,#1128);
#664=LINE('',#8584,#1129);
#665=LINE('',#8607,#1130);
#666=LINE('',#8630,#1131);
#667=LINE('',#8653,#1132);
#668=LINE('',#8661,#1133);
#669=LINE('',#8663,#1134);
#670=LINE('',#8664,#1135);
#671=LINE('',#8666,#1136);
#672=LINE('',#8667,#1137);
#673=LINE('',#8671,#1138);
#674=LINE('',#8673,#1139);
#675=LINE('',#8675,#1140);
#676=LINE('',#8676,#1141);
#677=LINE('',#8679,#1142);
#678=LINE('',#8681,#1143);
#679=LINE('',#8682,#1144);
#680=LINE('',#8700,#1145);
#681=LINE('',#8723,#1146);
#682=LINE('',#8746,#1147);
#683=LINE('',#8769,#1148);
#684=LINE('',#8777,#1149);
#685=LINE('',#8779,#1150);
#686=LINE('',#8780,#1151);
#687=LINE('',#8783,#1152);
#688=LINE('',#8785,#1153);
#689=LINE('',#8786,#1154);
#690=LINE('',#8789,#1155);
#691=LINE('',#8791,#1156);
#692=LINE('',#8792,#1157);
#693=LINE('',#8810,#1158);
#694=LINE('',#8833,#1159);
#695=LINE('',#8856,#1160);
#696=LINE('',#8879,#1161);
#697=LINE('',#8902,#1162);
#698=LINE('',#8925,#1163);
#699=LINE('',#8948,#1164);
#700=LINE('',#8956,#1165);
#701=LINE('',#8958,#1166);
#702=LINE('',#8959,#1167);
#703=LINE('',#8962,#1168);
#704=LINE('',#8964,#1169);
#705=LINE('',#8965,#1170);
#706=LINE('',#8967,#1171);
#707=LINE('',#8968,#1172);
#708=LINE('',#8973,#1173);
#709=LINE('',#8975,#1174);
#710=LINE('',#8977,#1175);
#711=LINE('',#8978,#1176);
#712=LINE('',#8996,#1177);
#713=LINE('',#9019,#1178);
#714=LINE('',#9042,#1179);
#715=LINE('',#9065,#1180);
#716=LINE('',#9088,#1181);
#717=LINE('',#9111,#1182);
#718=LINE('',#9134,#1183);
#719=LINE('',#9157,#1184);
#720=LINE('',#9180,#1185);
#721=LINE('',#9203,#1186);
#722=LINE('',#9226,#1187);
#723=LINE('',#9249,#1188);
#724=LINE('',#9257,#1189);
#725=LINE('',#9259,#1190);
#726=LINE('',#9260,#1191);
#727=LINE('',#9278,#1192);
#728=LINE('',#9301,#1193);
#729=LINE('',#9324,#1194);
#730=LINE('',#9347,#1195);
#731=LINE('',#9370,#1196);
#732=LINE('',#9393,#1197);
#733=LINE('',#9416,#1198);
#734=LINE('',#9439,#1199);
#735=LINE('',#9462,#1200);
#736=LINE('',#9485,#1201);
#737=LINE('',#9508,#1202);
#738=LINE('',#9516,#1203);
#739=LINE('',#9518,#1204);
#740=LINE('',#9519,#1205);
#741=LINE('',#9522,#1206);
#742=LINE('',#9524,#1207);
#743=LINE('',#9525,#1208);
#744=LINE('',#9528,#1209);
#745=LINE('',#9530,#1210);
#746=LINE('',#9531,#1211);
#747=LINE('',#9533,#1212);
#748=LINE('',#9534,#1213);
#749=LINE('',#9539,#1214);
#750=LINE('',#9541,#1215);
#751=LINE('',#9543,#1216);
#752=LINE('',#9544,#1217);
#753=LINE('',#9547,#1218);
#754=LINE('',#9549,#1219);
#755=LINE('',#9550,#1220);
#756=LINE('',#9553,#1221);
#757=LINE('',#9555,#1222);
#758=LINE('',#9556,#1223);
#759=LINE('',#9559,#1224);
#760=LINE('',#9561,#1225);
#761=LINE('',#9562,#1226);
#762=LINE('',#9565,#1227);
#763=LINE('',#9567,#1228);
#764=LINE('',#9568,#1229);
#765=LINE('',#9571,#1230);
#766=LINE('',#9573,#1231);
#767=LINE('',#9574,#1232);
#768=LINE('',#9577,#1233);
#769=LINE('',#9579,#1234);
#770=LINE('',#9580,#1235);
#771=LINE('',#9582,#1236);
#772=LINE('',#9583,#1237);
#773=LINE('',#9592,#1238);
#774=LINE('',#9596,#1239);
#775=LINE('',#9600,#1240);
#776=LINE('',#9604,#1241);
#777=LINE('',#9607,#1242);
#778=LINE('',#9608,#1243);
#779=LINE('',#9610,#1244);
#780=LINE('',#9613,#1245);
#781=LINE('',#9617,#1246);
#782=LINE('',#9621,#1247);
#783=LINE('',#9625,#1248);
#784=LINE('',#9629,#1249);
#785=LINE('',#9630,#1250);
#786=LINE('',#9633,#1251);
#787=LINE('',#9637,#1252);
#788=LINE('',#9642,#1253);
#789=LINE('',#9646,#1254);
#790=LINE('',#9649,#1255);
#791=LINE('',#9650,#1256);
#792=LINE('',#9652,#1257);
#793=LINE('',#9656,#1258);
#794=LINE('',#9669,#1259);
#795=LINE('',#9672,#1260);
#796=LINE('',#9673,#1261);
#797=LINE('',#9675,#1262);
#798=LINE('',#9676,#1263);
#799=LINE('',#9681,#1264);
#800=LINE('',#9685,#1265);
#801=LINE('',#9688,#1266);
#802=LINE('',#9689,#1267);
#803=LINE('',#9692,#1268);
#804=LINE('',#9694,#1269);
#805=LINE('',#9695,#1270);
#806=LINE('',#9697,#1271);
#807=LINE('',#9700,#1272);
#808=LINE('',#9704,#1273);
#809=LINE('',#9719,#1274);
#810=LINE('',#9722,#1275);
#811=LINE('',#9724,#1276);
#812=LINE('',#9726,#1277);
#813=LINE('',#9729,#1278);
#814=LINE('',#9731,#1279);
#815=LINE('',#9732,#1280);
#816=LINE('',#9735,#1281);
#817=LINE('',#9736,#1282);
#818=LINE('',#9738,#1283);
#819=LINE('',#9740,#1284);
#820=LINE('',#9741,#1285);
#821=LINE('',#9743,#1286);
#822=LINE('',#9747,#1287);
#823=LINE('',#9748,#1288);
#824=LINE('',#9749,#1289);
#825=LINE('',#9751,#1290);
#826=LINE('',#9752,#1291);
#827=LINE('',#9756,#1292);
#828=LINE('',#9758,#1293);
#829=LINE('',#9762,#1294);
#830=LINE('',#9765,#1295);
#831=LINE('',#9766,#1296);
#832=LINE('',#9768,#1297);
#833=LINE('',#9771,#1298);
#834=LINE('',#9772,#1299);
#835=LINE('',#9776,#1300);
#836=LINE('',#9778,#1301);
#837=LINE('',#9782,#1302);
#838=LINE('',#9784,#1303);
#839=LINE('',#9786,#1304);
#840=LINE('',#9788,#1305);
#841=LINE('',#9790,#1306);
#842=LINE('',#9793,#1307);
#843=LINE('',#9797,#1308);
#844=LINE('',#9799,#1309);
#845=LINE('',#9804,#1310);
#846=LINE('',#9808,#1311);
#847=LINE('',#9810,#1312);
#848=LINE('',#9812,#1313);
#849=LINE('',#9813,#1314);
#850=LINE('',#9816,#1315);
#851=LINE('',#9818,#1316);
#852=LINE('',#9819,#1317);
#853=LINE('',#9822,#1318);
#854=LINE('',#9824,#1319);
#855=LINE('',#9825,#1320);
#856=LINE('',#9827,#1321);
#857=LINE('',#9828,#1322);
#858=LINE('',#9831,#1323);
#859=LINE('',#9832,#1324);
#860=LINE('',#9835,#1325);
#861=VECTOR('',#5417,9.);
#862=VECTOR('',#5422,9.);
#863=VECTOR('',#5447,10.);
#864=VECTOR('',#5448,10.);
#865=VECTOR('',#5455,10.);
#866=VECTOR('',#5456,10.);
#867=VECTOR('',#5467,10.);
#868=VECTOR('',#5468,10.);
#869=VECTOR('',#5471,10.);
#870=VECTOR('',#5472,10.);
#871=VECTOR('',#5477,10.);
#872=VECTOR('',#5478,10.);
#873=VECTOR('',#5481,10.);
#874=VECTOR('',#5482,10.);
#875=VECTOR('',#5487,10.);
#876=VECTOR('',#5488,10.);
#877=VECTOR('',#5491,10.);
#878=VECTOR('',#5492,10.);
#879=VECTOR('',#5493,10.);
#880=VECTOR('',#5496,10.);
#881=VECTOR('',#5499,10.);
#882=VECTOR('',#5502,10.);
#883=VECTOR('',#5507,10.);
#884=VECTOR('',#5508,10.);
#885=VECTOR('',#5509,10.);
#886=VECTOR('',#5512,10.);
#887=VECTOR('',#5515,10.);
#888=VECTOR('',#5518,10.);
#889=VECTOR('',#5521,10.);
#890=VECTOR('',#5522,10.);
#891=VECTOR('',#5525,10.);
#892=VECTOR('',#5528,10.);
#893=VECTOR('',#5531,10.);
#894=VECTOR('',#5536,10.);
#895=VECTOR('',#5537,10.);
#896=VECTOR('',#5540,10.);
#897=VECTOR('',#5543,10.);
#898=VECTOR('',#5546,10.);
#899=VECTOR('',#5551,10.);
#900=VECTOR('',#5552,10.);
#901=VECTOR('',#5553,10.);
#902=VECTOR('',#5554,10.);
#903=VECTOR('',#5555,10.);
#904=VECTOR('',#5556,10.);
#905=VECTOR('',#5557,10.);
#906=VECTOR('',#5558,10.);
#907=VECTOR('',#5559,10.);
#908=VECTOR('',#5560,10.);
#909=VECTOR('',#5561,10.);
#910=VECTOR('',#5562,10.);
#911=VECTOR('',#5563,10.);
#912=VECTOR('',#5564,10.);
#913=VECTOR('',#5567,10.);
#914=VECTOR('',#5568,10.);
#915=VECTOR('',#5569,10.);
#916=VECTOR('',#5570,10.);
#917=VECTOR('',#5571,10.);
#918=VECTOR('',#5572,10.);
#919=VECTOR('',#5573,10.);
#920=VECTOR('',#5574,10.);
#921=VECTOR('',#5575,10.);
#922=VECTOR('',#5576,10.);
#923=VECTOR('',#5577,10.);
#924=VECTOR('',#5578,10.);
#925=VECTOR('',#5579,10.);
#926=VECTOR('',#5582,10.);
#927=VECTOR('',#5583,10.);
#928=VECTOR('',#5584,10.);
#929=VECTOR('',#5589,10.);
#930=VECTOR('',#5590,10.);
#931=VECTOR('',#5591,10.);
#932=VECTOR('',#5592,10.);
#933=VECTOR('',#5593,10.);
#934=VECTOR('',#5594,10.);
#935=VECTOR('',#5595,10.);
#936=VECTOR('',#5596,10.);
#937=VECTOR('',#5597,10.);
#938=VECTOR('',#5598,10.);
#939=VECTOR('',#5599,10.);
#940=VECTOR('',#5600,10.);
#941=VECTOR('',#5601,10.);
#942=VECTOR('',#5602,10.);
#943=VECTOR('',#5603,10.);
#944=VECTOR('',#5604,10.);
#945=VECTOR('',#5607,10.);
#946=VECTOR('',#5608,10.);
#947=VECTOR('',#5609,10.);
#948=VECTOR('',#5610,10.);
#949=VECTOR('',#5611,10.);
#950=VECTOR('',#5612,10.);
#951=VECTOR('',#5613,10.);
#952=VECTOR('',#5614,10.);
#953=VECTOR('',#5615,10.);
#954=VECTOR('',#5616,10.);
#955=VECTOR('',#5617,10.);
#956=VECTOR('',#5618,10.);
#957=VECTOR('',#5619,10.);
#958=VECTOR('',#5620,10.);
#959=VECTOR('',#5623,10.);
#960=VECTOR('',#5624,10.);
#961=VECTOR('',#5625,10.);
#962=VECTOR('',#5628,10.);
#963=VECTOR('',#5629,10.);
#964=VECTOR('',#5630,10.);
#965=VECTOR('',#5633,10.);
#966=VECTOR('',#5634,10.);
#967=VECTOR('',#5635,10.);
#968=VECTOR('',#5638,10.);
#969=VECTOR('',#5639,10.);
#970=VECTOR('',#5644,10.);
#971=VECTOR('',#5645,10.);
#972=VECTOR('',#5646,10.);
#973=VECTOR('',#5647,10.);
#974=VECTOR('',#5648,10.);
#975=VECTOR('',#5649,10.);
#976=VECTOR('',#5650,10.);
#977=VECTOR('',#5651,10.);
#978=VECTOR('',#5652,10.);
#979=VECTOR('',#5655,10.);
#980=VECTOR('',#5656,10.);
#981=VECTOR('',#5657,10.);
#982=VECTOR('',#5660,10.);
#983=VECTOR('',#5661,10.);
#984=VECTOR('',#5664,10.);
#985=VECTOR('',#5665,10.);
#986=VECTOR('',#5666,10.);
#987=VECTOR('',#5667,10.);
#988=VECTOR('',#5670,10.);
#989=VECTOR('',#5671,10.);
#990=VECTOR('',#5672,10.);
#991=VECTOR('',#5673,10.);
#992=VECTOR('',#5674,10.);
#993=VECTOR('',#5675,10.);
#994=VECTOR('',#5676,10.);
#995=VECTOR('',#5679,10.);
#996=VECTOR('',#5680,10.);
#997=VECTOR('',#5681,10.);
#998=VECTOR('',#5684,10.);
#999=VECTOR('',#5685,10.);
#1000=VECTOR('',#5686,10.);
#1001=VECTOR('',#5689,10.);
#1002=VECTOR('',#5690,10.);
#1003=VECTOR('',#5691,10.);
#1004=VECTOR('',#5692,10.);
#1005=VECTOR('',#5693,10.);
#1006=VECTOR('',#5694,10.);
#1007=VECTOR('',#5695,10.);
#1008=VECTOR('',#5696,10.);
#1009=VECTOR('',#5697,10.);
#1010=VECTOR('',#5698,10.);
#1011=VECTOR('',#5701,10.);
#1012=VECTOR('',#5702,10.);
#1013=VECTOR('',#5703,10.);
#1014=VECTOR('',#5706,10.);
#1015=VECTOR('',#5707,10.);
#1016=VECTOR('',#5708,10.);
#1017=VECTOR('',#5711,10.);
#1018=VECTOR('',#5712,10.);
#1019=VECTOR('',#5717,10.);
#1020=VECTOR('',#5718,10.);
#1021=VECTOR('',#5719,10.);
#1022=VECTOR('',#5720,10.);
#1023=VECTOR('',#5721,10.);
#1024=VECTOR('',#5722,10.);
#1025=VECTOR('',#5723,10.);
#1026=VECTOR('',#5724,10.);
#1027=VECTOR('',#5725,10.);
#1028=VECTOR('',#5726,10.);
#1029=VECTOR('',#5727,10.);
#1030=VECTOR('',#5730,10.);
#1031=VECTOR('',#5731,10.);
#1032=VECTOR('',#5732,10.);
#1033=VECTOR('',#5735,10.);
#1034=VECTOR('',#5736,10.);
#1035=VECTOR('',#5737,10.);
#1036=VECTOR('',#5738,10.);
#1037=VECTOR('',#5739,10.);
#1038=VECTOR('',#5740,10.);
#1039=VECTOR('',#5741,10.);
#1040=VECTOR('',#5742,10.);
#1041=VECTOR('',#5743,10.);
#1042=VECTOR('',#5744,10.);
#1043=VECTOR('',#5745,10.);
#1044=VECTOR('',#5746,10.);
#1045=VECTOR('',#5749,10.);
#1046=VECTOR('',#5750,10.);
#1047=VECTOR('',#5751,10.);
#1048=VECTOR('',#5754,10.);
#1049=VECTOR('',#5755,10.);
#1050=VECTOR('',#5756,10.);
#1051=VECTOR('',#5759,10.);
#1052=VECTOR('',#5760,10.);
#1053=VECTOR('',#5765,10.);
#1054=VECTOR('',#5766,10.);
#1055=VECTOR('',#5767,10.);
#1056=VECTOR('',#5768,10.);
#1057=VECTOR('',#5771,10.);
#1058=VECTOR('',#5772,10.);
#1059=VECTOR('',#5773,10.);
#1060=VECTOR('',#5776,10.);
#1061=VECTOR('',#5777,10.);
#1062=VECTOR('',#5778,10.);
#1063=VECTOR('',#5781,10.);
#1064=VECTOR('',#5782,10.);
#1065=VECTOR('',#5783,10.);
#1066=VECTOR('',#5786,10.);
#1067=VECTOR('',#5787,10.);
#1068=VECTOR('',#5788,10.);
#1069=VECTOR('',#5791,10.);
#1070=VECTOR('',#5792,10.);
#1071=VECTOR('',#5793,10.);
#1072=VECTOR('',#5796,10.);
#1073=VECTOR('',#5797,10.);
#1074=VECTOR('',#5798,10.);
#1075=VECTOR('',#5801,10.);
#1076=VECTOR('',#5802,10.);
#1077=VECTOR('',#5803,10.);
#1078=VECTOR('',#5806,10.);
#1079=VECTOR('',#5807,10.);
#1080=VECTOR('',#5808,10.);
#1081=VECTOR('',#5811,10.);
#1082=VECTOR('',#5812,10.);
#1083=VECTOR('',#5813,10.);
#1084=VECTOR('',#5816,10.);
#1085=VECTOR('',#5817,10.);
#1086=VECTOR('',#5818,10.);
#1087=VECTOR('',#5821,10.);
#1088=VECTOR('',#5822,10.);
#1089=VECTOR('',#5825,10.);
#1090=VECTOR('',#5826,10.);
#1091=VECTOR('',#5827,10.);
#1092=VECTOR('',#5830,10.);
#1093=VECTOR('',#5831,10.);
#1094=VECTOR('',#5832,10.);
#1095=VECTOR('',#5835,10.);
#1096=VECTOR('',#5836,10.);
#1097=VECTOR('',#5837,10.);
#1098=VECTOR('',#5840,10.);
#1099=VECTOR('',#5841,10.);
#1100=VECTOR('',#5844,10.);
#1101=VECTOR('',#5845,10.);
#1102=VECTOR('',#5846,10.);
#1103=VECTOR('',#5847,10.);
#1104=VECTOR('',#5850,10.);
#1105=VECTOR('',#5851,10.);
#1106=VECTOR('',#5852,10.);
#1107=VECTOR('',#5855,10.);
#1108=VECTOR('',#5856,10.);
#1109=VECTOR('',#5857,10.);
#1110=VECTOR('',#5860,10.);
#1111=VECTOR('',#5861,10.);
#1112=VECTOR('',#5862,10.);
#1113=VECTOR('',#5865,10.);
#1114=VECTOR('',#5866,10.);
#1115=VECTOR('',#5867,10.);
#1116=VECTOR('',#5870,10.);
#1117=VECTOR('',#5871,10.);
#1118=VECTOR('',#5872,10.);
#1119=VECTOR('',#5875,10.);
#1120=VECTOR('',#5876,10.);
#1121=VECTOR('',#5877,10.);
#1122=VECTOR('',#5880,10.);
#1123=VECTOR('',#5881,10.);
#1124=VECTOR('',#5886,10.);
#1125=VECTOR('',#5887,10.);
#1126=VECTOR('',#5888,10.);
#1127=VECTOR('',#5889,10.);
#1128=VECTOR('',#5890,10.);
#1129=VECTOR('',#5891,10.);
#1130=VECTOR('',#5892,10.);
#1131=VECTOR('',#5893,10.);
#1132=VECTOR('',#5894,10.);
#1133=VECTOR('',#5897,10.);
#1134=VECTOR('',#5898,10.);
#1135=VECTOR('',#5899,10.);
#1136=VECTOR('',#5902,10.);
#1137=VECTOR('',#5903,10.);
#1138=VECTOR('',#5906,10.);
#1139=VECTOR('',#5907,10.);
#1140=VECTOR('',#5908,10.);
#1141=VECTOR('',#5909,10.);
#1142=VECTOR('',#5912,10.);
#1143=VECTOR('',#5913,10.);
#1144=VECTOR('',#5914,10.);
#1145=VECTOR('',#5915,10.);
#1146=VECTOR('',#5916,10.);
#1147=VECTOR('',#5917,10.);
#1148=VECTOR('',#5918,10.);
#1149=VECTOR('',#5921,10.);
#1150=VECTOR('',#5922,10.);
#1151=VECTOR('',#5923,10.);
#1152=VECTOR('',#5926,10.);
#1153=VECTOR('',#5927,10.);
#1154=VECTOR('',#5928,10.);
#1155=VECTOR('',#5931,10.);
#1156=VECTOR('',#5932,10.);
#1157=VECTOR('',#5933,10.);
#1158=VECTOR('',#5934,10.);
#1159=VECTOR('',#5935,10.);
#1160=VECTOR('',#5936,10.);
#1161=VECTOR('',#5937,10.);
#1162=VECTOR('',#5938,10.);
#1163=VECTOR('',#5939,10.);
#1164=VECTOR('',#5940,10.);
#1165=VECTOR('',#5943,10.);
#1166=VECTOR('',#5944,10.);
#1167=VECTOR('',#5945,10.);
#1168=VECTOR('',#5948,10.);
#1169=VECTOR('',#5949,10.);
#1170=VECTOR('',#5950,10.);
#1171=VECTOR('',#5953,10.);
#1172=VECTOR('',#5954,10.);
#1173=VECTOR('',#5959,10.);
#1174=VECTOR('',#5960,10.);
#1175=VECTOR('',#5961,10.);
#1176=VECTOR('',#5962,10.);
#1177=VECTOR('',#5963,10.);
#1178=VECTOR('',#5964,10.);
#1179=VECTOR('',#5965,10.);
#1180=VECTOR('',#5966,10.);
#1181=VECTOR('',#5967,10.);
#1182=VECTOR('',#5968,10.);
#1183=VECTOR('',#5969,10.);
#1184=VECTOR('',#5970,10.);
#1185=VECTOR('',#5971,10.);
#1186=VECTOR('',#5972,10.);
#1187=VECTOR('',#5973,10.);
#1188=VECTOR('',#5974,10.);
#1189=VECTOR('',#5977,10.);
#1190=VECTOR('',#5978,10.);
#1191=VECTOR('',#5979,10.);
#1192=VECTOR('',#5980,10.);
#1193=VECTOR('',#5981,10.);
#1194=VECTOR('',#5982,10.);
#1195=VECTOR('',#5983,10.);
#1196=VECTOR('',#5984,10.);
#1197=VECTOR('',#5985,10.);
#1198=VECTOR('',#5986,10.);
#1199=VECTOR('',#5987,10.);
#1200=VECTOR('',#5988,10.);
#1201=VECTOR('',#5989,10.);
#1202=VECTOR('',#5990,10.);
#1203=VECTOR('',#5993,10.);
#1204=VECTOR('',#5994,10.);
#1205=VECTOR('',#5995,10.);
#1206=VECTOR('',#5998,10.);
#1207=VECTOR('',#5999,10.);
#1208=VECTOR('',#6000,10.);
#1209=VECTOR('',#6003,10.);
#1210=VECTOR('',#6004,10.);
#1211=VECTOR('',#6005,10.);
#1212=VECTOR('',#6008,10.);
#1213=VECTOR('',#6009,10.);
#1214=VECTOR('',#6014,10.);
#1215=VECTOR('',#6015,10.);
#1216=VECTOR('',#6016,10.);
#1217=VECTOR('',#6017,10.);
#1218=VECTOR('',#6020,10.);
#1219=VECTOR('',#6021,10.);
#1220=VECTOR('',#6022,10.);
#1221=VECTOR('',#6025,10.);
#1222=VECTOR('',#6026,10.);
#1223=VECTOR('',#6027,10.);
#1224=VECTOR('',#6030,10.);
#1225=VECTOR('',#6031,10.);
#1226=VECTOR('',#6032,10.);
#1227=VECTOR('',#6035,10.);
#1228=VECTOR('',#6036,10.);
#1229=VECTOR('',#6037,10.);
#1230=VECTOR('',#6040,10.);
#1231=VECTOR('',#6041,10.);
#1232=VECTOR('',#6042,10.);
#1233=VECTOR('',#6045,10.);
#1234=VECTOR('',#6046,10.);
#1235=VECTOR('',#6047,10.);
#1236=VECTOR('',#6050,10.);
#1237=VECTOR('',#6051,10.);
#1238=VECTOR('',#6064,10.);
#1239=VECTOR('',#6067,10.);
#1240=VECTOR('',#6070,10.);
#1241=VECTOR('',#6073,10.);
#1242=VECTOR('',#6078,10.);
#1243=VECTOR('',#6079,10.);
#1244=VECTOR('',#6082,10.);
#1245=VECTOR('',#6083,10.);
#1246=VECTOR('',#6086,10.);
#1247=VECTOR('',#6089,10.);
#1248=VECTOR('',#6092,10.);
#1249=VECTOR('',#6097,10.);
#1250=VECTOR('',#6098,10.);
#1251=VECTOR('',#6101,10.);
#1252=VECTOR('',#6104,10.);
#1253=VECTOR('',#6109,10.);
#1254=VECTOR('',#6112,10.);
#1255=VECTOR('',#6117,10.);
#1256=VECTOR('',#6118,10.);
#1257=VECTOR('',#6121,10.);
#1258=VECTOR('',#6124,10.);
#1259=VECTOR('',#6125,10.);
#1260=VECTOR('',#6130,10.);
#1261=VECTOR('',#6131,10.);
#1262=VECTOR('',#6134,10.);
#1263=VECTOR('',#6135,10.);
#1264=VECTOR('',#6140,10.);
#1265=VECTOR('',#6143,10.);
#1266=VECTOR('',#6148,10.);
#1267=VECTOR('',#6149,10.);
#1268=VECTOR('',#6152,10.);
#1269=VECTOR('',#6153,10.);
#1270=VECTOR('',#6154,10.);
#1271=VECTOR('',#6157,10.);
#1272=VECTOR('',#6160,10.);
#1273=VECTOR('',#6165,10.);
#1274=VECTOR('',#6170,10.);
#1275=VECTOR('',#6175,10.);
#1276=VECTOR('',#6178,10.);
#1277=VECTOR('',#6181,10.);
#1278=VECTOR('',#6184,10.);
#1279=VECTOR('',#6185,10.);
#1280=VECTOR('',#6186,10.);
#1281=VECTOR('',#6189,10.);
#1282=VECTOR('',#6190,10.);
#1283=VECTOR('',#6193,10.);
#1284=VECTOR('',#6196,10.);
#1285=VECTOR('',#6197,10.);
#1286=VECTOR('',#6200,10.);
#1287=VECTOR('',#6203,10.);
#1288=VECTOR('',#6204,10.);
#1289=VECTOR('',#6205,10.);
#1290=VECTOR('',#6208,10.);
#1291=VECTOR('',#6209,10.);
#1292=VECTOR('',#6214,10.);
#1293=VECTOR('',#6217,10.);
#1294=VECTOR('',#6222,10.);
#1295=VECTOR('',#6225,10.);
#1296=VECTOR('',#6226,10.);
#1297=VECTOR('',#6229,10.);
#1298=VECTOR('',#6232,10.);
#1299=VECTOR('',#6233,10.);
#1300=VECTOR('',#6238,10.);
#1301=VECTOR('',#6241,10.);
#1302=VECTOR('',#6246,10.);
#1303=VECTOR('',#6249,10.);
#1304=VECTOR('',#6252,10.);
#1305=VECTOR('',#6255,10.);
#1306=VECTOR('',#6258,10.);
#1307=VECTOR('',#6263,10.);
#1308=VECTOR('',#6268,10.);
#1309=VECTOR('',#6271,10.);
#1310=VECTOR('',#6278,18.5);
#1311=VECTOR('',#6281,10.);
#1312=VECTOR('',#6282,10.);
#1313=VECTOR('',#6283,10.);
#1314=VECTOR('',#6284,10.);
#1315=VECTOR('',#6287,10.);
#1316=VECTOR('',#6288,10.);
#1317=VECTOR('',#6289,10.);
#1318=VECTOR('',#6292,10.);
#1319=VECTOR('',#6293,10.);
#1320=VECTOR('',#6294,10.);
#1321=VECTOR('',#6297,10.);
#1322=VECTOR('',#6298,10.);
#1323=VECTOR('',#6301,10.);
#1324=VECTOR('',#6302,10.);
#1325=VECTOR('',#6307,10.);
#1326=CYLINDRICAL_SURFACE('',#5188,9.);
#1327=CYLINDRICAL_SURFACE('',#5189,9.);
#1328=CYLINDRICAL_SURFACE('',#5202,5.);
#1329=CYLINDRICAL_SURFACE('',#5204,5.);
#1330=CYLINDRICAL_SURFACE('',#5210,5.);
#1331=CYLINDRICAL_SURFACE('',#5211,5.);
#1332=CYLINDRICAL_SURFACE('',#5212,5.);
#1333=CYLINDRICAL_SURFACE('',#5214,5.);
#1334=CYLINDRICAL_SURFACE('',#5215,5.);
#1335=CYLINDRICAL_SURFACE('',#5328,15.);
#1336=CYLINDRICAL_SURFACE('',#5334,3.5);
#1337=CYLINDRICAL_SURFACE('',#5338,0.5);
#1338=CYLINDRICAL_SURFACE('',#5341,0.5);
#1339=CYLINDRICAL_SURFACE('',#5343,0.5);
#1340=CYLINDRICAL_SURFACE('',#5345,0.5);
#1341=CYLINDRICAL_SURFACE('',#5348,0.5);
#1342=CYLINDRICAL_SURFACE('',#5351,0.5);
#1343=CYLINDRICAL_SURFACE('',#5354,0.5);
#1344=CYLINDRICAL_SURFACE('',#5356,0.5);
#1345=CYLINDRICAL_SURFACE('',#5365,3.);
#1346=CYLINDRICAL_SURFACE('',#5366,3.);
#1347=CYLINDRICAL_SURFACE('',#5370,9.99999999999998);
#1348=CYLINDRICAL_SURFACE('',#5372,9.99999999999998);
#1349=CYLINDRICAL_SURFACE('',#5373,9.99999999999999);
#1350=CYLINDRICAL_SURFACE('',#5378,9.99999999999998);
#1351=CYLINDRICAL_SURFACE('',#5380,9.99999999999998);
#1352=CYLINDRICAL_SURFACE('',#5381,9.99999999999999);
#1353=CYLINDRICAL_SURFACE('',#5385,9.99999999999999);
#1354=CYLINDRICAL_SURFACE('',#5387,9.99999999999999);
#1355=CYLINDRICAL_SURFACE('',#5390,15.);
#1356=CYLINDRICAL_SURFACE('',#5391,3.5);
#1357=CYLINDRICAL_SURFACE('',#5393,18.5);
#1358=FACE_OUTER_BOUND('',#1638,.T.);
#1359=FACE_OUTER_BOUND('',#1639,.T.);
#1360=FACE_OUTER_BOUND('',#1640,.T.);
#1361=FACE_OUTER_BOUND('',#1641,.T.);
#1362=FACE_OUTER_BOUND('',#1642,.T.);
#1363=FACE_OUTER_BOUND('',#1643,.T.);
#1364=FACE_OUTER_BOUND('',#1644,.T.);
#1365=FACE_OUTER_BOUND('',#1645,.T.);
#1366=FACE_OUTER_BOUND('',#1646,.T.);
#1367=FACE_OUTER_BOUND('',#1647,.T.);
#1368=FACE_OUTER_BOUND('',#1648,.T.);
#1369=FACE_OUTER_BOUND('',#1649,.T.);
#1370=FACE_OUTER_BOUND('',#1650,.T.);
#1371=FACE_OUTER_BOUND('',#1651,.T.);
#1372=FACE_OUTER_BOUND('',#1652,.T.);
#1373=FACE_OUTER_BOUND('',#1653,.T.);
#1374=FACE_OUTER_BOUND('',#1654,.T.);
#1375=FACE_OUTER_BOUND('',#1656,.T.);
#1376=FACE_OUTER_BOUND('',#1658,.T.);
#1377=FACE_OUTER_BOUND('',#1660,.T.);
#1378=FACE_OUTER_BOUND('',#1662,.T.);
#1379=FACE_OUTER_BOUND('',#1663,.T.);
#1380=FACE_OUTER_BOUND('',#1664,.T.);
#1381=FACE_OUTER_BOUND('',#1665,.T.);
#1382=FACE_OUTER_BOUND('',#1666,.T.);
#1383=FACE_OUTER_BOUND('',#1667,.T.);
#1384=FACE_OUTER_BOUND('',#1668,.T.);
#1385=FACE_OUTER_BOUND('',#1669,.T.);
#1386=FACE_OUTER_BOUND('',#1670,.T.);
#1387=FACE_OUTER_BOUND('',#1671,.T.);
#1388=FACE_OUTER_BOUND('',#1672,.T.);
#1389=FACE_OUTER_BOUND('',#1673,.T.);
#1390=FACE_OUTER_BOUND('',#1674,.T.);
#1391=FACE_OUTER_BOUND('',#1675,.T.);
#1392=FACE_OUTER_BOUND('',#1676,.T.);
#1393=FACE_OUTER_BOUND('',#1677,.T.);
#1394=FACE_OUTER_BOUND('',#1678,.T.);
#1395=FACE_OUTER_BOUND('',#1679,.T.);
#1396=FACE_OUTER_BOUND('',#1680,.T.);
#1397=FACE_OUTER_BOUND('',#1681,.T.);
#1398=FACE_OUTER_BOUND('',#1682,.T.);
#1399=FACE_OUTER_BOUND('',#1683,.T.);
#1400=FACE_OUTER_BOUND('',#1684,.T.);
#1401=FACE_OUTER_BOUND('',#1685,.T.);
#1402=FACE_OUTER_BOUND('',#1686,.T.);
#1403=FACE_OUTER_BOUND('',#1687,.T.);
#1404=FACE_OUTER_BOUND('',#1688,.T.);
#1405=FACE_OUTER_BOUND('',#1689,.T.);
#1406=FACE_OUTER_BOUND('',#1690,.T.);
#1407=FACE_OUTER_BOUND('',#1691,.T.);
#1408=FACE_OUTER_BOUND('',#1692,.T.);
#1409=FACE_OUTER_BOUND('',#1693,.T.);
#1410=FACE_OUTER_BOUND('',#1694,.T.);
#1411=FACE_OUTER_BOUND('',#1695,.T.);
#1412=FACE_OUTER_BOUND('',#1696,.T.);
#1413=FACE_OUTER_BOUND('',#1697,.T.);
#1414=FACE_OUTER_BOUND('',#1698,.T.);
#1415=FACE_OUTER_BOUND('',#1699,.T.);
#1416=FACE_OUTER_BOUND('',#1700,.T.);
#1417=FACE_OUTER_BOUND('',#1701,.T.);
#1418=FACE_OUTER_BOUND('',#1702,.T.);
#1419=FACE_OUTER_BOUND('',#1703,.T.);
#1420=FACE_OUTER_BOUND('',#1704,.T.);
#1421=FACE_OUTER_BOUND('',#1705,.T.);
#1422=FACE_OUTER_BOUND('',#1706,.T.);
#1423=FACE_OUTER_BOUND('',#1707,.T.);
#1424=FACE_OUTER_BOUND('',#1708,.T.);
#1425=FACE_OUTER_BOUND('',#1709,.T.);
#1426=FACE_OUTER_BOUND('',#1710,.T.);
#1427=FACE_OUTER_BOUND('',#1711,.T.);
#1428=FACE_OUTER_BOUND('',#1712,.T.);
#1429=FACE_OUTER_BOUND('',#1713,.T.);
#1430=FACE_OUTER_BOUND('',#1714,.T.);
#1431=FACE_OUTER_BOUND('',#1715,.T.);
#1432=FACE_OUTER_BOUND('',#1716,.T.);
#1433=FACE_OUTER_BOUND('',#1717,.T.);
#1434=FACE_OUTER_BOUND('',#1718,.T.);
#1435=FACE_OUTER_BOUND('',#1719,.T.);
#1436=FACE_OUTER_BOUND('',#1720,.T.);
#1437=FACE_OUTER_BOUND('',#1721,.T.);
#1438=FACE_OUTER_BOUND('',#1722,.T.);
#1439=FACE_OUTER_BOUND('',#1723,.T.);
#1440=FACE_OUTER_BOUND('',#1724,.T.);
#1441=FACE_OUTER_BOUND('',#1725,.T.);
#1442=FACE_OUTER_BOUND('',#1726,.T.);
#1443=FACE_OUTER_BOUND('',#1727,.T.);
#1444=FACE_OUTER_BOUND('',#1728,.T.);
#1445=FACE_OUTER_BOUND('',#1729,.T.);
#1446=FACE_OUTER_BOUND('',#1730,.T.);
#1447=FACE_OUTER_BOUND('',#1731,.T.);
#1448=FACE_OUTER_BOUND('',#1732,.T.);
#1449=FACE_OUTER_BOUND('',#1733,.T.);
#1450=FACE_OUTER_BOUND('',#1734,.T.);
#1451=FACE_OUTER_BOUND('',#1735,.T.);
#1452=FACE_OUTER_BOUND('',#1736,.T.);
#1453=FACE_OUTER_BOUND('',#1737,.T.);
#1454=FACE_OUTER_BOUND('',#1738,.T.);
#1455=FACE_OUTER_BOUND('',#1739,.T.);
#1456=FACE_OUTER_BOUND('',#1740,.T.);
#1457=FACE_OUTER_BOUND('',#1741,.T.);
#1458=FACE_OUTER_BOUND('',#1742,.T.);
#1459=FACE_OUTER_BOUND('',#1744,.T.);
#1460=FACE_OUTER_BOUND('',#1745,.T.);
#1461=FACE_OUTER_BOUND('',#1746,.T.);
#1462=FACE_OUTER_BOUND('',#1747,.T.);
#1463=FACE_OUTER_BOUND('',#1748,.T.);
#1464=FACE_OUTER_BOUND('',#1749,.T.);
#1465=FACE_OUTER_BOUND('',#1750,.T.);
#1466=FACE_OUTER_BOUND('',#1751,.T.);
#1467=FACE_OUTER_BOUND('',#1752,.T.);
#1468=FACE_OUTER_BOUND('',#1753,.T.);
#1469=FACE_OUTER_BOUND('',#1754,.T.);
#1470=FACE_OUTER_BOUND('',#1755,.T.);
#1471=FACE_OUTER_BOUND('',#1756,.T.);
#1472=FACE_OUTER_BOUND('',#1757,.T.);
#1473=FACE_OUTER_BOUND('',#1758,.T.);
#1474=FACE_OUTER_BOUND('',#1759,.T.);
#1475=FACE_OUTER_BOUND('',#1760,.T.);
#1476=FACE_OUTER_BOUND('',#1761,.T.);
#1477=FACE_OUTER_BOUND('',#1762,.T.);
#1478=FACE_OUTER_BOUND('',#1763,.T.);
#1479=FACE_OUTER_BOUND('',#1764,.T.);
#1480=FACE_OUTER_BOUND('',#1765,.T.);
#1481=FACE_OUTER_BOUND('',#1766,.T.);
#1482=FACE_OUTER_BOUND('',#1768,.T.);
#1483=FACE_OUTER_BOUND('',#1769,.T.);
#1484=FACE_OUTER_BOUND('',#1770,.T.);
#1485=FACE_OUTER_BOUND('',#1771,.T.);
#1486=FACE_OUTER_BOUND('',#1772,.T.);
#1487=FACE_OUTER_BOUND('',#1773,.T.);
#1488=FACE_OUTER_BOUND('',#1774,.T.);
#1489=FACE_OUTER_BOUND('',#1775,.T.);
#1490=FACE_OUTER_BOUND('',#1776,.T.);
#1491=FACE_OUTER_BOUND('',#1777,.T.);
#1492=FACE_OUTER_BOUND('',#1778,.T.);
#1493=FACE_OUTER_BOUND('',#1779,.T.);
#1494=FACE_OUTER_BOUND('',#1780,.T.);
#1495=FACE_OUTER_BOUND('',#1781,.T.);
#1496=FACE_OUTER_BOUND('',#1782,.T.);
#1497=FACE_OUTER_BOUND('',#1783,.T.);
#1498=FACE_OUTER_BOUND('',#1784,.T.);
#1499=FACE_OUTER_BOUND('',#1785,.T.);
#1500=FACE_OUTER_BOUND('',#1786,.T.);
#1501=FACE_OUTER_BOUND('',#1787,.T.);
#1502=FACE_OUTER_BOUND('',#1788,.T.);
#1503=FACE_OUTER_BOUND('',#1789,.T.);
#1504=FACE_OUTER_BOUND('',#1790,.T.);
#1505=FACE_OUTER_BOUND('',#1791,.T.);
#1506=FACE_OUTER_BOUND('',#1792,.T.);
#1507=FACE_OUTER_BOUND('',#1793,.T.);
#1508=FACE_OUTER_BOUND('',#1794,.T.);
#1509=FACE_OUTER_BOUND('',#1796,.T.);
#1510=FACE_OUTER_BOUND('',#1797,.T.);
#1511=FACE_OUTER_BOUND('',#1798,.T.);
#1512=FACE_OUTER_BOUND('',#1799,.T.);
#1513=FACE_OUTER_BOUND('',#1800,.T.);
#1514=FACE_OUTER_BOUND('',#1801,.T.);
#1515=FACE_OUTER_BOUND('',#1802,.T.);
#1516=FACE_OUTER_BOUND('',#1803,.T.);
#1517=FACE_OUTER_BOUND('',#1804,.T.);
#1518=FACE_OUTER_BOUND('',#1805,.T.);
#1519=FACE_OUTER_BOUND('',#1806,.T.);
#1520=FACE_OUTER_BOUND('',#1807,.T.);
#1521=FACE_OUTER_BOUND('',#1808,.T.);
#1522=FACE_OUTER_BOUND('',#1809,.T.);
#1523=FACE_OUTER_BOUND('',#1810,.T.);
#1524=FACE_OUTER_BOUND('',#1811,.T.);
#1525=FACE_OUTER_BOUND('',#1812,.T.);
#1526=FACE_OUTER_BOUND('',#1813,.T.);
#1527=FACE_OUTER_BOUND('',#1814,.T.);
#1528=FACE_OUTER_BOUND('',#1815,.T.);
#1529=FACE_OUTER_BOUND('',#1816,.T.);
#1530=FACE_OUTER_BOUND('',#1817,.T.);
#1531=FACE_OUTER_BOUND('',#1818,.T.);
#1532=FACE_OUTER_BOUND('',#1819,.T.);
#1533=FACE_OUTER_BOUND('',#1820,.T.);
#1534=FACE_OUTER_BOUND('',#1821,.T.);
#1535=FACE_OUTER_BOUND('',#1822,.T.);
#1536=FACE_OUTER_BOUND('',#1823,.T.);
#1537=FACE_OUTER_BOUND('',#1825,.T.);
#1538=FACE_OUTER_BOUND('',#1826,.T.);
#1539=FACE_OUTER_BOUND('',#1827,.T.);
#1540=FACE_OUTER_BOUND('',#1828,.T.);
#1541=FACE_OUTER_BOUND('',#1829,.T.);
#1542=FACE_OUTER_BOUND('',#1830,.T.);
#1543=FACE_OUTER_BOUND('',#1831,.T.);
#1544=FACE_OUTER_BOUND('',#1832,.T.);
#1545=FACE_OUTER_BOUND('',#1833,.T.);
#1546=FACE_OUTER_BOUND('',#1834,.T.);
#1547=FACE_OUTER_BOUND('',#1835,.T.);
#1548=FACE_OUTER_BOUND('',#1836,.T.);
#1549=FACE_OUTER_BOUND('',#1837,.T.);
#1550=FACE_OUTER_BOUND('',#1838,.T.);
#1551=FACE_OUTER_BOUND('',#1839,.T.);
#1552=FACE_OUTER_BOUND('',#1840,.T.);
#1553=FACE_OUTER_BOUND('',#1841,.T.);
#1554=FACE_OUTER_BOUND('',#1842,.T.);
#1555=FACE_OUTER_BOUND('',#1843,.T.);
#1556=FACE_OUTER_BOUND('',#1844,.T.);
#1557=FACE_OUTER_BOUND('',#1845,.T.);
#1558=FACE_OUTER_BOUND('',#1846,.T.);
#1559=FACE_OUTER_BOUND('',#1847,.T.);
#1560=FACE_OUTER_BOUND('',#1848,.T.);
#1561=FACE_OUTER_BOUND('',#1849,.T.);
#1562=FACE_OUTER_BOUND('',#1850,.T.);
#1563=FACE_OUTER_BOUND('',#1851,.T.);
#1564=FACE_OUTER_BOUND('',#1852,.T.);
#1565=FACE_OUTER_BOUND('',#1853,.T.);
#1566=FACE_OUTER_BOUND('',#1854,.T.);
#1567=FACE_OUTER_BOUND('',#1855,.T.);
#1568=FACE_OUTER_BOUND('',#1856,.T.);
#1569=FACE_OUTER_BOUND('',#1857,.T.);
#1570=FACE_OUTER_BOUND('',#1858,.T.);
#1571=FACE_OUTER_BOUND('',#1859,.T.);
#1572=FACE_OUTER_BOUND('',#1860,.T.);
#1573=FACE_OUTER_BOUND('',#1861,.T.);
#1574=FACE_OUTER_BOUND('',#1862,.T.);
#1575=FACE_OUTER_BOUND('',#1863,.T.);
#1576=FACE_OUTER_BOUND('',#1864,.T.);
#1577=FACE_OUTER_BOUND('',#1865,.T.);
#1578=FACE_OUTER_BOUND('',#1866,.T.);
#1579=FACE_OUTER_BOUND('',#1867,.T.);
#1580=FACE_OUTER_BOUND('',#1868,.T.);
#1581=FACE_OUTER_BOUND('',#1869,.T.);
#1582=FACE_OUTER_BOUND('',#1870,.T.);
#1583=FACE_OUTER_BOUND('',#1872,.T.);
#1584=FACE_OUTER_BOUND('',#1873,.T.);
#1585=FACE_OUTER_BOUND('',#1874,.T.);
#1586=FACE_OUTER_BOUND('',#1875,.T.);
#1587=FACE_OUTER_BOUND('',#1876,.T.);
#1588=FACE_OUTER_BOUND('',#1877,.T.);
#1589=FACE_OUTER_BOUND('',#1878,.T.);
#1590=FACE_OUTER_BOUND('',#1879,.T.);
#1591=FACE_OUTER_BOUND('',#1880,.T.);
#1592=FACE_OUTER_BOUND('',#1881,.T.);
#1593=FACE_OUTER_BOUND('',#1882,.T.);
#1594=FACE_OUTER_BOUND('',#1883,.T.);
#1595=FACE_OUTER_BOUND('',#1884,.T.);
#1596=FACE_OUTER_BOUND('',#1885,.T.);
#1597=FACE_OUTER_BOUND('',#1886,.T.);
#1598=FACE_OUTER_BOUND('',#1887,.T.);
#1599=FACE_OUTER_BOUND('',#1888,.T.);
#1600=FACE_OUTER_BOUND('',#1889,.T.);
#1601=FACE_OUTER_BOUND('',#1890,.T.);
#1602=FACE_OUTER_BOUND('',#1900,.T.);
#1603=FACE_OUTER_BOUND('',#1901,.T.);
#1604=FACE_OUTER_BOUND('',#1902,.T.);
#1605=FACE_OUTER_BOUND('',#1903,.T.);
#1606=FACE_OUTER_BOUND('',#1904,.T.);
#1607=FACE_OUTER_BOUND('',#1905,.T.);
#1608=FACE_OUTER_BOUND('',#1906,.T.);
#1609=FACE_OUTER_BOUND('',#1907,.T.);
#1610=FACE_OUTER_BOUND('',#1908,.T.);
#1611=FACE_OUTER_BOUND('',#1909,.T.);
#1612=FACE_OUTER_BOUND('',#1910,.T.);
#1613=FACE_OUTER_BOUND('',#1911,.T.);
#1614=FACE_OUTER_BOUND('',#1912,.T.);
#1615=FACE_OUTER_BOUND('',#1913,.T.);
#1616=FACE_OUTER_BOUND('',#1914,.T.);
#1617=FACE_OUTER_BOUND('',#1915,.T.);
#1618=FACE_OUTER_BOUND('',#1916,.T.);
#1619=FACE_OUTER_BOUND('',#1917,.T.);
#1620=FACE_OUTER_BOUND('',#1918,.T.);
#1621=FACE_OUTER_BOUND('',#1919,.T.);
#1622=FACE_OUTER_BOUND('',#1920,.T.);
#1623=FACE_OUTER_BOUND('',#1921,.T.);
#1624=FACE_OUTER_BOUND('',#1923,.T.);
#1625=FACE_OUTER_BOUND('',#1924,.T.);
#1626=FACE_OUTER_BOUND('',#1925,.T.);
#1627=FACE_OUTER_BOUND('',#1927,.T.);
#1628=FACE_OUTER_BOUND('',#1928,.T.);
#1629=FACE_OUTER_BOUND('',#1929,.T.);
#1630=FACE_OUTER_BOUND('',#1930,.T.);
#1631=FACE_OUTER_BOUND('',#1931,.T.);
#1632=FACE_OUTER_BOUND('',#1932,.T.);
#1633=FACE_OUTER_BOUND('',#1934,.T.);
#1634=FACE_OUTER_BOUND('',#1936,.T.);
#1635=FACE_OUTER_BOUND('',#1937,.T.);
#1636=FACE_OUTER_BOUND('',#1938,.T.);
#1637=FACE_OUTER_BOUND('',#1939,.T.);
#1638=EDGE_LOOP('',(#3246));
#1639=EDGE_LOOP('',(#3247));
#1640=EDGE_LOOP('',(#3248,#3249,#3250,#3251));
#1641=EDGE_LOOP('',(#3252,#3253,#3254,#3255));
#1642=EDGE_LOOP('',(#3256));
#1643=EDGE_LOOP('',(#3257));
#1644=EDGE_LOOP('',(#3258,#3259,#3260));
#1645=EDGE_LOOP('',(#3261,#3262,#3263));
#1646=EDGE_LOOP('',(#3264,#3265,#3266,#3267));
#1647=EDGE_LOOP('',(#3268,#3269,#3270,#3271));
#1648=EDGE_LOOP('',(#3272,#3273,#3274));
#1649=EDGE_LOOP('',(#3275,#3276,#3277,#3278));
#1650=EDGE_LOOP('',(#3279,#3280,#3281,#3282));
#1651=EDGE_LOOP('',(#3283,#3284,#3285,#3286));
#1652=EDGE_LOOP('',(#3287,#3288,#3289,#3290));
#1653=EDGE_LOOP('',(#3291,#3292,#3293,#3294));
#1654=EDGE_LOOP('',(#3295,#3296,#3297,#3298));
#1655=EDGE_LOOP('',(#3299,#3300,#3301,#3302,#3303,#3304,#3305,#3306));
#1656=EDGE_LOOP('',(#3307,#3308,#3309,#3310));
#1657=EDGE_LOOP('',(#3311,#3312,#3313,#3314,#3315,#3316,#3317,#3318,#3319,
#3320,#3321,#3322,#3323,#3324,#3325,#3326,#3327,#3328));
#1658=EDGE_LOOP('',(#3329,#3330,#3331,#3332));
#1659=EDGE_LOOP('',(#3333,#3334,#3335,#3336,#3337,#3338,#3339,#3340));
#1660=EDGE_LOOP('',(#3341,#3342,#3343,#3344));
#1661=EDGE_LOOP('',(#3345,#3346,#3347,#3348));
#1662=EDGE_LOOP('',(#3349,#3350,#3351,#3352));
#1663=EDGE_LOOP('',(#3353,#3354,#3355,#3356));
#1664=EDGE_LOOP('',(#3357,#3358,#3359,#3360));
#1665=EDGE_LOOP('',(#3361,#3362,#3363,#3364));
#1666=EDGE_LOOP('',(#3365,#3366,#3367,#3368));
#1667=EDGE_LOOP('',(#3369,#3370,#3371,#3372));
#1668=EDGE_LOOP('',(#3373,#3374,#3375,#3376));
#1669=EDGE_LOOP('',(#3377,#3378,#3379,#3380));
#1670=EDGE_LOOP('',(#3381,#3382,#3383,#3384));
#1671=EDGE_LOOP('',(#3385,#3386,#3387,#3388));
#1672=EDGE_LOOP('',(#3389,#3390,#3391,#3392));
#1673=EDGE_LOOP('',(#3393,#3394,#3395,#3396));
#1674=EDGE_LOOP('',(#3397,#3398,#3399,#3400));
#1675=EDGE_LOOP('',(#3401,#3402,#3403,#3404));
#1676=EDGE_LOOP('',(#3405,#3406,#3407,#3408));
#1677=EDGE_LOOP('',(#3409,#3410,#3411,#3412));
#1678=EDGE_LOOP('',(#3413,#3414,#3415,#3416));
#1679=EDGE_LOOP('',(#3417,#3418,#3419,#3420));
#1680=EDGE_LOOP('',(#3421,#3422,#3423,#3424));
#1681=EDGE_LOOP('',(#3425,#3426,#3427,#3428));
#1682=EDGE_LOOP('',(#3429,#3430,#3431,#3432));
#1683=EDGE_LOOP('',(#3433,#3434,#3435,#3436));
#1684=EDGE_LOOP('',(#3437,#3438,#3439,#3440,#3441,#3442,#3443,#3444,#3445,
#3446,#3447,#3448,#3449,#3450,#3451,#3452,#3453,#3454,#3455,#3456,#3457,
#3458));
#1685=EDGE_LOOP('',(#3459,#3460,#3461,#3462));
#1686=EDGE_LOOP('',(#3463,#3464,#3465,#3466));
#1687=EDGE_LOOP('',(#3467,#3468,#3469,#3470));
#1688=EDGE_LOOP('',(#3471,#3472,#3473,#3474));
#1689=EDGE_LOOP('',(#3475,#3476,#3477,#3478));
#1690=EDGE_LOOP('',(#3479,#3480,#3481,#3482));
#1691=EDGE_LOOP('',(#3483,#3484,#3485,#3486));
#1692=EDGE_LOOP('',(#3487,#3488,#3489,#3490));
#1693=EDGE_LOOP('',(#3491,#3492,#3493,#3494));
#1694=EDGE_LOOP('',(#3495,#3496,#3497,#3498));
#1695=EDGE_LOOP('',(#3499,#3500,#3501,#3502));
#1696=EDGE_LOOP('',(#3503,#3504,#3505,#3506));
#1697=EDGE_LOOP('',(#3507,#3508,#3509,#3510));
#1698=EDGE_LOOP('',(#3511,#3512,#3513,#3514));
#1699=EDGE_LOOP('',(#3515,#3516,#3517,#3518));
#1700=EDGE_LOOP('',(#3519,#3520,#3521,#3522));
#1701=EDGE_LOOP('',(#3523,#3524,#3525,#3526));
#1702=EDGE_LOOP('',(#3527,#3528,#3529,#3530));
#1703=EDGE_LOOP('',(#3531,#3532,#3533,#3534));
#1704=EDGE_LOOP('',(#3535,#3536,#3537,#3538));
#1705=EDGE_LOOP('',(#3539,#3540,#3541,#3542));
#1706=EDGE_LOOP('',(#3543,#3544,#3545,#3546));
#1707=EDGE_LOOP('',(#3547,#3548,#3549,#3550));
#1708=EDGE_LOOP('',(#3551,#3552,#3553,#3554));
#1709=EDGE_LOOP('',(#3555,#3556,#3557,#3558));
#1710=EDGE_LOOP('',(#3559,#3560,#3561,#3562));
#1711=EDGE_LOOP('',(#3563,#3564,#3565,#3566));
#1712=EDGE_LOOP('',(#3567,#3568,#3569,#3570));
#1713=EDGE_LOOP('',(#3571,#3572,#3573,#3574));
#1714=EDGE_LOOP('',(#3575,#3576,#3577,#3578,#3579,#3580,#3581,#3582,#3583,
#3584,#3585,#3586,#3587,#3588,#3589,#3590,#3591,#3592,#3593,#3594,#3595,
#3596,#3597,#3598,#3599,#3600,#3601,#3602,#3603));
#1715=EDGE_LOOP('',(#3604,#3605,#3606,#3607));
#1716=EDGE_LOOP('',(#3608,#3609,#3610,#3611));
#1717=EDGE_LOOP('',(#3612,#3613,#3614,#3615));
#1718=EDGE_LOOP('',(#3616,#3617,#3618,#3619));
#1719=EDGE_LOOP('',(#3620,#3621,#3622,#3623));
#1720=EDGE_LOOP('',(#3624,#3625,#3626,#3627));
#1721=EDGE_LOOP('',(#3628,#3629,#3630,#3631));
#1722=EDGE_LOOP('',(#3632,#3633,#3634,#3635));
#1723=EDGE_LOOP('',(#3636,#3637,#3638,#3639));
#1724=EDGE_LOOP('',(#3640,#3641,#3642,#3643));
#1725=EDGE_LOOP('',(#3644,#3645,#3646,#3647));
#1726=EDGE_LOOP('',(#3648,#3649,#3650,#3651));
#1727=EDGE_LOOP('',(#3652,#3653,#3654,#3655));
#1728=EDGE_LOOP('',(#3656,#3657,#3658,#3659));
#1729=EDGE_LOOP('',(#3660,#3661,#3662,#3663));
#1730=EDGE_LOOP('',(#3664,#3665,#3666,#3667));
#1731=EDGE_LOOP('',(#3668,#3669,#3670,#3671));
#1732=EDGE_LOOP('',(#3672,#3673,#3674,#3675));
#1733=EDGE_LOOP('',(#3676,#3677,#3678,#3679));
#1734=EDGE_LOOP('',(#3680,#3681,#3682,#3683));
#1735=EDGE_LOOP('',(#3684,#3685,#3686,#3687));
#1736=EDGE_LOOP('',(#3688,#3689,#3690,#3691));
#1737=EDGE_LOOP('',(#3692,#3693,#3694,#3695));
#1738=EDGE_LOOP('',(#3696,#3697,#3698,#3699));
#1739=EDGE_LOOP('',(#3700,#3701,#3702,#3703));
#1740=EDGE_LOOP('',(#3704,#3705,#3706,#3707));
#1741=EDGE_LOOP('',(#3708,#3709,#3710,#3711));
#1742=EDGE_LOOP('',(#3712,#3713,#3714,#3715,#3716,#3717,#3718,#3719,#3720,
#3721,#3722,#3723,#3724,#3725,#3726,#3727,#3728,#3729,#3730));
#1743=EDGE_LOOP('',(#3731,#3732,#3733,#3734,#3735,#3736,#3737,#3738));
#1744=EDGE_LOOP('',(#3739,#3740,#3741,#3742));
#1745=EDGE_LOOP('',(#3743,#3744,#3745,#3746));
#1746=EDGE_LOOP('',(#3747,#3748,#3749,#3750));
#1747=EDGE_LOOP('',(#3751,#3752,#3753,#3754));
#1748=EDGE_LOOP('',(#3755,#3756,#3757,#3758));
#1749=EDGE_LOOP('',(#3759,#3760,#3761,#3762));
#1750=EDGE_LOOP('',(#3763,#3764,#3765,#3766));
#1751=EDGE_LOOP('',(#3767,#3768,#3769,#3770));
#1752=EDGE_LOOP('',(#3771,#3772,#3773,#3774));
#1753=EDGE_LOOP('',(#3775,#3776,#3777,#3778));
#1754=EDGE_LOOP('',(#3779,#3780,#3781,#3782));
#1755=EDGE_LOOP('',(#3783,#3784,#3785,#3786));
#1756=EDGE_LOOP('',(#3787,#3788,#3789,#3790));
#1757=EDGE_LOOP('',(#3791,#3792,#3793,#3794));
#1758=EDGE_LOOP('',(#3795,#3796,#3797,#3798));
#1759=EDGE_LOOP('',(#3799,#3800,#3801,#3802));
#1760=EDGE_LOOP('',(#3803,#3804,#3805,#3806));
#1761=EDGE_LOOP('',(#3807,#3808,#3809,#3810));
#1762=EDGE_LOOP('',(#3811,#3812,#3813,#3814));
#1763=EDGE_LOOP('',(#3815,#3816,#3817,#3818));
#1764=EDGE_LOOP('',(#3819,#3820,#3821,#3822));
#1765=EDGE_LOOP('',(#3823,#3824,#3825,#3826));
#1766=EDGE_LOOP('',(#3827,#3828,#3829,#3830,#3831,#3832,#3833,#3834,#3835,
#3836,#3837,#3838));
#1767=EDGE_LOOP('',(#3839,#3840,#3841,#3842,#3843,#3844,#3845,#3846,#3847,
#3848));
#1768=EDGE_LOOP('',(#3849,#3850,#3851,#3852));
#1769=EDGE_LOOP('',(#3853,#3854,#3855,#3856));
#1770=EDGE_LOOP('',(#3857,#3858,#3859,#3860));
#1771=EDGE_LOOP('',(#3861,#3862,#3863,#3864));
#1772=EDGE_LOOP('',(#3865,#3866,#3867,#3868));
#1773=EDGE_LOOP('',(#3869,#3870,#3871,#3872));
#1774=EDGE_LOOP('',(#3873,#3874,#3875,#3876));
#1775=EDGE_LOOP('',(#3877,#3878,#3879,#3880));
#1776=EDGE_LOOP('',(#3881,#3882,#3883,#3884));
#1777=EDGE_LOOP('',(#3885,#3886,#3887,#3888));
#1778=EDGE_LOOP('',(#3889,#3890,#3891,#3892));
#1779=EDGE_LOOP('',(#3893,#3894,#3895,#3896));
#1780=EDGE_LOOP('',(#3897,#3898,#3899,#3900,#3901,#3902,#3903,#3904,#3905,
#3906,#3907,#3908));
#1781=EDGE_LOOP('',(#3909,#3910,#3911,#3912));
#1782=EDGE_LOOP('',(#3913,#3914,#3915,#3916));
#1783=EDGE_LOOP('',(#3917,#3918,#3919,#3920));
#1784=EDGE_LOOP('',(#3921,#3922,#3923,#3924));
#1785=EDGE_LOOP('',(#3925,#3926,#3927,#3928));
#1786=EDGE_LOOP('',(#3929,#3930,#3931,#3932));
#1787=EDGE_LOOP('',(#3933,#3934,#3935,#3936));
#1788=EDGE_LOOP('',(#3937,#3938,#3939,#3940));
#1789=EDGE_LOOP('',(#3941,#3942,#3943,#3944));
#1790=EDGE_LOOP('',(#3945,#3946,#3947,#3948));
#1791=EDGE_LOOP('',(#3949,#3950,#3951,#3952));
#1792=EDGE_LOOP('',(#3953,#3954,#3955,#3956));
#1793=EDGE_LOOP('',(#3957,#3958,#3959,#3960));
#1794=EDGE_LOOP('',(#3961,#3962,#3963,#3964,#3965,#3966,#3967,#3968));
#1795=EDGE_LOOP('',(#3969,#3970,#3971,#3972,#3973));
#1796=EDGE_LOOP('',(#3974,#3975,#3976,#3977));
#1797=EDGE_LOOP('',(#3978,#3979,#3980,#3981));
#1798=EDGE_LOOP('',(#3982,#3983,#3984,#3985));
#1799=EDGE_LOOP('',(#3986,#3987,#3988,#3989));
#1800=EDGE_LOOP('',(#3990,#3991,#3992,#3993));
#1801=EDGE_LOOP('',(#3994,#3995,#3996,#3997));
#1802=EDGE_LOOP('',(#3998,#3999,#4000,#4001));
#1803=EDGE_LOOP('',(#4002,#4003,#4004,#4005));
#1804=EDGE_LOOP('',(#4006,#4007,#4008,#4009));
#1805=EDGE_LOOP('',(#4010,#4011,#4012,#4013));
#1806=EDGE_LOOP('',(#4014,#4015,#4016,#4017));
#1807=EDGE_LOOP('',(#4018,#4019,#4020,#4021));
#1808=EDGE_LOOP('',(#4022,#4023,#4024,#4025));
#1809=EDGE_LOOP('',(#4026,#4027,#4028,#4029));
#1810=EDGE_LOOP('',(#4030,#4031,#4032,#4033));
#1811=EDGE_LOOP('',(#4034,#4035,#4036,#4037));
#1812=EDGE_LOOP('',(#4038,#4039,#4040,#4041));
#1813=EDGE_LOOP('',(#4042,#4043,#4044,#4045));
#1814=EDGE_LOOP('',(#4046,#4047,#4048,#4049));
#1815=EDGE_LOOP('',(#4050,#4051,#4052,#4053));
#1816=EDGE_LOOP('',(#4054,#4055,#4056,#4057));
#1817=EDGE_LOOP('',(#4058,#4059,#4060,#4061));
#1818=EDGE_LOOP('',(#4062,#4063,#4064,#4065));
#1819=EDGE_LOOP('',(#4066,#4067,#4068,#4069));
#1820=EDGE_LOOP('',(#4070,#4071,#4072,#4073));
#1821=EDGE_LOOP('',(#4074,#4075,#4076,#4077));
#1822=EDGE_LOOP('',(#4078,#4079,#4080,#4081));
#1823=EDGE_LOOP('',(#4082,#4083,#4084,#4085,#4086,#4087,#4088,#4089,#4090,
#4091,#4092,#4093,#4094,#4095,#4096,#4097,#4098,#4099,#4100));
#1824=EDGE_LOOP('',(#4101,#4102,#4103,#4104,#4105,#4106,#4107,#4108));
#1825=EDGE_LOOP('',(#4109,#4110,#4111,#4112));
#1826=EDGE_LOOP('',(#4113,#4114,#4115,#4116));
#1827=EDGE_LOOP('',(#4117,#4118,#4119,#4120));
#1828=EDGE_LOOP('',(#4121,#4122,#4123,#4124));
#1829=EDGE_LOOP('',(#4125,#4126,#4127,#4128));
#1830=EDGE_LOOP('',(#4129,#4130,#4131,#4132));
#1831=EDGE_LOOP('',(#4133,#4134,#4135,#4136));
#1832=EDGE_LOOP('',(#4137,#4138,#4139,#4140));
#1833=EDGE_LOOP('',(#4141,#4142,#4143,#4144));
#1834=EDGE_LOOP('',(#4145,#4146,#4147,#4148));
#1835=EDGE_LOOP('',(#4149,#4150,#4151,#4152));
#1836=EDGE_LOOP('',(#4153,#4154,#4155,#4156));
#1837=EDGE_LOOP('',(#4157,#4158,#4159,#4160));
#1838=EDGE_LOOP('',(#4161,#4162,#4163,#4164));
#1839=EDGE_LOOP('',(#4165,#4166,#4167,#4168));
#1840=EDGE_LOOP('',(#4169,#4170,#4171,#4172));
#1841=EDGE_LOOP('',(#4173,#4174,#4175,#4176));
#1842=EDGE_LOOP('',(#4177,#4178,#4179,#4180));
#1843=EDGE_LOOP('',(#4181,#4182,#4183,#4184));
#1844=EDGE_LOOP('',(#4185,#4186,#4187,#4188));
#1845=EDGE_LOOP('',(#4189,#4190,#4191,#4192));
#1846=EDGE_LOOP('',(#4193,#4194,#4195,#4196));
#1847=EDGE_LOOP('',(#4197,#4198,#4199,#4200));
#1848=EDGE_LOOP('',(#4201,#4202,#4203,#4204));
#1849=EDGE_LOOP('',(#4205,#4206,#4207,#4208));
#1850=EDGE_LOOP('',(#4209,#4210,#4211,#4212));
#1851=EDGE_LOOP('',(#4213,#4214,#4215,#4216));
#1852=EDGE_LOOP('',(#4217,#4218,#4219,#4220));
#1853=EDGE_LOOP('',(#4221,#4222,#4223,#4224));
#1854=EDGE_LOOP('',(#4225,#4226,#4227,#4228,#4229,#4230,#4231,#4232,#4233,
#4234,#4235,#4236,#4237,#4238,#4239,#4240,#4241,#4242,#4243,#4244,#4245,
#4246,#4247,#4248,#4249,#4250,#4251,#4252,#4253));
#1855=EDGE_LOOP('',(#4254,#4255,#4256,#4257));
#1856=EDGE_LOOP('',(#4258,#4259,#4260,#4261));
#1857=EDGE_LOOP('',(#4262,#4263,#4264,#4265));
#1858=EDGE_LOOP('',(#4266,#4267,#4268,#4269));
#1859=EDGE_LOOP('',(#4270,#4271,#4272,#4273));
#1860=EDGE_LOOP('',(#4274,#4275,#4276,#4277));
#1861=EDGE_LOOP('',(#4278,#4279,#4280,#4281));
#1862=EDGE_LOOP('',(#4282,#4283,#4284,#4285));
#1863=EDGE_LOOP('',(#4286,#4287,#4288,#4289,#4290,#4291,#4292,#4293));
#1864=EDGE_LOOP('',(#4294,#4295,#4296,#4297,#4298,#4299,#4300,#4301));
#1865=EDGE_LOOP('',(#4302,#4303,#4304,#4305,#4306));
#1866=EDGE_LOOP('',(#4307,#4308,#4309,#4310,#4311,#4312,#4313,#4314,#4315,
#4316));
#1867=EDGE_LOOP('',(#4317,#4318,#4319,#4320,#4321,#4322,#4323,#4324));
#1868=EDGE_LOOP('',(#4325,#4326,#4327,#4328,#4329,#4330,#4331,#4332));
#1869=EDGE_LOOP('',(#4333,#4334,#4335,#4336));
#1870=EDGE_LOOP('',(#4337,#4338,#4339,#4340));
#1871=EDGE_LOOP('',(#4341,#4342,#4343,#4344,#4345,#4346,#4347,#4348));
#1872=EDGE_LOOP('',(#4349,#4350,#4351,#4352,#4353));
#1873=EDGE_LOOP('',(#4354,#4355,#4356,#4357,#4358,#4359));
#1874=EDGE_LOOP('',(#4360,#4361,#4362,#4363));
#1875=EDGE_LOOP('',(#4364,#4365,#4366,#4367));
#1876=EDGE_LOOP('',(#4368,#4369,#4370,#4371));
#1877=EDGE_LOOP('',(#4372,#4373,#4374,#4375));
#1878=EDGE_LOOP('',(#4376,#4377,#4378,#4379));
#1879=EDGE_LOOP('',(#4380,#4381,#4382,#4383));
#1880=EDGE_LOOP('',(#4384,#4385,#4386,#4387));
#1881=EDGE_LOOP('',(#4388,#4389,#4390,#4391));
#1882=EDGE_LOOP('',(#4392,#4393,#4394,#4395));
#1883=EDGE_LOOP('',(#4396,#4397,#4398,#4399));
#1884=EDGE_LOOP('',(#4400,#4401,#4402,#4403));
#1885=EDGE_LOOP('',(#4404,#4405,#4406,#4407));
#1886=EDGE_LOOP('',(#4408,#4409,#4410,#4411));
#1887=EDGE_LOOP('',(#4412,#4413,#4414,#4415,#4416,#4417,#4418,#4419));
#1888=EDGE_LOOP('',(#4420,#4421,#4422,#4423));
#1889=EDGE_LOOP('',(#4424,#4425,#4426,#4427,#4428));
#1890=EDGE_LOOP('',(#4429,#4430,#4431,#4432));
#1891=EDGE_LOOP('',(#4433,#4434,#4435,#4436,#4437,#4438,#4439,#4440));
#1892=EDGE_LOOP('',(#4441,#4442,#4443,#4444,#4445,#4446,#4447,#4448,#4449,
#4450,#4451,#4452,#4453,#4454,#4455,#4456,#4457,#4458,#4459,#4460,#4461,
#4462,#4463,#4464,#4465,#4466,#4467,#4468,#4469));
#1893=EDGE_LOOP('',(#4470,#4471,#4472,#4473,#4474,#4475,#4476,#4477,#4478,
#4479,#4480,#4481,#4482,#4483,#4484,#4485,#4486,#4487,#4488));
#1894=EDGE_LOOP('',(#4489,#4490,#4491,#4492,#4493,#4494,#4495,#4496));
#1895=EDGE_LOOP('',(#4497,#4498,#4499,#4500,#4501,#4502,#4503,#4504,#4505,
#4506,#4507,#4508));
#1896=EDGE_LOOP('',(#4509,#4510,#4511,#4512,#4513,#4514,#4515,#4516,#4517,
#4518,#4519,#4520));
#1897=EDGE_LOOP('',(#4521,#4522,#4523,#4524,#4525,#4526,#4527,#4528,#4529,
#4530,#4531,#4532,#4533,#4534,#4535,#4536,#4537,#4538,#4539));
#1898=EDGE_LOOP('',(#4540,#4541,#4542,#4543,#4544,#4545,#4546,#4547,#4548,
#4549,#4550,#4551,#4552,#4553,#4554,#4555,#4556,#4557,#4558,#4559,#4560,
#4561,#4562,#4563,#4564,#4565,#4566,#4567,#4568));
#1899=EDGE_LOOP('',(#4569,#4570,#4571,#4572,#4573,#4574,#4575,#4576,#4577,
#4578,#4579,#4580,#4581,#4582,#4583,#4584,#4585,#4586,#4587,#4588,#4589,
#4590));
#1900=EDGE_LOOP('',(#4591,#4592,#4593,#4594));
#1901=EDGE_LOOP('',(#4595,#4596,#4597,#4598));
#1902=EDGE_LOOP('',(#4599,#4600,#4601,#4602,#4603,#4604));
#1903=EDGE_LOOP('',(#4605,#4606,#4607,#4608,#4609,#4610));
#1904=EDGE_LOOP('',(#4611,#4612,#4613,#4614,#4615));
#1905=EDGE_LOOP('',(#4616,#4617,#4618,#4619));
#1906=EDGE_LOOP('',(#4620,#4621,#4622,#4623));
#1907=EDGE_LOOP('',(#4624,#4625,#4626,#4627));
#1908=EDGE_LOOP('',(#4628,#4629,#4630,#4631));
#1909=EDGE_LOOP('',(#4632,#4633,#4634,#4635));
#1910=EDGE_LOOP('',(#4636,#4637,#4638,#4639));
#1911=EDGE_LOOP('',(#4640,#4641,#4642,#4643));
#1912=EDGE_LOOP('',(#4644,#4645,#4646,#4647));
#1913=EDGE_LOOP('',(#4648,#4649,#4650,#4651));
#1914=EDGE_LOOP('',(#4652,#4653,#4654,#4655));
#1915=EDGE_LOOP('',(#4656,#4657,#4658,#4659));
#1916=EDGE_LOOP('',(#4660,#4661,#4662,#4663));
#1917=EDGE_LOOP('',(#4664,#4665,#4666,#4667));
#1918=EDGE_LOOP('',(#4668,#4669,#4670,#4671));
#1919=EDGE_LOOP('',(#4672,#4673,#4674,#4675));
#1920=EDGE_LOOP('',(#4676,#4677,#4678,#4679));
#1921=EDGE_LOOP('',(#4680,#4681,#4682,#4683));
#1922=EDGE_LOOP('',(#4684));
#1923=EDGE_LOOP('',(#4685,#4686,#4687,#4688));
#1924=EDGE_LOOP('',(#4689,#4690,#4691,#4692,#4693));
#1925=EDGE_LOOP('',(#4694,#4695,#4696,#4697));
#1926=EDGE_LOOP('',(#4698,#4699,#4700,#4701,#4702,#4703,#4704,#4705));
#1927=EDGE_LOOP('',(#4706,#4707,#4708,#4709));
#1928=EDGE_LOOP('',(#4710,#4711,#4712,#4713));
#1929=EDGE_LOOP('',(#4714,#4715,#4716,#4717));
#1930=EDGE_LOOP('',(#4718,#4719,#4720,#4721));
#1931=EDGE_LOOP('',(#4722,#4723,#4724,#4725));
#1932=EDGE_LOOP('',(#4726,#4727,#4728,#4729));
#1933=EDGE_LOOP('',(#4730,#4731,#4732,#4733));
#1934=EDGE_LOOP('',(#4734,#4735,#4736,#4737));
#1935=EDGE_LOOP('',(#4738));
#1936=EDGE_LOOP('',(#4739,#4740,#4741,#4742));
#1937=EDGE_LOOP('',(#4743,#4744,#4745,#4746));
#1938=EDGE_LOOP('',(#4747,#4748,#4749,#4750,#4751,#4752,#4753));
#1939=EDGE_LOOP('',(#4754,#4755,#4756,#4757));
#1940=CIRCLE('',#5185,9.);
#1941=CIRCLE('',#5187,9.);
#1942=CIRCLE('',#5190,9.);
#1943=CIRCLE('',#5191,9.);
#1944=CIRCLE('',#5195,5.);
#1945=CIRCLE('',#5196,5.);
#1946=CIRCLE('',#5197,5.);
#1947=CIRCLE('',#5199,5.);
#1948=CIRCLE('',#5200,5.);
#1949=CIRCLE('',#5201,5.);
#1950=CIRCLE('',#5205,5.);
#1951=CIRCLE('',#5207,5.);
#1952=CIRCLE('',#5208,5.);
#1953=CIRCLE('',#5209,5.);
#1954=CIRCLE('',#5213,5.);
#1955=CIRCLE('',#5216,5.);
#1956=CIRCLE('',#5218,9.99999999999998);
#1957=CIRCLE('',#5219,9.99999999999998);
#1958=CIRCLE('',#5220,9.99999999999999);
#1959=CIRCLE('',#5221,9.99999999999999);
#1960=CIRCLE('',#5223,3.5);
#1961=CIRCLE('',#5224,15.);
#1962=CIRCLE('',#5225,15.);
#1963=CIRCLE('',#5226,3.5);
#1964=CIRCLE('',#5227,0.5);
#1965=CIRCLE('',#5228,0.5);
#1966=CIRCLE('',#5229,0.5);
#1967=CIRCLE('',#5230,0.5);
#1968=CIRCLE('',#5232,9.99999999999999);
#1969=CIRCLE('',#5233,9.99999999999999);
#1970=CIRCLE('',#5234,9.99999999999998);
#1971=CIRCLE('',#5235,9.99999999999998);
#1972=CIRCLE('',#5324,3.5);
#1973=CIRCLE('',#5325,15.);
#1974=CIRCLE('',#5326,15.);
#1975=CIRCLE('',#5327,3.5);
#1976=CIRCLE('',#5330,9.99999999999999);
#1977=CIRCLE('',#5331,9.99999999999999);
#1978=CIRCLE('',#5332,9.99999999999998);
#1979=CIRCLE('',#5333,9.99999999999998);
#1980=CIRCLE('',#5336,3.);
#1981=CIRCLE('',#5337,3.);
#1982=CIRCLE('',#5339,0.5);
#1983=CIRCLE('',#5349,0.5);
#1984=CIRCLE('',#5358,3.);
#1985=CIRCLE('',#5359,3.);
#1986=CIRCLE('',#5371,9.99999999999998);
#1987=CIRCLE('',#5374,9.99999999999999);
#1988=CIRCLE('',#5379,9.99999999999998);
#1989=CIRCLE('',#5382,9.99999999999999);
#1990=CIRCLE('',#5389,18.5);
#1991=CIRCLE('',#5394,18.5);
#1992=VERTEX_POINT('',#6316);
#1993=VERTEX_POINT('',#6319);
#1994=VERTEX_POINT('',#6324);
#1995=VERTEX_POINT('',#6326);
#1996=VERTEX_POINT('',#6332);
#1997=VERTEX_POINT('',#6333);
#1998=VERTEX_POINT('',#6335);
#1999=VERTEX_POINT('',#6339);
#2000=VERTEX_POINT('',#6340);
#2001=VERTEX_POINT('',#6342);
#2002=VERTEX_POINT('',#6346);
#2003=VERTEX_POINT('',#6348);
#2004=VERTEX_POINT('',#6352);
#2005=VERTEX_POINT('',#6353);
#2006=VERTEX_POINT('',#6358);
#2007=VERTEX_POINT('',#6359);
#2008=VERTEX_POINT('',#6361);
#2009=VERTEX_POINT('',#6371);
#2010=VERTEX_POINT('',#6372);
#2011=VERTEX_POINT('',#6380);
#2012=VERTEX_POINT('',#6381);
#2013=VERTEX_POINT('',#6386);
#2014=VERTEX_POINT('',#6389);
#2015=VERTEX_POINT('',#6390);
#2016=VERTEX_POINT('',#6392);
#2017=VERTEX_POINT('',#6394);
#2018=VERTEX_POINT('',#6396);
#2019=VERTEX_POINT('',#6398);
#2020=VERTEX_POINT('',#6400);
#2021=VERTEX_POINT('',#6402);
#2022=VERTEX_POINT('',#6407);
#2023=VERTEX_POINT('',#6408);
#2024=VERTEX_POINT('',#6410);
#2025=VERTEX_POINT('',#6412);
#2026=VERTEX_POINT('',#6414);
#2027=VERTEX_POINT('',#6416);
#2028=VERTEX_POINT('',#6418);
#2029=VERTEX_POINT('',#6420);
#2030=VERTEX_POINT('',#6422);
#2031=VERTEX_POINT('',#6424);
#2032=VERTEX_POINT('',#6426);
#2033=VERTEX_POINT('',#6428);
#2034=VERTEX_POINT('',#6430);
#2035=VERTEX_POINT('',#6432);
#2036=VERTEX_POINT('',#6434);
#2037=VERTEX_POINT('',#6436);
#2038=VERTEX_POINT('',#6438);
#2039=VERTEX_POINT('',#6440);
#2040=VERTEX_POINT('',#6445);
#2041=VERTEX_POINT('',#6446);
#2042=VERTEX_POINT('',#6448);
#2043=VERTEX_POINT('',#6450);
#2044=VERTEX_POINT('',#6452);
#2045=VERTEX_POINT('',#6454);
#2046=VERTEX_POINT('',#6456);
#2047=VERTEX_POINT('',#6458);
#2048=VERTEX_POINT('',#6462);
#2049=VERTEX_POINT('',#6463);
#2050=VERTEX_POINT('',#6465);
#2051=VERTEX_POINT('',#6467);
#2052=VERTEX_POINT('',#6480);
#2053=VERTEX_POINT('',#6481);
#2054=VERTEX_POINT('',#6487);
#2055=VERTEX_POINT('',#6489);
#2056=VERTEX_POINT('',#6506);
#2057=VERTEX_POINT('',#6512);
#2058=VERTEX_POINT('',#6529);
#2059=VERTEX_POINT('',#6535);
#2060=VERTEX_POINT('',#6552);
#2061=VERTEX_POINT('',#6558);
#2062=VERTEX_POINT('',#6575);
#2063=VERTEX_POINT('',#6581);
#2064=VERTEX_POINT('',#6598);
#2065=VERTEX_POINT('',#6604);
#2066=VERTEX_POINT('',#6621);
#2067=VERTEX_POINT('',#6627);
#2068=VERTEX_POINT('',#6644);
#2069=VERTEX_POINT('',#6650);
#2070=VERTEX_POINT('',#6667);
#2071=VERTEX_POINT('',#6673);
#2072=VERTEX_POINT('',#6681);
#2073=VERTEX_POINT('',#6683);
#2074=VERTEX_POINT('',#6696);
#2075=VERTEX_POINT('',#6702);
#2076=VERTEX_POINT('',#6719);
#2077=VERTEX_POINT('',#6725);
#2078=VERTEX_POINT('',#6742);
#2079=VERTEX_POINT('',#6748);
#2080=VERTEX_POINT('',#6765);
#2081=VERTEX_POINT('',#6771);
#2082=VERTEX_POINT('',#6788);
#2083=VERTEX_POINT('',#6794);
#2084=VERTEX_POINT('',#6811);
#2085=VERTEX_POINT('',#6817);
#2086=VERTEX_POINT('',#6834);
#2087=VERTEX_POINT('',#6840);
#2088=VERTEX_POINT('',#6857);
#2089=VERTEX_POINT('',#6863);
#2090=VERTEX_POINT('',#6880);
#2091=VERTEX_POINT('',#6886);
#2092=VERTEX_POINT('',#6903);
#2093=VERTEX_POINT('',#6909);
#2094=VERTEX_POINT('',#6917);
#2095=VERTEX_POINT('',#6919);
#2096=VERTEX_POINT('',#6944);
#2097=VERTEX_POINT('',#6945);
#2098=VERTEX_POINT('',#6947);
#2099=VERTEX_POINT('',#6949);
#2100=VERTEX_POINT('',#6962);
#2101=VERTEX_POINT('',#6968);
#2102=VERTEX_POINT('',#6985);
#2103=VERTEX_POINT('',#6991);
#2104=VERTEX_POINT('',#7008);
#2105=VERTEX_POINT('',#7014);
#2106=VERTEX_POINT('',#7031);
#2107=VERTEX_POINT('',#7037);
#2108=VERTEX_POINT('',#7054);
#2109=VERTEX_POINT('',#7060);
#2110=VERTEX_POINT('',#7077);
#2111=VERTEX_POINT('',#7083);
#2112=VERTEX_POINT('',#7100);
#2113=VERTEX_POINT('',#7106);
#2114=VERTEX_POINT('',#7123);
#2115=VERTEX_POINT('',#7129);
#2116=VERTEX_POINT('',#7146);
#2117=VERTEX_POINT('',#7152);
#2118=VERTEX_POINT('',#7169);
#2119=VERTEX_POINT('',#7175);
#2120=VERTEX_POINT('',#7192);
#2121=VERTEX_POINT('',#7198);
#2122=VERTEX_POINT('',#7215);
#2123=VERTEX_POINT('',#7221);
#2124=VERTEX_POINT('',#7229);
#2125=VERTEX_POINT('',#7231);
#2126=VERTEX_POINT('',#7244);
#2127=VERTEX_POINT('',#7250);
#2128=VERTEX_POINT('',#7267);
#2129=VERTEX_POINT('',#7273);
#2130=VERTEX_POINT('',#7290);
#2131=VERTEX_POINT('',#7296);
#2132=VERTEX_POINT('',#7313);
#2133=VERTEX_POINT('',#7319);
#2134=VERTEX_POINT('',#7336);
#2135=VERTEX_POINT('',#7342);
#2136=VERTEX_POINT('',#7359);
#2137=VERTEX_POINT('',#7365);
#2138=VERTEX_POINT('',#7382);
#2139=VERTEX_POINT('',#7388);
#2140=VERTEX_POINT('',#7405);
#2141=VERTEX_POINT('',#7411);
#2142=VERTEX_POINT('',#7428);
#2143=VERTEX_POINT('',#7434);
#2144=VERTEX_POINT('',#7451);
#2145=VERTEX_POINT('',#7457);
#2146=VERTEX_POINT('',#7474);
#2147=VERTEX_POINT('',#7480);
#2148=VERTEX_POINT('',#7488);
#2149=VERTEX_POINT('',#7490);
#2150=VERTEX_POINT('',#7494);
#2151=VERTEX_POINT('',#7496);
#2152=VERTEX_POINT('',#7500);
#2153=VERTEX_POINT('',#7502);
#2154=VERTEX_POINT('',#7510);
#2155=VERTEX_POINT('',#7511);
#2156=VERTEX_POINT('',#7513);
#2157=VERTEX_POINT('',#7515);
#2158=VERTEX_POINT('',#7528);
#2159=VERTEX_POINT('',#7534);
#2160=VERTEX_POINT('',#7551);
#2161=VERTEX_POINT('',#7557);
#2162=VERTEX_POINT('',#7574);
#2163=VERTEX_POINT('',#7580);
#2164=VERTEX_POINT('',#7597);
#2165=VERTEX_POINT('',#7603);
#2166=VERTEX_POINT('',#7620);
#2167=VERTEX_POINT('',#7626);
#2168=VERTEX_POINT('',#7634);
#2169=VERTEX_POINT('',#7636);
#2170=VERTEX_POINT('',#7643);
#2171=VERTEX_POINT('',#7644);
#2172=VERTEX_POINT('',#7646);
#2173=VERTEX_POINT('',#7648);
#2174=VERTEX_POINT('',#7652);
#2175=VERTEX_POINT('',#7654);
#2176=VERTEX_POINT('',#7667);
#2177=VERTEX_POINT('',#7673);
#2178=VERTEX_POINT('',#7690);
#2179=VERTEX_POINT('',#7696);
#2180=VERTEX_POINT('',#7713);
#2181=VERTEX_POINT('',#7719);
#2182=VERTEX_POINT('',#7736);
#2183=VERTEX_POINT('',#7742);
#2184=VERTEX_POINT('',#7750);
#2185=VERTEX_POINT('',#7752);
#2186=VERTEX_POINT('',#7756);
#2187=VERTEX_POINT('',#7758);
#2188=VERTEX_POINT('',#7762);
#2189=VERTEX_POINT('',#7764);
#2190=VERTEX_POINT('',#7777);
#2191=VERTEX_POINT('',#7783);
#2192=VERTEX_POINT('',#7800);
#2193=VERTEX_POINT('',#7806);
#2194=VERTEX_POINT('',#7823);
#2195=VERTEX_POINT('',#7829);
#2196=VERTEX_POINT('',#7846);
#2197=VERTEX_POINT('',#7852);
#2198=VERTEX_POINT('',#7869);
#2199=VERTEX_POINT('',#7875);
#2200=VERTEX_POINT('',#7892);
#2201=VERTEX_POINT('',#7898);
#2202=VERTEX_POINT('',#7915);
#2203=VERTEX_POINT('',#7921);
#2204=VERTEX_POINT('',#7929);
#2205=VERTEX_POINT('',#7931);
#2206=VERTEX_POINT('',#7935);
#2207=VERTEX_POINT('',#7937);
#2208=VERTEX_POINT('',#7945);
#2209=VERTEX_POINT('',#7946);
#2210=VERTEX_POINT('',#7948);
#2211=VERTEX_POINT('',#7950);
#2212=VERTEX_POINT('',#7963);
#2213=VERTEX_POINT('',#7969);
#2214=VERTEX_POINT('',#7986);
#2215=VERTEX_POINT('',#7992);
#2216=VERTEX_POINT('',#8009);
#2217=VERTEX_POINT('',#8015);
#2218=VERTEX_POINT('',#8032);
#2219=VERTEX_POINT('',#8038);
#2220=VERTEX_POINT('',#8055);
#2221=VERTEX_POINT('',#8061);
#2222=VERTEX_POINT('',#8078);
#2223=VERTEX_POINT('',#8084);
#2224=VERTEX_POINT('',#8101);
#2225=VERTEX_POINT('',#8107);
#2226=VERTEX_POINT('',#8115);
#2227=VERTEX_POINT('',#8117);
#2228=VERTEX_POINT('',#8133);
#2229=VERTEX_POINT('',#8134);
#2230=VERTEX_POINT('',#8140);
#2231=VERTEX_POINT('',#8142);
#2232=VERTEX_POINT('',#8159);
#2233=VERTEX_POINT('',#8165);
#2234=VERTEX_POINT('',#8182);
#2235=VERTEX_POINT('',#8188);
#2236=VERTEX_POINT('',#8205);
#2237=VERTEX_POINT('',#8211);
#2238=VERTEX_POINT('',#8228);
#2239=VERTEX_POINT('',#8234);
#2240=VERTEX_POINT('',#8251);
#2241=VERTEX_POINT('',#8257);
#2242=VERTEX_POINT('',#8274);
#2243=VERTEX_POINT('',#8280);
#2244=VERTEX_POINT('',#8297);
#2245=VERTEX_POINT('',#8303);
#2246=VERTEX_POINT('',#8320);
#2247=VERTEX_POINT('',#8326);
#2248=VERTEX_POINT('',#8334);
#2249=VERTEX_POINT('',#8336);
#2250=VERTEX_POINT('',#8340);
#2251=VERTEX_POINT('',#8342);
#2252=VERTEX_POINT('',#8350);
#2253=VERTEX_POINT('',#8351);
#2254=VERTEX_POINT('',#8353);
#2255=VERTEX_POINT('',#8355);
#2256=VERTEX_POINT('',#8359);
#2257=VERTEX_POINT('',#8361);
#2258=VERTEX_POINT('',#8365);
#2259=VERTEX_POINT('',#8367);
#2260=VERTEX_POINT('',#8371);
#2261=VERTEX_POINT('',#8373);
#2262=VERTEX_POINT('',#8377);
#2263=VERTEX_POINT('',#8379);
#2264=VERTEX_POINT('',#8383);
#2265=VERTEX_POINT('',#8385);
#2266=VERTEX_POINT('',#8389);
#2267=VERTEX_POINT('',#8391);
#2268=VERTEX_POINT('',#8395);
#2269=VERTEX_POINT('',#8397);
#2270=VERTEX_POINT('',#8401);
#2271=VERTEX_POINT('',#8403);
#2272=VERTEX_POINT('',#8407);
#2273=VERTEX_POINT('',#8409);
#2274=VERTEX_POINT('',#8413);
#2275=VERTEX_POINT('',#8415);
#2276=VERTEX_POINT('',#8432);
#2277=VERTEX_POINT('',#8433);
#2278=VERTEX_POINT('',#8439);
#2279=VERTEX_POINT('',#8441);
#2280=VERTEX_POINT('',#8458);
#2281=VERTEX_POINT('',#8464);
#2282=VERTEX_POINT('',#8472);
#2283=VERTEX_POINT('',#8474);
#2284=VERTEX_POINT('',#8478);
#2285=VERTEX_POINT('',#8480);
#2286=VERTEX_POINT('',#8487);
#2287=VERTEX_POINT('',#8488);
#2288=VERTEX_POINT('',#8490);
#2289=VERTEX_POINT('',#8492);
#2290=VERTEX_POINT('',#8496);
#2291=VERTEX_POINT('',#8498);
#2292=VERTEX_POINT('',#8502);
#2293=VERTEX_POINT('',#8504);
#2294=VERTEX_POINT('',#8508);
#2295=VERTEX_POINT('',#8510);
#2296=VERTEX_POINT('',#8514);
#2297=VERTEX_POINT('',#8516);
#2298=VERTEX_POINT('',#8520);
#2299=VERTEX_POINT('',#8522);
#2300=VERTEX_POINT('',#8526);
#2301=VERTEX_POINT('',#8528);
#2302=VERTEX_POINT('',#8536);
#2303=VERTEX_POINT('',#8537);
#2304=VERTEX_POINT('',#8539);
#2305=VERTEX_POINT('',#8541);
#2306=VERTEX_POINT('',#8554);
#2307=VERTEX_POINT('',#8560);
#2308=VERTEX_POINT('',#8577);
#2309=VERTEX_POINT('',#8583);
#2310=VERTEX_POINT('',#8600);
#2311=VERTEX_POINT('',#8606);
#2312=VERTEX_POINT('',#8623);
#2313=VERTEX_POINT('',#8629);
#2314=VERTEX_POINT('',#8646);
#2315=VERTEX_POINT('',#8652);
#2316=VERTEX_POINT('',#8660);
#2317=VERTEX_POINT('',#8662);
#2318=VERTEX_POINT('',#8669);
#2319=VERTEX_POINT('',#8670);
#2320=VERTEX_POINT('',#8672);
#2321=VERTEX_POINT('',#8674);
#2322=VERTEX_POINT('',#8678);
#2323=VERTEX_POINT('',#8680);
#2324=VERTEX_POINT('',#8693);
#2325=VERTEX_POINT('',#8699);
#2326=VERTEX_POINT('',#8716);
#2327=VERTEX_POINT('',#8722);
#2328=VERTEX_POINT('',#8739);
#2329=VERTEX_POINT('',#8745);
#2330=VERTEX_POINT('',#8762);
#2331=VERTEX_POINT('',#8768);
#2332=VERTEX_POINT('',#8776);
#2333=VERTEX_POINT('',#8778);
#2334=VERTEX_POINT('',#8782);
#2335=VERTEX_POINT('',#8784);
#2336=VERTEX_POINT('',#8788);
#2337=VERTEX_POINT('',#8790);
#2338=VERTEX_POINT('',#8803);
#2339=VERTEX_POINT('',#8809);
#2340=VERTEX_POINT('',#8826);
#2341=VERTEX_POINT('',#8832);
#2342=VERTEX_POINT('',#8849);
#2343=VERTEX_POINT('',#8855);
#2344=VERTEX_POINT('',#8872);
#2345=VERTEX_POINT('',#8878);
#2346=VERTEX_POINT('',#8895);
#2347=VERTEX_POINT('',#8901);
#2348=VERTEX_POINT('',#8918);
#2349=VERTEX_POINT('',#8924);
#2350=VERTEX_POINT('',#8941);
#2351=VERTEX_POINT('',#8947);
#2352=VERTEX_POINT('',#8955);
#2353=VERTEX_POINT('',#8957);
#2354=VERTEX_POINT('',#8961);
#2355=VERTEX_POINT('',#8963);
#2356=VERTEX_POINT('',#8971);
#2357=VERTEX_POINT('',#8972);
#2358=VERTEX_POINT('',#8974);
#2359=VERTEX_POINT('',#8976);
#2360=VERTEX_POINT('',#8989);
#2361=VERTEX_POINT('',#8995);
#2362=VERTEX_POINT('',#9012);
#2363=VERTEX_POINT('',#9018);
#2364=VERTEX_POINT('',#9035);
#2365=VERTEX_POINT('',#9041);
#2366=VERTEX_POINT('',#9058);
#2367=VERTEX_POINT('',#9064);
#2368=VERTEX_POINT('',#9081);
#2369=VERTEX_POINT('',#9087);
#2370=VERTEX_POINT('',#9104);
#2371=VERTEX_POINT('',#9110);
#2372=VERTEX_POINT('',#9127);
#2373=VERTEX_POINT('',#9133);
#2374=VERTEX_POINT('',#9150);
#2375=VERTEX_POINT('',#9156);
#2376=VERTEX_POINT('',#9173);
#2377=VERTEX_POINT('',#9179);
#2378=VERTEX_POINT('',#9196);
#2379=VERTEX_POINT('',#9202);
#2380=VERTEX_POINT('',#9219);
#2381=VERTEX_POINT('',#9225);
#2382=VERTEX_POINT('',#9242);
#2383=VERTEX_POINT('',#9248);
#2384=VERTEX_POINT('',#9256);
#2385=VERTEX_POINT('',#9258);
#2386=VERTEX_POINT('',#9271);
#2387=VERTEX_POINT('',#9277);
#2388=VERTEX_POINT('',#9294);
#2389=VERTEX_POINT('',#9300);
#2390=VERTEX_POINT('',#9317);
#2391=VERTEX_POINT('',#9323);
#2392=VERTEX_POINT('',#9340);
#2393=VERTEX_POINT('',#9346);
#2394=VERTEX_POINT('',#9363);
#2395=VERTEX_POINT('',#9369);
#2396=VERTEX_POINT('',#9386);
#2397=VERTEX_POINT('',#9392);
#2398=VERTEX_POINT('',#9409);
#2399=VERTEX_POINT('',#9415);
#2400=VERTEX_POINT('',#9432);
#2401=VERTEX_POINT('',#9438);
#2402=VERTEX_POINT('',#9455);
#2403=VERTEX_POINT('',#9461);
#2404=VERTEX_POINT('',#9478);
#2405=VERTEX_POINT('',#9484);
#2406=VERTEX_POINT('',#9501);
#2407=VERTEX_POINT('',#9507);
#2408=VERTEX_POINT('',#9515);
#2409=VERTEX_POINT('',#9517);
#2410=VERTEX_POINT('',#9521);
#2411=VERTEX_POINT('',#9523);
#2412=VERTEX_POINT('',#9527);
#2413=VERTEX_POINT('',#9529);
#2414=VERTEX_POINT('',#9537);
#2415=VERTEX_POINT('',#9538);
#2416=VERTEX_POINT('',#9540);
#2417=VERTEX_POINT('',#9542);
#2418=VERTEX_POINT('',#9546);
#2419=VERTEX_POINT('',#9548);
#2420=VERTEX_POINT('',#9552);
#2421=VERTEX_POINT('',#9554);
#2422=VERTEX_POINT('',#9558);
#2423=VERTEX_POINT('',#9560);
#2424=VERTEX_POINT('',#9564);
#2425=VERTEX_POINT('',#9566);
#2426=VERTEX_POINT('',#9570);
#2427=VERTEX_POINT('',#9572);
#2428=VERTEX_POINT('',#9576);
#2429=VERTEX_POINT('',#9578);
#2430=VERTEX_POINT('',#9590);
#2431=VERTEX_POINT('',#9591);
#2432=VERTEX_POINT('',#9593);
#2433=VERTEX_POINT('',#9595);
#2434=VERTEX_POINT('',#9597);
#2435=VERTEX_POINT('',#9599);
#2436=VERTEX_POINT('',#9601);
#2437=VERTEX_POINT('',#9603);
#2438=VERTEX_POINT('',#9611);
#2439=VERTEX_POINT('',#9612);
#2440=VERTEX_POINT('',#9614);
#2441=VERTEX_POINT('',#9616);
#2442=VERTEX_POINT('',#9618);
#2443=VERTEX_POINT('',#9620);
#2444=VERTEX_POINT('',#9622);
#2445=VERTEX_POINT('',#9624);
#2446=VERTEX_POINT('',#9628);
#2447=VERTEX_POINT('',#9632);
#2448=VERTEX_POINT('',#9634);
#2449=VERTEX_POINT('',#9636);
#2450=VERTEX_POINT('',#9640);
#2451=VERTEX_POINT('',#9641);
#2452=VERTEX_POINT('',#9643);
#2453=VERTEX_POINT('',#9645);
#2454=VERTEX_POINT('',#9654);
#2455=VERTEX_POINT('',#9655);
#2456=VERTEX_POINT('',#9657);
#2457=VERTEX_POINT('',#9668);
#2458=VERTEX_POINT('',#9679);
#2459=VERTEX_POINT('',#9680);
#2460=VERTEX_POINT('',#9682);
#2461=VERTEX_POINT('',#9684);
#2462=VERTEX_POINT('',#9691);
#2463=VERTEX_POINT('',#9693);
#2464=VERTEX_POINT('',#9699);
#2465=VERTEX_POINT('',#9703);
#2466=VERTEX_POINT('',#9716);
#2467=VERTEX_POINT('',#9718);
#2468=VERTEX_POINT('',#9728);
#2469=VERTEX_POINT('',#9730);
#2470=VERTEX_POINT('',#9734);
#2471=VERTEX_POINT('',#9745);
#2472=VERTEX_POINT('',#9746);
#2473=VERTEX_POINT('',#9754);
#2474=VERTEX_POINT('',#9760);
#2475=VERTEX_POINT('',#9764);
#2476=VERTEX_POINT('',#9770);
#2477=VERTEX_POINT('',#9774);
#2478=VERTEX_POINT('',#9780);
#2479=VERTEX_POINT('',#9794);
#2480=VERTEX_POINT('',#9802);
#2481=VERTEX_POINT('',#9806);
#2482=VERTEX_POINT('',#9807);
#2483=VERTEX_POINT('',#9809);
#2484=VERTEX_POINT('',#9811);
#2485=VERTEX_POINT('',#9815);
#2486=VERTEX_POINT('',#9817);
#2487=VERTEX_POINT('',#9821);
#2488=VERTEX_POINT('',#9823);
#2489=VERTEX_POINT('',#9830);
#2490=EDGE_CURVE('',#1992,#1992,#1940,.T.);
#2491=EDGE_CURVE('',#1993,#1993,#1941,.T.);
#2492=EDGE_CURVE('',#1993,#1992,#396,.T.);
#2493=EDGE_CURVE('',#1994,#1994,#1942,.T.);
#2494=EDGE_CURVE('',#1994,#1995,#397,.T.);
#2495=EDGE_CURVE('',#1995,#1995,#1943,.T.);
#2496=EDGE_CURVE('',#1996,#1997,#1944,.F.);
#2497=EDGE_CURVE('',#1998,#1996,#1945,.F.);
#2498=EDGE_CURVE('',#1997,#1998,#1946,.F.);
#2499=EDGE_CURVE('',#1999,#2000,#1947,.F.);
#2500=EDGE_CURVE('',#2001,#1999,#1948,.F.);
#2501=EDGE_CURVE('',#2000,#2001,#1949,.F.);
#2502=EDGE_CURVE('',#2002,#2001,#398,.T.);
#2503=EDGE_CURVE('',#1999,#2003,#399,.T.);
#2504=EDGE_CURVE('',#2003,#2002,#386,.T.);
#2505=EDGE_CURVE('',#2004,#2005,#1950,.T.);
#2506=EDGE_CURVE('',#2005,#2000,#400,.T.);
#2507=EDGE_CURVE('',#2001,#2004,#401,.T.);
#2508=EDGE_CURVE('',#2006,#2007,#1951,.F.);
#2509=EDGE_CURVE('',#2008,#2006,#1952,.F.);
#2510=EDGE_CURVE('',#2007,#2008,#1953,.F.);
#2511=EDGE_CURVE('',#1996,#2008,#402,.T.);
#2512=EDGE_CURVE('',#2006,#1998,#403,.T.);
#2513=EDGE_CURVE('',#2000,#2007,#404,.T.);
#2514=EDGE_CURVE('',#2008,#1999,#405,.T.);
#2515=EDGE_CURVE('',#2009,#2010,#1954,.T.);
#2516=EDGE_CURVE('',#2010,#2006,#406,.T.);
#2517=EDGE_CURVE('',#2007,#2009,#407,.T.);
#2518=EDGE_CURVE('',#2003,#1996,#408,.T.);
#2519=EDGE_CURVE('',#1997,#2002,#409,.T.);
#2520=EDGE_CURVE('',#2011,#2012,#1955,.T.);
#2521=EDGE_CURVE('',#2012,#1997,#410,.T.);
#2522=EDGE_CURVE('',#1998,#2011,#411,.T.);
#2523=EDGE_CURVE('',#2013,#2002,#412,.T.);
#2524=EDGE_CURVE('',#2013,#2004,#413,.T.);
#2525=EDGE_CURVE('',#2014,#2015,#414,.T.);
#2526=EDGE_CURVE('',#2015,#2016,#1956,.T.);
#2527=EDGE_CURVE('',#2016,#2017,#415,.T.);
#2528=EDGE_CURVE('',#2017,#2018,#1957,.T.);
#2529=EDGE_CURVE('',#2018,#2019,#416,.T.);
#2530=EDGE_CURVE('',#2019,#2020,#1958,.T.);
#2531=EDGE_CURVE('',#2020,#2021,#417,.T.);
#2532=EDGE_CURVE('',#2021,#2014,#1959,.T.);
#2533=EDGE_CURVE('',#2012,#2013,#418,.T.);
#2534=EDGE_CURVE('',#2022,#2023,#419,.T.);
#2535=EDGE_CURVE('',#2023,#2024,#420,.T.);
#2536=EDGE_CURVE('',#2024,#2025,#1960,.T.);
#2537=EDGE_CURVE('',#2025,#2026,#421,.T.);
#2538=EDGE_CURVE('',#2026,#2027,#1961,.T.);
#2539=EDGE_CURVE('',#2027,#2028,#422,.T.);
#2540=EDGE_CURVE('',#2028,#2029,#1962,.T.);
#2541=EDGE_CURVE('',#2029,#2030,#423,.T.);
#2542=EDGE_CURVE('',#2030,#2031,#1963,.T.);
#2543=EDGE_CURVE('',#2031,#2032,#424,.T.);
#2544=EDGE_CURVE('',#2032,#2033,#425,.T.);
#2545=EDGE_CURVE('',#2034,#2033,#1964,.T.);
#2546=EDGE_CURVE('',#2034,#2035,#426,.T.);
#2547=EDGE_CURVE('',#2036,#2035,#1965,.T.);
#2548=EDGE_CURVE('',#2036,#2037,#427,.T.);
#2549=EDGE_CURVE('',#2038,#2037,#1966,.T.);
#2550=EDGE_CURVE('',#2038,#2039,#428,.T.);
#2551=EDGE_CURVE('',#2022,#2039,#1967,.T.);
#2552=EDGE_CURVE('',#2011,#2010,#429,.T.);
#2553=EDGE_CURVE('',#2040,#2041,#430,.T.);
#2554=EDGE_CURVE('',#2041,#2042,#1968,.T.);
#2555=EDGE_CURVE('',#2042,#2043,#431,.T.);
#2556=EDGE_CURVE('',#2043,#2044,#1969,.T.);
#2557=EDGE_CURVE('',#2044,#2045,#432,.T.);
#2558=EDGE_CURVE('',#2045,#2046,#1970,.T.);
#2559=EDGE_CURVE('',#2046,#2047,#433,.T.);
#2560=EDGE_CURVE('',#2047,#2040,#1971,.T.);
#2561=EDGE_CURVE('',#2048,#2049,#434,.T.);
#2562=EDGE_CURVE('',#2049,#2050,#435,.T.);
#2563=EDGE_CURVE('',#2050,#2051,#436,.T.);
#2564=EDGE_CURVE('',#2051,#2048,#437,.T.);
#2565=EDGE_CURVE('',#2052,#2053,#14,.T.);
#2566=EDGE_CURVE('',#2052,#2054,#438,.T.);
#2567=EDGE_CURVE('',#2054,#2055,#15,.T.);
#2568=EDGE_CURVE('',#2053,#2055,#439,.T.);
#2569=EDGE_CURVE('',#2056,#2052,#16,.T.);
#2570=EDGE_CURVE('',#2056,#2057,#440,.T.);
#2571=EDGE_CURVE('',#2057,#2054,#17,.T.);
#2572=EDGE_CURVE('',#2058,#2056,#18,.T.);
#2573=EDGE_CURVE('',#2058,#2059,#441,.T.);
#2574=EDGE_CURVE('',#2059,#2057,#19,.T.);
#2575=EDGE_CURVE('',#2060,#2058,#20,.T.);
#2576=EDGE_CURVE('',#2060,#2061,#442,.T.);
#2577=EDGE_CURVE('',#2061,#2059,#21,.T.);
#2578=EDGE_CURVE('',#2062,#2060,#22,.T.);
#2579=EDGE_CURVE('',#2062,#2063,#443,.T.);
#2580=EDGE_CURVE('',#2063,#2061,#23,.T.);
#2581=EDGE_CURVE('',#2064,#2062,#24,.T.);
#2582=EDGE_CURVE('',#2064,#2065,#444,.T.);
#2583=EDGE_CURVE('',#2065,#2063,#25,.T.);
#2584=EDGE_CURVE('',#2066,#2064,#26,.T.);
#2585=EDGE_CURVE('',#2066,#2067,#445,.T.);
#2586=EDGE_CURVE('',#2067,#2065,#27,.T.);
#2587=EDGE_CURVE('',#2068,#2066,#28,.T.);
#2588=EDGE_CURVE('',#2068,#2069,#446,.T.);
#2589=EDGE_CURVE('',#2069,#2067,#29,.T.);
#2590=EDGE_CURVE('',#2070,#2068,#30,.T.);
#2591=EDGE_CURVE('',#2070,#2071,#447,.T.);
#2592=EDGE_CURVE('',#2071,#2069,#31,.T.);
#2593=EDGE_CURVE('',#2072,#2070,#448,.T.);
#2594=EDGE_CURVE('',#2072,#2073,#449,.T.);
#2595=EDGE_CURVE('',#2073,#2071,#450,.T.);
#2596=EDGE_CURVE('',#2074,#2072,#32,.T.);
#2597=EDGE_CURVE('',#2074,#2075,#451,.T.);
#2598=EDGE_CURVE('',#2075,#2073,#33,.T.);
#2599=EDGE_CURVE('',#2076,#2074,#34,.T.);
#2600=EDGE_CURVE('',#2076,#2077,#452,.T.);
#2601=EDGE_CURVE('',#2077,#2075,#35,.T.);
#2602=EDGE_CURVE('',#2078,#2076,#36,.T.);
#2603=EDGE_CURVE('',#2078,#2079,#453,.T.);
#2604=EDGE_CURVE('',#2079,#2077,#37,.T.);
#2605=EDGE_CURVE('',#2080,#2078,#38,.T.);
#2606=EDGE_CURVE('',#2080,#2081,#454,.T.);
#2607=EDGE_CURVE('',#2081,#2079,#39,.T.);
#2608=EDGE_CURVE('',#2082,#2080,#40,.T.);
#2609=EDGE_CURVE('',#2082,#2083,#455,.T.);
#2610=EDGE_CURVE('',#2083,#2081,#41,.T.);
#2611=EDGE_CURVE('',#2084,#2082,#42,.T.);
#2612=EDGE_CURVE('',#2084,#2085,#456,.T.);
#2613=EDGE_CURVE('',#2085,#2083,#43,.T.);
#2614=EDGE_CURVE('',#2086,#2084,#44,.T.);
#2615=EDGE_CURVE('',#2086,#2087,#457,.T.);
#2616=EDGE_CURVE('',#2087,#2085,#45,.T.);
#2617=EDGE_CURVE('',#2088,#2086,#46,.T.);
#2618=EDGE_CURVE('',#2088,#2089,#458,.T.);
#2619=EDGE_CURVE('',#2089,#2087,#47,.T.);
#2620=EDGE_CURVE('',#2090,#2088,#48,.T.);
#2621=EDGE_CURVE('',#2090,#2091,#459,.T.);
#2622=EDGE_CURVE('',#2091,#2089,#49,.T.);
#2623=EDGE_CURVE('',#2092,#2090,#50,.T.);
#2624=EDGE_CURVE('',#2092,#2093,#460,.T.);
#2625=EDGE_CURVE('',#2093,#2091,#51,.T.);
#2626=EDGE_CURVE('',#2094,#2092,#461,.T.);
#2627=EDGE_CURVE('',#2094,#2095,#462,.T.);
#2628=EDGE_CURVE('',#2095,#2093,#463,.T.);
#2629=EDGE_CURVE('',#2053,#2094,#52,.T.);
#2630=EDGE_CURVE('',#2055,#2095,#53,.T.);
#2631=EDGE_CURVE('',#2096,#2097,#464,.T.);
#2632=EDGE_CURVE('',#2096,#2098,#465,.T.);
#2633=EDGE_CURVE('',#2098,#2099,#466,.T.);
#2634=EDGE_CURVE('',#2097,#2099,#467,.T.);
#2635=EDGE_CURVE('',#2100,#2096,#54,.T.);
#2636=EDGE_CURVE('',#2100,#2101,#468,.T.);
#2637=EDGE_CURVE('',#2101,#2098,#55,.T.);
#2638=EDGE_CURVE('',#2102,#2100,#56,.T.);
#2639=EDGE_CURVE('',#2102,#2103,#469,.T.);
#2640=EDGE_CURVE('',#2103,#2101,#57,.T.);
#2641=EDGE_CURVE('',#2104,#2102,#58,.T.);
#2642=EDGE_CURVE('',#2104,#2105,#470,.T.);
#2643=EDGE_CURVE('',#2105,#2103,#59,.T.);
#2644=EDGE_CURVE('',#2106,#2104,#60,.T.);
#2645=EDGE_CURVE('',#2106,#2107,#471,.T.);
#2646=EDGE_CURVE('',#2107,#2105,#61,.T.);
#2647=EDGE_CURVE('',#2108,#2106,#62,.T.);
#2648=EDGE_CURVE('',#2108,#2109,#472,.T.);
#2649=EDGE_CURVE('',#2109,#2107,#63,.T.);
#2650=EDGE_CURVE('',#2110,#2108,#64,.T.);
#2651=EDGE_CURVE('',#2110,#2111,#473,.T.);
#2652=EDGE_CURVE('',#2111,#2109,#65,.T.);
#2653=EDGE_CURVE('',#2112,#2110,#66,.T.);
#2654=EDGE_CURVE('',#2112,#2113,#474,.T.);
#2655=EDGE_CURVE('',#2113,#2111,#67,.T.);
#2656=EDGE_CURVE('',#2114,#2112,#68,.T.);
#2657=EDGE_CURVE('',#2114,#2115,#475,.T.);
#2658=EDGE_CURVE('',#2115,#2113,#69,.T.);
#2659=EDGE_CURVE('',#2116,#2114,#70,.T.);
#2660=EDGE_CURVE('',#2116,#2117,#476,.T.);
#2661=EDGE_CURVE('',#2117,#2115,#71,.T.);
#2662=EDGE_CURVE('',#2118,#2116,#72,.T.);
#2663=EDGE_CURVE('',#2118,#2119,#477,.T.);
#2664=EDGE_CURVE('',#2119,#2117,#73,.T.);
#2665=EDGE_CURVE('',#2120,#2118,#74,.T.);
#2666=EDGE_CURVE('',#2120,#2121,#478,.T.);
#2667=EDGE_CURVE('',#2121,#2119,#75,.T.);
#2668=EDGE_CURVE('',#2122,#2120,#76,.T.);
#2669=EDGE_CURVE('',#2122,#2123,#479,.T.);
#2670=EDGE_CURVE('',#2123,#2121,#77,.T.);
#2671=EDGE_CURVE('',#2124,#2122,#480,.T.);
#2672=EDGE_CURVE('',#2124,#2125,#481,.T.);
#2673=EDGE_CURVE('',#2125,#2123,#482,.T.);
#2674=EDGE_CURVE('',#2126,#2124,#78,.T.);
#2675=EDGE_CURVE('',#2126,#2127,#483,.T.);
#2676=EDGE_CURVE('',#2127,#2125,#79,.T.);
#2677=EDGE_CURVE('',#2128,#2126,#80,.T.);
#2678=EDGE_CURVE('',#2128,#2129,#484,.T.);
#2679=EDGE_CURVE('',#2129,#2127,#81,.T.);
#2680=EDGE_CURVE('',#2130,#2128,#82,.T.);
#2681=EDGE_CURVE('',#2130,#2131,#485,.T.);
#2682=EDGE_CURVE('',#2131,#2129,#83,.T.);
#2683=EDGE_CURVE('',#2132,#2130,#84,.T.);
#2684=EDGE_CURVE('',#2132,#2133,#486,.T.);
#2685=EDGE_CURVE('',#2133,#2131,#85,.T.);
#2686=EDGE_CURVE('',#2134,#2132,#86,.T.);
#2687=EDGE_CURVE('',#2134,#2135,#487,.T.);
#2688=EDGE_CURVE('',#2135,#2133,#87,.T.);
#2689=EDGE_CURVE('',#2136,#2134,#88,.T.);
#2690=EDGE_CURVE('',#2136,#2137,#488,.T.);
#2691=EDGE_CURVE('',#2137,#2135,#89,.T.);
#2692=EDGE_CURVE('',#2138,#2136,#90,.T.);
#2693=EDGE_CURVE('',#2138,#2139,#489,.T.);
#2694=EDGE_CURVE('',#2139,#2137,#91,.T.);
#2695=EDGE_CURVE('',#2140,#2138,#92,.T.);
#2696=EDGE_CURVE('',#2140,#2141,#490,.T.);
#2697=EDGE_CURVE('',#2141,#2139,#93,.T.);
#2698=EDGE_CURVE('',#2142,#2140,#94,.T.);
#2699=EDGE_CURVE('',#2142,#2143,#491,.T.);
#2700=EDGE_CURVE('',#2143,#2141,#95,.T.);
#2701=EDGE_CURVE('',#2144,#2142,#96,.T.);
#2702=EDGE_CURVE('',#2144,#2145,#492,.T.);
#2703=EDGE_CURVE('',#2145,#2143,#97,.T.);
#2704=EDGE_CURVE('',#2146,#2144,#98,.T.);
#2705=EDGE_CURVE('',#2146,#2147,#493,.T.);
#2706=EDGE_CURVE('',#2147,#2145,#99,.T.);
#2707=EDGE_CURVE('',#2148,#2146,#494,.T.);
#2708=EDGE_CURVE('',#2148,#2149,#495,.T.);
#2709=EDGE_CURVE('',#2149,#2147,#496,.T.);
#2710=EDGE_CURVE('',#2150,#2148,#497,.T.);
#2711=EDGE_CURVE('',#2150,#2151,#498,.T.);
#2712=EDGE_CURVE('',#2151,#2149,#499,.T.);
#2713=EDGE_CURVE('',#2152,#2150,#500,.T.);
#2714=EDGE_CURVE('',#2152,#2153,#501,.T.);
#2715=EDGE_CURVE('',#2153,#2151,#502,.T.);
#2716=EDGE_CURVE('',#2097,#2152,#503,.T.);
#2717=EDGE_CURVE('',#2099,#2153,#504,.T.);
#2718=EDGE_CURVE('',#2154,#2155,#505,.T.);
#2719=EDGE_CURVE('',#2154,#2156,#506,.T.);
#2720=EDGE_CURVE('',#2156,#2157,#507,.T.);
#2721=EDGE_CURVE('',#2155,#2157,#508,.T.);
#2722=EDGE_CURVE('',#2158,#2154,#100,.T.);
#2723=EDGE_CURVE('',#2158,#2159,#509,.T.);
#2724=EDGE_CURVE('',#2159,#2156,#101,.T.);
#2725=EDGE_CURVE('',#2160,#2158,#102,.T.);
#2726=EDGE_CURVE('',#2160,#2161,#510,.T.);
#2727=EDGE_CURVE('',#2161,#2159,#103,.T.);
#2728=EDGE_CURVE('',#2162,#2160,#104,.T.);
#2729=EDGE_CURVE('',#2162,#2163,#511,.T.);
#2730=EDGE_CURVE('',#2163,#2161,#105,.T.);
#2731=EDGE_CURVE('',#2164,#2162,#106,.T.);
#2732=EDGE_CURVE('',#2164,#2165,#512,.T.);
#2733=EDGE_CURVE('',#2165,#2163,#107,.T.);
#2734=EDGE_CURVE('',#2166,#2164,#108,.T.);
#2735=EDGE_CURVE('',#2166,#2167,#513,.T.);
#2736=EDGE_CURVE('',#2167,#2165,#109,.T.);
#2737=EDGE_CURVE('',#2168,#2166,#514,.T.);
#2738=EDGE_CURVE('',#2168,#2169,#515,.T.);
#2739=EDGE_CURVE('',#2169,#2167,#516,.T.);
#2740=EDGE_CURVE('',#2155,#2168,#517,.T.);
#2741=EDGE_CURVE('',#2157,#2169,#518,.T.);
#2742=EDGE_CURVE('',#2170,#2171,#519,.T.);
#2743=EDGE_CURVE('',#2170,#2172,#520,.T.);
#2744=EDGE_CURVE('',#2172,#2173,#521,.T.);
#2745=EDGE_CURVE('',#2171,#2173,#522,.T.);
#2746=EDGE_CURVE('',#2174,#2170,#523,.T.);
#2747=EDGE_CURVE('',#2174,#2175,#524,.T.);
#2748=EDGE_CURVE('',#2175,#2172,#525,.T.);
#2749=EDGE_CURVE('',#2176,#2174,#110,.T.);
#2750=EDGE_CURVE('',#2176,#2177,#526,.T.);
#2751=EDGE_CURVE('',#2177,#2175,#111,.T.);
#2752=EDGE_CURVE('',#2178,#2176,#112,.T.);
#2753=EDGE_CURVE('',#2178,#2179,#527,.T.);
#2754=EDGE_CURVE('',#2179,#2177,#113,.T.);
#2755=EDGE_CURVE('',#2180,#2178,#114,.T.);
#2756=EDGE_CURVE('',#2180,#2181,#528,.T.);
#2757=EDGE_CURVE('',#2181,#2179,#115,.T.);
#2758=EDGE_CURVE('',#2182,#2180,#116,.T.);
#2759=EDGE_CURVE('',#2182,#2183,#529,.T.);
#2760=EDGE_CURVE('',#2183,#2181,#117,.T.);
#2761=EDGE_CURVE('',#2184,#2182,#530,.T.);
#2762=EDGE_CURVE('',#2184,#2185,#531,.T.);
#2763=EDGE_CURVE('',#2185,#2183,#532,.T.);
#2764=EDGE_CURVE('',#2186,#2184,#533,.T.);
#2765=EDGE_CURVE('',#2186,#2187,#534,.T.);
#2766=EDGE_CURVE('',#2187,#2185,#535,.T.);
#2767=EDGE_CURVE('',#2188,#2186,#536,.T.);
#2768=EDGE_CURVE('',#2188,#2189,#537,.T.);
#2769=EDGE_CURVE('',#2189,#2187,#538,.T.);
#2770=EDGE_CURVE('',#2190,#2188,#118,.T.);
#2771=EDGE_CURVE('',#2190,#2191,#539,.T.);
#2772=EDGE_CURVE('',#2191,#2189,#119,.T.);
#2773=EDGE_CURVE('',#2192,#2190,#120,.T.);
#2774=EDGE_CURVE('',#2192,#2193,#540,.T.);
#2775=EDGE_CURVE('',#2193,#2191,#121,.T.);
#2776=EDGE_CURVE('',#2194,#2192,#122,.T.);
#2777=EDGE_CURVE('',#2194,#2195,#541,.T.);
#2778=EDGE_CURVE('',#2195,#2193,#123,.T.);
#2779=EDGE_CURVE('',#2196,#2194,#124,.T.);
#2780=EDGE_CURVE('',#2196,#2197,#542,.T.);
#2781=EDGE_CURVE('',#2197,#2195,#125,.T.);
#2782=EDGE_CURVE('',#2198,#2196,#126,.T.);
#2783=EDGE_CURVE('',#2198,#2199,#543,.T.);
#2784=EDGE_CURVE('',#2199,#2197,#127,.T.);
#2785=EDGE_CURVE('',#2200,#2198,#128,.T.);
#2786=EDGE_CURVE('',#2200,#2201,#544,.T.);
#2787=EDGE_CURVE('',#2201,#2199,#129,.T.);
#2788=EDGE_CURVE('',#2202,#2200,#130,.T.);
#2789=EDGE_CURVE('',#2202,#2203,#545,.T.);
#2790=EDGE_CURVE('',#2203,#2201,#131,.T.);
#2791=EDGE_CURVE('',#2204,#2202,#546,.T.);
#2792=EDGE_CURVE('',#2204,#2205,#547,.T.);
#2793=EDGE_CURVE('',#2205,#2203,#548,.T.);
#2794=EDGE_CURVE('',#2206,#2204,#549,.T.);
#2795=EDGE_CURVE('',#2206,#2207,#550,.T.);
#2796=EDGE_CURVE('',#2207,#2205,#551,.T.);
#2797=EDGE_CURVE('',#2171,#2206,#552,.T.);
#2798=EDGE_CURVE('',#2173,#2207,#553,.T.);
#2799=EDGE_CURVE('',#2208,#2209,#554,.T.);
#2800=EDGE_CURVE('',#2208,#2210,#555,.T.);
#2801=EDGE_CURVE('',#2210,#2211,#556,.T.);
#2802=EDGE_CURVE('',#2209,#2211,#557,.T.);
#2803=EDGE_CURVE('',#2212,#2208,#132,.T.);
#2804=EDGE_CURVE('',#2212,#2213,#558,.T.);
#2805=EDGE_CURVE('',#2213,#2210,#133,.T.);
#2806=EDGE_CURVE('',#2214,#2212,#134,.T.);
#2807=EDGE_CURVE('',#2214,#2215,#559,.T.);
#2808=EDGE_CURVE('',#2215,#2213,#135,.T.);
#2809=EDGE_CURVE('',#2216,#2214,#136,.T.);
#2810=EDGE_CURVE('',#2216,#2217,#560,.T.);
#2811=EDGE_CURVE('',#2217,#2215,#137,.T.);
#2812=EDGE_CURVE('',#2218,#2216,#138,.T.);
#2813=EDGE_CURVE('',#2218,#2219,#561,.T.);
#2814=EDGE_CURVE('',#2219,#2217,#139,.T.);
#2815=EDGE_CURVE('',#2220,#2218,#140,.T.);
#2816=EDGE_CURVE('',#2220,#2221,#562,.T.);
#2817=EDGE_CURVE('',#2221,#2219,#141,.T.);
#2818=EDGE_CURVE('',#2222,#2220,#142,.T.);
#2819=EDGE_CURVE('',#2222,#2223,#563,.T.);
#2820=EDGE_CURVE('',#2223,#2221,#143,.T.);
#2821=EDGE_CURVE('',#2224,#2222,#144,.T.);
#2822=EDGE_CURVE('',#2224,#2225,#564,.T.);
#2823=EDGE_CURVE('',#2225,#2223,#145,.T.);
#2824=EDGE_CURVE('',#2226,#2224,#565,.T.);
#2825=EDGE_CURVE('',#2226,#2227,#566,.T.);
#2826=EDGE_CURVE('',#2227,#2225,#567,.T.);
#2827=EDGE_CURVE('',#2209,#2226,#568,.T.);
#2828=EDGE_CURVE('',#2211,#2227,#569,.T.);
#2829=EDGE_CURVE('',#2228,#2229,#146,.T.);
#2830=EDGE_CURVE('',#2228,#2230,#570,.T.);
#2831=EDGE_CURVE('',#2230,#2231,#147,.T.);
#2832=EDGE_CURVE('',#2229,#2231,#571,.T.);
#2833=EDGE_CURVE('',#2232,#2228,#148,.T.);
#2834=EDGE_CURVE('',#2232,#2233,#572,.T.);
#2835=EDGE_CURVE('',#2233,#2230,#149,.T.);
#2836=EDGE_CURVE('',#2234,#2232,#150,.T.);
#2837=EDGE_CURVE('',#2234,#2235,#573,.T.);
#2838=EDGE_CURVE('',#2235,#2233,#151,.T.);
#2839=EDGE_CURVE('',#2236,#2234,#152,.T.);
#2840=EDGE_CURVE('',#2236,#2237,#574,.T.);
#2841=EDGE_CURVE('',#2237,#2235,#153,.T.);
#2842=EDGE_CURVE('',#2238,#2236,#154,.T.);
#2843=EDGE_CURVE('',#2238,#2239,#575,.T.);
#2844=EDGE_CURVE('',#2239,#2237,#155,.T.);
#2845=EDGE_CURVE('',#2240,#2238,#156,.T.);
#2846=EDGE_CURVE('',#2240,#2241,#576,.T.);
#2847=EDGE_CURVE('',#2241,#2239,#157,.T.);
#2848=EDGE_CURVE('',#2242,#2240,#158,.T.);
#2849=EDGE_CURVE('',#2242,#2243,#577,.T.);
#2850=EDGE_CURVE('',#2243,#2241,#159,.T.);
#2851=EDGE_CURVE('',#2244,#2242,#160,.T.);
#2852=EDGE_CURVE('',#2244,#2245,#578,.T.);
#2853=EDGE_CURVE('',#2245,#2243,#161,.T.);
#2854=EDGE_CURVE('',#2246,#2244,#162,.T.);
#2855=EDGE_CURVE('',#2246,#2247,#579,.T.);
#2856=EDGE_CURVE('',#2247,#2245,#163,.T.);
#2857=EDGE_CURVE('',#2248,#2246,#580,.T.);
#2858=EDGE_CURVE('',#2248,#2249,#581,.T.);
#2859=EDGE_CURVE('',#2249,#2247,#582,.T.);
#2860=EDGE_CURVE('',#2250,#2248,#583,.T.);
#2861=EDGE_CURVE('',#2250,#2251,#584,.T.);
#2862=EDGE_CURVE('',#2251,#2249,#585,.T.);
#2863=EDGE_CURVE('',#2229,#2250,#586,.T.);
#2864=EDGE_CURVE('',#2231,#2251,#587,.T.);
#2865=EDGE_CURVE('',#2252,#2253,#588,.T.);
#2866=EDGE_CURVE('',#2252,#2254,#589,.T.);
#2867=EDGE_CURVE('',#2254,#2255,#590,.T.);
#2868=EDGE_CURVE('',#2253,#2255,#591,.T.);
#2869=EDGE_CURVE('',#2256,#2252,#592,.T.);
#2870=EDGE_CURVE('',#2256,#2257,#593,.T.);
#2871=EDGE_CURVE('',#2257,#2254,#594,.T.);
#2872=EDGE_CURVE('',#2258,#2256,#595,.T.);
#2873=EDGE_CURVE('',#2258,#2259,#596,.T.);
#2874=EDGE_CURVE('',#2259,#2257,#597,.T.);
#2875=EDGE_CURVE('',#2260,#2258,#598,.T.);
#2876=EDGE_CURVE('',#2260,#2261,#599,.T.);
#2877=EDGE_CURVE('',#2261,#2259,#600,.T.);
#2878=EDGE_CURVE('',#2262,#2260,#601,.T.);
#2879=EDGE_CURVE('',#2262,#2263,#602,.T.);
#2880=EDGE_CURVE('',#2263,#2261,#603,.T.);
#2881=EDGE_CURVE('',#2264,#2262,#604,.T.);
#2882=EDGE_CURVE('',#2264,#2265,#605,.T.);
#2883=EDGE_CURVE('',#2265,#2263,#606,.T.);
#2884=EDGE_CURVE('',#2266,#2264,#607,.T.);
#2885=EDGE_CURVE('',#2266,#2267,#608,.T.);
#2886=EDGE_CURVE('',#2267,#2265,#609,.T.);
#2887=EDGE_CURVE('',#2268,#2266,#610,.T.);
#2888=EDGE_CURVE('',#2268,#2269,#611,.T.);
#2889=EDGE_CURVE('',#2269,#2267,#612,.T.);
#2890=EDGE_CURVE('',#2270,#2268,#613,.T.);
#2891=EDGE_CURVE('',#2270,#2271,#614,.T.);
#2892=EDGE_CURVE('',#2271,#2269,#615,.T.);
#2893=EDGE_CURVE('',#2272,#2270,#616,.T.);
#2894=EDGE_CURVE('',#2272,#2273,#617,.T.);
#2895=EDGE_CURVE('',#2273,#2271,#618,.T.);
#2896=EDGE_CURVE('',#2274,#2272,#619,.T.);
#2897=EDGE_CURVE('',#2274,#2275,#620,.T.);
#2898=EDGE_CURVE('',#2275,#2273,#621,.T.);
#2899=EDGE_CURVE('',#2253,#2274,#622,.T.);
#2900=EDGE_CURVE('',#2255,#2275,#623,.T.);
#2901=EDGE_CURVE('',#2276,#2277,#164,.T.);
#2902=EDGE_CURVE('',#2276,#2278,#624,.T.);
#2903=EDGE_CURVE('',#2278,#2279,#165,.T.);
#2904=EDGE_CURVE('',#2277,#2279,#625,.T.);
#2905=EDGE_CURVE('',#2280,#2276,#166,.T.);
#2906=EDGE_CURVE('',#2280,#2281,#626,.T.);
#2907=EDGE_CURVE('',#2281,#2278,#167,.T.);
#2908=EDGE_CURVE('',#2282,#2280,#627,.T.);
#2909=EDGE_CURVE('',#2282,#2283,#628,.T.);
#2910=EDGE_CURVE('',#2283,#2281,#629,.T.);
#2911=EDGE_CURVE('',#2284,#2282,#630,.T.);
#2912=EDGE_CURVE('',#2284,#2285,#631,.T.);
#2913=EDGE_CURVE('',#2285,#2283,#632,.T.);
#2914=EDGE_CURVE('',#2277,#2284,#633,.T.);
#2915=EDGE_CURVE('',#2279,#2285,#634,.T.);
#2916=EDGE_CURVE('',#2286,#2287,#635,.T.);
#2917=EDGE_CURVE('',#2286,#2288,#636,.T.);
#2918=EDGE_CURVE('',#2288,#2289,#637,.T.);
#2919=EDGE_CURVE('',#2287,#2289,#638,.T.);
#2920=EDGE_CURVE('',#2290,#2286,#639,.T.);
#2921=EDGE_CURVE('',#2290,#2291,#640,.T.);
#2922=EDGE_CURVE('',#2291,#2288,#641,.T.);
#2923=EDGE_CURVE('',#2292,#2290,#642,.T.);
#2924=EDGE_CURVE('',#2292,#2293,#643,.T.);
#2925=EDGE_CURVE('',#2293,#2291,#644,.T.);
#2926=EDGE_CURVE('',#2294,#2292,#645,.T.);
#2927=EDGE_CURVE('',#2294,#2295,#646,.T.);
#2928=EDGE_CURVE('',#2295,#2293,#647,.T.);
#2929=EDGE_CURVE('',#2296,#2294,#648,.T.);
#2930=EDGE_CURVE('',#2296,#2297,#649,.T.);
#2931=EDGE_CURVE('',#2297,#2295,#650,.T.);
#2932=EDGE_CURVE('',#2298,#2296,#651,.T.);
#2933=EDGE_CURVE('',#2298,#2299,#652,.T.);
#2934=EDGE_CURVE('',#2299,#2297,#653,.T.);
#2935=EDGE_CURVE('',#2300,#2298,#654,.T.);
#2936=EDGE_CURVE('',#2300,#2301,#655,.T.);
#2937=EDGE_CURVE('',#2301,#2299,#656,.T.);
#2938=EDGE_CURVE('',#2287,#2300,#657,.T.);
#2939=EDGE_CURVE('',#2289,#2301,#658,.T.);
#2940=EDGE_CURVE('',#2302,#2303,#659,.T.);
#2941=EDGE_CURVE('',#2302,#2304,#660,.T.);
#2942=EDGE_CURVE('',#2304,#2305,#661,.T.);
#2943=EDGE_CURVE('',#2303,#2305,#662,.T.);
#2944=EDGE_CURVE('',#2306,#2302,#168,.T.);
#2945=EDGE_CURVE('',#2306,#2307,#663,.T.);
#2946=EDGE_CURVE('',#2307,#2304,#169,.T.);
#2947=EDGE_CURVE('',#2308,#2306,#170,.T.);
#2948=EDGE_CURVE('',#2308,#2309,#664,.T.);
#2949=EDGE_CURVE('',#2309,#2307,#171,.T.);
#2950=EDGE_CURVE('',#2310,#2308,#172,.T.);
#2951=EDGE_CURVE('',#2310,#2311,#665,.T.);
#2952=EDGE_CURVE('',#2311,#2309,#173,.T.);
#2953=EDGE_CURVE('',#2312,#2310,#174,.T.);
#2954=EDGE_CURVE('',#2312,#2313,#666,.T.);
#2955=EDGE_CURVE('',#2313,#2311,#175,.T.);
#2956=EDGE_CURVE('',#2314,#2312,#176,.T.);
#2957=EDGE_CURVE('',#2314,#2315,#667,.T.);
#2958=EDGE_CURVE('',#2315,#2313,#177,.T.);
#2959=EDGE_CURVE('',#2316,#2314,#668,.T.);
#2960=EDGE_CURVE('',#2316,#2317,#669,.T.);
#2961=EDGE_CURVE('',#2317,#2315,#670,.T.);
#2962=EDGE_CURVE('',#2303,#2316,#671,.T.);
#2963=EDGE_CURVE('',#2305,#2317,#672,.T.);
#2964=EDGE_CURVE('',#2318,#2319,#673,.T.);
#2965=EDGE_CURVE('',#2318,#2320,#674,.T.);
#2966=EDGE_CURVE('',#2320,#2321,#675,.T.);
#2967=EDGE_CURVE('',#2319,#2321,#676,.T.);
#2968=EDGE_CURVE('',#2322,#2318,#677,.T.);
#2969=EDGE_CURVE('',#2322,#2323,#678,.T.);
#2970=EDGE_CURVE('',#2323,#2320,#679,.T.);
#2971=EDGE_CURVE('',#2324,#2322,#178,.T.);
#2972=EDGE_CURVE('',#2324,#2325,#680,.T.);
#2973=EDGE_CURVE('',#2325,#2323,#179,.T.);
#2974=EDGE_CURVE('',#2326,#2324,#180,.T.);
#2975=EDGE_CURVE('',#2326,#2327,#681,.T.);
#2976=EDGE_CURVE('',#2327,#2325,#181,.T.);
#2977=EDGE_CURVE('',#2328,#2326,#182,.T.);
#2978=EDGE_CURVE('',#2328,#2329,#682,.T.);
#2979=EDGE_CURVE('',#2329,#2327,#183,.T.);
#2980=EDGE_CURVE('',#2330,#2328,#184,.T.);
#2981=EDGE_CURVE('',#2330,#2331,#683,.T.);
#2982=EDGE_CURVE('',#2331,#2329,#185,.T.);
#2983=EDGE_CURVE('',#2332,#2330,#684,.T.);
#2984=EDGE_CURVE('',#2332,#2333,#685,.T.);
#2985=EDGE_CURVE('',#2333,#2331,#686,.T.);
#2986=EDGE_CURVE('',#2334,#2332,#687,.T.);
#2987=EDGE_CURVE('',#2334,#2335,#688,.T.);
#2988=EDGE_CURVE('',#2335,#2333,#689,.T.);
#2989=EDGE_CURVE('',#2336,#2334,#690,.T.);
#2990=EDGE_CURVE('',#2336,#2337,#691,.T.);
#2991=EDGE_CURVE('',#2337,#2335,#692,.T.);
#2992=EDGE_CURVE('',#2338,#2336,#186,.T.);
#2993=EDGE_CURVE('',#2338,#2339,#693,.T.);
#2994=EDGE_CURVE('',#2339,#2337,#187,.T.);
#2995=EDGE_CURVE('',#2340,#2338,#188,.T.);
#2996=EDGE_CURVE('',#2340,#2341,#694,.T.);
#2997=EDGE_CURVE('',#2341,#2339,#189,.T.);
#2998=EDGE_CURVE('',#2342,#2340,#190,.T.);
#2999=EDGE_CURVE('',#2342,#2343,#695,.T.);
#3000=EDGE_CURVE('',#2343,#2341,#191,.T.);
#3001=EDGE_CURVE('',#2344,#2342,#192,.T.);
#3002=EDGE_CURVE('',#2344,#2345,#696,.T.);
#3003=EDGE_CURVE('',#2345,#2343,#193,.T.);
#3004=EDGE_CURVE('',#2346,#2344,#194,.T.);
#3005=EDGE_CURVE('',#2346,#2347,#697,.T.);
#3006=EDGE_CURVE('',#2347,#2345,#195,.T.);
#3007=EDGE_CURVE('',#2348,#2346,#196,.T.);
#3008=EDGE_CURVE('',#2348,#2349,#698,.T.);
#3009=EDGE_CURVE('',#2349,#2347,#197,.T.);
#3010=EDGE_CURVE('',#2350,#2348,#198,.T.);
#3011=EDGE_CURVE('',#2350,#2351,#699,.T.);
#3012=EDGE_CURVE('',#2351,#2349,#199,.T.);
#3013=EDGE_CURVE('',#2352,#2350,#700,.T.);
#3014=EDGE_CURVE('',#2352,#2353,#701,.T.);
#3015=EDGE_CURVE('',#2353,#2351,#702,.T.);
#3016=EDGE_CURVE('',#2354,#2352,#703,.T.);
#3017=EDGE_CURVE('',#2354,#2355,#704,.T.);
#3018=EDGE_CURVE('',#2355,#2353,#705,.T.);
#3019=EDGE_CURVE('',#2319,#2354,#706,.T.);
#3020=EDGE_CURVE('',#2321,#2355,#707,.T.);
#3021=EDGE_CURVE('',#2356,#2357,#708,.T.);
#3022=EDGE_CURVE('',#2356,#2358,#709,.T.);
#3023=EDGE_CURVE('',#2358,#2359,#710,.T.);
#3024=EDGE_CURVE('',#2357,#2359,#711,.T.);
#3025=EDGE_CURVE('',#2360,#2356,#200,.T.);
#3026=EDGE_CURVE('',#2360,#2361,#712,.T.);
#3027=EDGE_CURVE('',#2361,#2358,#201,.T.);
#3028=EDGE_CURVE('',#2362,#2360,#202,.T.);
#3029=EDGE_CURVE('',#2362,#2363,#713,.T.);
#3030=EDGE_CURVE('',#2363,#2361,#203,.T.);
#3031=EDGE_CURVE('',#2364,#2362,#204,.T.);
#3032=EDGE_CURVE('',#2364,#2365,#714,.T.);
#3033=EDGE_CURVE('',#2365,#2363,#205,.T.);
#3034=EDGE_CURVE('',#2366,#2364,#206,.T.);
#3035=EDGE_CURVE('',#2366,#2367,#715,.T.);
#3036=EDGE_CURVE('',#2367,#2365,#207,.T.);
#3037=EDGE_CURVE('',#2368,#2366,#208,.T.);
#3038=EDGE_CURVE('',#2368,#2369,#716,.T.);
#3039=EDGE_CURVE('',#2369,#2367,#209,.T.);
#3040=EDGE_CURVE('',#2370,#2368,#210,.T.);
#3041=EDGE_CURVE('',#2370,#2371,#717,.T.);
#3042=EDGE_CURVE('',#2371,#2369,#211,.T.);
#3043=EDGE_CURVE('',#2372,#2370,#212,.T.);
#3044=EDGE_CURVE('',#2372,#2373,#718,.T.);
#3045=EDGE_CURVE('',#2373,#2371,#213,.T.);
#3046=EDGE_CURVE('',#2374,#2372,#214,.T.);
#3047=EDGE_CURVE('',#2374,#2375,#719,.T.);
#3048=EDGE_CURVE('',#2375,#2373,#215,.T.);
#3049=EDGE_CURVE('',#2376,#2374,#216,.T.);
#3050=EDGE_CURVE('',#2376,#2377,#720,.T.);
#3051=EDGE_CURVE('',#2377,#2375,#217,.T.);
#3052=EDGE_CURVE('',#2378,#2376,#218,.T.);
#3053=EDGE_CURVE('',#2378,#2379,#721,.T.);
#3054=EDGE_CURVE('',#2379,#2377,#219,.T.);
#3055=EDGE_CURVE('',#2380,#2378,#220,.T.);
#3056=EDGE_CURVE('',#2380,#2381,#722,.T.);
#3057=EDGE_CURVE('',#2381,#2379,#221,.T.);
#3058=EDGE_CURVE('',#2382,#2380,#222,.T.);
#3059=EDGE_CURVE('',#2382,#2383,#723,.T.);
#3060=EDGE_CURVE('',#2383,#2381,#223,.T.);
#3061=EDGE_CURVE('',#2384,#2382,#724,.T.);
#3062=EDGE_CURVE('',#2384,#2385,#725,.T.);
#3063=EDGE_CURVE('',#2385,#2383,#726,.T.);
#3064=EDGE_CURVE('',#2386,#2384,#224,.T.);
#3065=EDGE_CURVE('',#2386,#2387,#727,.T.);
#3066=EDGE_CURVE('',#2387,#2385,#225,.T.);
#3067=EDGE_CURVE('',#2388,#2386,#226,.T.);
#3068=EDGE_CURVE('',#2388,#2389,#728,.T.);
#3069=EDGE_CURVE('',#2389,#2387,#227,.T.);
#3070=EDGE_CURVE('',#2390,#2388,#228,.T.);
#3071=EDGE_CURVE('',#2390,#2391,#729,.T.);
#3072=EDGE_CURVE('',#2391,#2389,#229,.T.);
#3073=EDGE_CURVE('',#2392,#2390,#230,.T.);
#3074=EDGE_CURVE('',#2392,#2393,#730,.T.);
#3075=EDGE_CURVE('',#2393,#2391,#231,.T.);
#3076=EDGE_CURVE('',#2394,#2392,#232,.T.);
#3077=EDGE_CURVE('',#2394,#2395,#731,.T.);
#3078=EDGE_CURVE('',#2395,#2393,#233,.T.);
#3079=EDGE_CURVE('',#2396,#2394,#234,.T.);
#3080=EDGE_CURVE('',#2396,#2397,#732,.T.);
#3081=EDGE_CURVE('',#2397,#2395,#235,.T.);
#3082=EDGE_CURVE('',#2398,#2396,#236,.T.);
#3083=EDGE_CURVE('',#2398,#2399,#733,.T.);
#3084=EDGE_CURVE('',#2399,#2397,#237,.T.);
#3085=EDGE_CURVE('',#2400,#2398,#238,.T.);
#3086=EDGE_CURVE('',#2400,#2401,#734,.T.);
#3087=EDGE_CURVE('',#2401,#2399,#239,.T.);
#3088=EDGE_CURVE('',#2402,#2400,#240,.T.);
#3089=EDGE_CURVE('',#2402,#2403,#735,.T.);
#3090=EDGE_CURVE('',#2403,#2401,#241,.T.);
#3091=EDGE_CURVE('',#2404,#2402,#242,.T.);
#3092=EDGE_CURVE('',#2404,#2405,#736,.T.);
#3093=EDGE_CURVE('',#2405,#2403,#243,.T.);
#3094=EDGE_CURVE('',#2406,#2404,#244,.T.);
#3095=EDGE_CURVE('',#2406,#2407,#737,.T.);
#3096=EDGE_CURVE('',#2407,#2405,#245,.T.);
#3097=EDGE_CURVE('',#2408,#2406,#738,.T.);
#3098=EDGE_CURVE('',#2408,#2409,#739,.T.);
#3099=EDGE_CURVE('',#2409,#2407,#740,.T.);
#3100=EDGE_CURVE('',#2410,#2408,#741,.T.);
#3101=EDGE_CURVE('',#2410,#2411,#742,.T.);
#3102=EDGE_CURVE('',#2411,#2409,#743,.T.);
#3103=EDGE_CURVE('',#2412,#2410,#744,.T.);
#3104=EDGE_CURVE('',#2412,#2413,#745,.T.);
#3105=EDGE_CURVE('',#2413,#2411,#746,.T.);
#3106=EDGE_CURVE('',#2357,#2412,#747,.T.);
#3107=EDGE_CURVE('',#2359,#2413,#748,.T.);
#3108=EDGE_CURVE('',#2414,#2415,#749,.T.);
#3109=EDGE_CURVE('',#2414,#2416,#750,.T.);
#3110=EDGE_CURVE('',#2416,#2417,#751,.T.);
#3111=EDGE_CURVE('',#2415,#2417,#752,.T.);
#3112=EDGE_CURVE('',#2418,#2414,#753,.T.);
#3113=EDGE_CURVE('',#2418,#2419,#754,.T.);
#3114=EDGE_CURVE('',#2419,#2416,#755,.T.);
#3115=EDGE_CURVE('',#2420,#2418,#756,.T.);
#3116=EDGE_CURVE('',#2420,#2421,#757,.T.);
#3117=EDGE_CURVE('',#2421,#2419,#758,.T.);
#3118=EDGE_CURVE('',#2422,#2420,#759,.T.);
#3119=EDGE_CURVE('',#2422,#2423,#760,.T.);
#3120=EDGE_CURVE('',#2423,#2421,#761,.T.);
#3121=EDGE_CURVE('',#2424,#2422,#762,.T.);
#3122=EDGE_CURVE('',#2424,#2425,#763,.T.);
#3123=EDGE_CURVE('',#2425,#2423,#764,.T.);
#3124=EDGE_CURVE('',#2426,#2424,#765,.T.);
#3125=EDGE_CURVE('',#2426,#2427,#766,.T.);
#3126=EDGE_CURVE('',#2427,#2425,#767,.T.);
#3127=EDGE_CURVE('',#2428,#2426,#768,.T.);
#3128=EDGE_CURVE('',#2428,#2429,#769,.T.);
#3129=EDGE_CURVE('',#2429,#2427,#770,.T.);
#3130=EDGE_CURVE('',#2415,#2428,#771,.T.);
#3131=EDGE_CURVE('',#2417,#2429,#772,.T.);
#3132=EDGE_CURVE('',#2430,#2431,#773,.T.);
#3133=EDGE_CURVE('',#2432,#2430,#1972,.T.);
#3134=EDGE_CURVE('',#2433,#2432,#774,.T.);
#3135=EDGE_CURVE('',#2434,#2433,#1973,.T.);
#3136=EDGE_CURVE('',#2435,#2434,#775,.T.);
#3137=EDGE_CURVE('',#2436,#2435,#1974,.T.);
#3138=EDGE_CURVE('',#2437,#2436,#776,.T.);
#3139=EDGE_CURVE('',#2431,#2437,#1975,.T.);
#3140=EDGE_CURVE('',#2029,#2433,#777,.T.);
#3141=EDGE_CURVE('',#2434,#2028,#778,.T.);
#3142=EDGE_CURVE('',#2030,#2432,#779,.T.);
#3143=EDGE_CURVE('',#2438,#2439,#780,.T.);
#3144=EDGE_CURVE('',#2439,#2440,#1976,.T.);
#3145=EDGE_CURVE('',#2440,#2441,#781,.T.);
#3146=EDGE_CURVE('',#2441,#2442,#1977,.T.);
#3147=EDGE_CURVE('',#2442,#2443,#782,.T.);
#3148=EDGE_CURVE('',#2443,#2444,#1978,.T.);
#3149=EDGE_CURVE('',#2444,#2445,#783,.T.);
#3150=EDGE_CURVE('',#2445,#2438,#1979,.T.);
#3151=EDGE_CURVE('',#2446,#2430,#784,.T.);
#3152=EDGE_CURVE('',#2031,#2446,#785,.T.);
#3153=EDGE_CURVE('',#2431,#2447,#786,.T.);
#3154=EDGE_CURVE('',#2448,#2447,#1980,.T.);
#3155=EDGE_CURVE('',#2448,#2449,#787,.T.);
#3156=EDGE_CURVE('',#2449,#2446,#1981,.F.);
#3157=EDGE_CURVE('',#2450,#2451,#788,.T.);
#3158=EDGE_CURVE('',#2452,#2451,#1982,.F.);
#3159=EDGE_CURVE('',#2452,#2453,#789,.T.);
#3160=EDGE_CURVE('',#2453,#2450,#387,.T.);
#3161=EDGE_CURVE('',#2453,#2034,#790,.T.);
#3162=EDGE_CURVE('',#2033,#2450,#791,.T.);
#3163=EDGE_CURVE('',#2451,#2032,#792,.T.);
#3164=EDGE_CURVE('',#2454,#2455,#793,.T.);
#3165=EDGE_CURVE('',#2455,#2456,#246,.T.);
#3166=EDGE_CURVE('',#2456,#2457,#794,.T.);
#3167=EDGE_CURVE('',#2457,#2454,#388,.T.);
#3168=EDGE_CURVE('',#2457,#2036,#795,.T.);
#3169=EDGE_CURVE('',#2035,#2454,#796,.T.);
#3170=EDGE_CURVE('',#2455,#2452,#797,.T.);
#3171=EDGE_CURVE('',#2453,#2454,#798,.T.);
#3172=EDGE_CURVE('',#2458,#2459,#799,.T.);
#3173=EDGE_CURVE('',#2460,#2459,#1983,.F.);
#3174=EDGE_CURVE('',#2460,#2461,#800,.T.);
#3175=EDGE_CURVE('',#2461,#2458,#389,.T.);
#3176=EDGE_CURVE('',#2461,#2022,#801,.T.);
#3177=EDGE_CURVE('',#2039,#2458,#802,.T.);
#3178=EDGE_CURVE('',#2462,#2458,#803,.T.);
#3179=EDGE_CURVE('',#2463,#2462,#804,.T.);
#3180=EDGE_CURVE('',#2459,#2463,#805,.T.);
#3181=EDGE_CURVE('',#2462,#2038,#806,.T.);
#3182=EDGE_CURVE('',#2037,#2464,#807,.T.);
#3183=EDGE_CURVE('',#2464,#2462,#390,.T.);
#3184=EDGE_CURVE('',#2464,#2465,#808,.T.);
#3185=EDGE_CURVE('',#2465,#2463,#247,.T.);
#3186=EDGE_CURVE('',#2456,#2466,#1984,.T.);
#3187=EDGE_CURVE('',#2466,#2467,#809,.T.);
#3188=EDGE_CURVE('',#2467,#2465,#1985,.T.);
#3189=EDGE_CURVE('',#2023,#2460,#810,.T.);
#3190=EDGE_CURVE('',#2452,#2446,#811,.T.);
#3191=EDGE_CURVE('',#2005,#2009,#812,.T.);
#3192=EDGE_CURVE('',#2468,#2048,#813,.T.);
#3193=EDGE_CURVE('',#2468,#2469,#814,.T.);
#3194=EDGE_CURVE('',#2049,#2469,#815,.T.);
#3195=EDGE_CURVE('',#2051,#2470,#816,.T.);
#3196=EDGE_CURVE('',#2470,#2468,#817,.T.);
#3197=EDGE_CURVE('',#2449,#2466,#818,.T.);
#3198=EDGE_CURVE('',#2447,#2459,#819,.T.);
#3199=EDGE_CURVE('',#2467,#2448,#820,.T.);
#3200=EDGE_CURVE('',#2447,#2024,#821,.T.);
#3201=EDGE_CURVE('',#2471,#2472,#822,.T.);
#3202=EDGE_CURVE('',#2045,#2471,#823,.T.);
#3203=EDGE_CURVE('',#2044,#2472,#824,.T.);
#3204=EDGE_CURVE('',#2442,#2019,#825,.T.);
#3205=EDGE_CURVE('',#2443,#2018,#826,.T.);
#3206=EDGE_CURVE('',#2473,#2471,#1986,.T.);
#3207=EDGE_CURVE('',#2046,#2473,#827,.T.);
#3208=EDGE_CURVE('',#2444,#2017,#828,.T.);
#3209=EDGE_CURVE('',#2472,#2474,#1987,.T.);
#3210=EDGE_CURVE('',#2043,#2474,#829,.T.);
#3211=EDGE_CURVE('',#2475,#2473,#830,.T.);
#3212=EDGE_CURVE('',#2047,#2475,#831,.T.);
#3213=EDGE_CURVE('',#2445,#2016,#832,.T.);
#3214=EDGE_CURVE('',#2474,#2476,#833,.T.);
#3215=EDGE_CURVE('',#2042,#2476,#834,.T.);
#3216=EDGE_CURVE('',#2477,#2475,#1988,.T.);
#3217=EDGE_CURVE('',#2040,#2477,#835,.T.);
#3218=EDGE_CURVE('',#2438,#2015,#836,.T.);
#3219=EDGE_CURVE('',#2476,#2478,#1989,.T.);
#3220=EDGE_CURVE('',#2041,#2478,#837,.T.);
#3221=EDGE_CURVE('',#2478,#2477,#838,.T.);
#3222=EDGE_CURVE('',#2439,#2014,#839,.T.);
#3223=EDGE_CURVE('',#2441,#2020,#840,.T.);
#3224=EDGE_CURVE('',#2440,#2021,#841,.T.);
#3225=EDGE_CURVE('',#2027,#2435,#842,.T.);
#3226=EDGE_CURVE('',#2479,#2479,#1990,.T.);
#3227=EDGE_CURVE('',#2436,#2026,#843,.T.);
#3228=EDGE_CURVE('',#2437,#2025,#844,.T.);
#3229=EDGE_CURVE('',#2480,#2480,#1991,.T.);
#3230=EDGE_CURVE('',#2480,#2479,#845,.T.);
#3231=EDGE_CURVE('',#2481,#2482,#846,.T.);
#3232=EDGE_CURVE('',#2481,#2483,#847,.T.);
#3233=EDGE_CURVE('',#2483,#2484,#848,.T.);
#3234=EDGE_CURVE('',#2482,#2484,#849,.T.);
#3235=EDGE_CURVE('',#2482,#2485,#850,.T.);
#3236=EDGE_CURVE('',#2484,#2486,#851,.T.);
#3237=EDGE_CURVE('',#2485,#2486,#852,.T.);
#3238=EDGE_CURVE('',#2485,#2487,#853,.T.);
#3239=EDGE_CURVE('',#2486,#2488,#854,.T.);
#3240=EDGE_CURVE('',#2487,#2488,#855,.T.);
#3241=EDGE_CURVE('',#2487,#2481,#856,.T.);
#3242=EDGE_CURVE('',#2488,#2483,#857,.T.);
#3243=EDGE_CURVE('',#2489,#2470,#858,.T.);
#3244=EDGE_CURVE('',#2469,#2489,#859,.T.);
#3245=EDGE_CURVE('',#2050,#2489,#860,.T.);
#3246=ORIENTED_EDGE('',*,*,#2490,.F.);
#3247=ORIENTED_EDGE('',*,*,#2491,.T.);
#3248=ORIENTED_EDGE('',*,*,#2491,.F.);
#3249=ORIENTED_EDGE('',*,*,#2492,.T.);
#3250=ORIENTED_EDGE('',*,*,#2490,.T.);
#3251=ORIENTED_EDGE('',*,*,#2492,.F.);
#3252=ORIENTED_EDGE('',*,*,#2493,.F.);
#3253=ORIENTED_EDGE('',*,*,#2494,.T.);
#3254=ORIENTED_EDGE('',*,*,#2495,.T.);
#3255=ORIENTED_EDGE('',*,*,#2494,.F.);
#3256=ORIENTED_EDGE('',*,*,#2493,.T.);
#3257=ORIENTED_EDGE('',*,*,#2495,.F.);
#3258=ORIENTED_EDGE('',*,*,#2496,.F.);
#3259=ORIENTED_EDGE('',*,*,#2497,.F.);
#3260=ORIENTED_EDGE('',*,*,#2498,.F.);
#3261=ORIENTED_EDGE('',*,*,#2499,.F.);
#3262=ORIENTED_EDGE('',*,*,#2500,.F.);
#3263=ORIENTED_EDGE('',*,*,#2501,.F.);
#3264=ORIENTED_EDGE('',*,*,#2502,.T.);
#3265=ORIENTED_EDGE('',*,*,#2500,.T.);
#3266=ORIENTED_EDGE('',*,*,#2503,.T.);
#3267=ORIENTED_EDGE('',*,*,#2504,.T.);
#3268=ORIENTED_EDGE('',*,*,#2505,.T.);
#3269=ORIENTED_EDGE('',*,*,#2506,.T.);
#3270=ORIENTED_EDGE('',*,*,#2501,.T.);
#3271=ORIENTED_EDGE('',*,*,#2507,.T.);
#3272=ORIENTED_EDGE('',*,*,#2508,.F.);
#3273=ORIENTED_EDGE('',*,*,#2509,.F.);
#3274=ORIENTED_EDGE('',*,*,#2510,.F.);
#3275=ORIENTED_EDGE('',*,*,#2497,.T.);
#3276=ORIENTED_EDGE('',*,*,#2511,.T.);
#3277=ORIENTED_EDGE('',*,*,#2509,.T.);
#3278=ORIENTED_EDGE('',*,*,#2512,.T.);
#3279=ORIENTED_EDGE('',*,*,#2499,.T.);
#3280=ORIENTED_EDGE('',*,*,#2513,.T.);
#3281=ORIENTED_EDGE('',*,*,#2510,.T.);
#3282=ORIENTED_EDGE('',*,*,#2514,.T.);
#3283=ORIENTED_EDGE('',*,*,#2515,.T.);
#3284=ORIENTED_EDGE('',*,*,#2516,.T.);
#3285=ORIENTED_EDGE('',*,*,#2508,.T.);
#3286=ORIENTED_EDGE('',*,*,#2517,.T.);
#3287=ORIENTED_EDGE('',*,*,#2518,.T.);
#3288=ORIENTED_EDGE('',*,*,#2496,.T.);
#3289=ORIENTED_EDGE('',*,*,#2519,.T.);
#3290=ORIENTED_EDGE('',*,*,#2504,.F.);
#3291=ORIENTED_EDGE('',*,*,#2520,.T.);
#3292=ORIENTED_EDGE('',*,*,#2521,.T.);
#3293=ORIENTED_EDGE('',*,*,#2498,.T.);
#3294=ORIENTED_EDGE('',*,*,#2522,.T.);
#3295=ORIENTED_EDGE('',*,*,#2507,.F.);
#3296=ORIENTED_EDGE('',*,*,#2502,.F.);
#3297=ORIENTED_EDGE('',*,*,#2523,.F.);
#3298=ORIENTED_EDGE('',*,*,#2524,.T.);
#3299=ORIENTED_EDGE('',*,*,#2525,.T.);
#3300=ORIENTED_EDGE('',*,*,#2526,.T.);
#3301=ORIENTED_EDGE('',*,*,#2527,.T.);
#3302=ORIENTED_EDGE('',*,*,#2528,.T.);
#3303=ORIENTED_EDGE('',*,*,#2529,.T.);
#3304=ORIENTED_EDGE('',*,*,#2530,.T.);
#3305=ORIENTED_EDGE('',*,*,#2531,.T.);
#3306=ORIENTED_EDGE('',*,*,#2532,.T.);
#3307=ORIENTED_EDGE('',*,*,#2519,.F.);
#3308=ORIENTED_EDGE('',*,*,#2521,.F.);
#3309=ORIENTED_EDGE('',*,*,#2533,.T.);
#3310=ORIENTED_EDGE('',*,*,#2523,.T.);
#3311=ORIENTED_EDGE('',*,*,#2534,.T.);
#3312=ORIENTED_EDGE('',*,*,#2535,.T.);
#3313=ORIENTED_EDGE('',*,*,#2536,.T.);
#3314=ORIENTED_EDGE('',*,*,#2537,.T.);
#3315=ORIENTED_EDGE('',*,*,#2538,.T.);
#3316=ORIENTED_EDGE('',*,*,#2539,.T.);
#3317=ORIENTED_EDGE('',*,*,#2540,.T.);
#3318=ORIENTED_EDGE('',*,*,#2541,.T.);
#3319=ORIENTED_EDGE('',*,*,#2542,.T.);
#3320=ORIENTED_EDGE('',*,*,#2543,.T.);
#3321=ORIENTED_EDGE('',*,*,#2544,.T.);
#3322=ORIENTED_EDGE('',*,*,#2545,.F.);
#3323=ORIENTED_EDGE('',*,*,#2546,.T.);
#3324=ORIENTED_EDGE('',*,*,#2547,.F.);
#3325=ORIENTED_EDGE('',*,*,#2548,.T.);
#3326=ORIENTED_EDGE('',*,*,#2549,.F.);
#3327=ORIENTED_EDGE('',*,*,#2550,.T.);
#3328=ORIENTED_EDGE('',*,*,#2551,.F.);
#3329=ORIENTED_EDGE('',*,*,#2522,.F.);
#3330=ORIENTED_EDGE('',*,*,#2512,.F.);
#3331=ORIENTED_EDGE('',*,*,#2516,.F.);
#3332=ORIENTED_EDGE('',*,*,#2552,.F.);
#3333=ORIENTED_EDGE('',*,*,#2553,.T.);
#3334=ORIENTED_EDGE('',*,*,#2554,.T.);
#3335=ORIENTED_EDGE('',*,*,#2555,.T.);
#3336=ORIENTED_EDGE('',*,*,#2556,.T.);
#3337=ORIENTED_EDGE('',*,*,#2557,.T.);
#3338=ORIENTED_EDGE('',*,*,#2558,.T.);
#3339=ORIENTED_EDGE('',*,*,#2559,.T.);
#3340=ORIENTED_EDGE('',*,*,#2560,.T.);
#3341=ORIENTED_EDGE('',*,*,#2511,.F.);
#3342=ORIENTED_EDGE('',*,*,#2518,.F.);
#3343=ORIENTED_EDGE('',*,*,#2503,.F.);
#3344=ORIENTED_EDGE('',*,*,#2514,.F.);
#3345=ORIENTED_EDGE('',*,*,#2561,.T.);
#3346=ORIENTED_EDGE('',*,*,#2562,.T.);
#3347=ORIENTED_EDGE('',*,*,#2563,.T.);
#3348=ORIENTED_EDGE('',*,*,#2564,.T.);
#3349=ORIENTED_EDGE('',*,*,#2565,.F.);
#3350=ORIENTED_EDGE('',*,*,#2566,.T.);
#3351=ORIENTED_EDGE('',*,*,#2567,.T.);
#3352=ORIENTED_EDGE('',*,*,#2568,.F.);
#3353=ORIENTED_EDGE('',*,*,#2569,.F.);
#3354=ORIENTED_EDGE('',*,*,#2570,.T.);
#3355=ORIENTED_EDGE('',*,*,#2571,.T.);
#3356=ORIENTED_EDGE('',*,*,#2566,.F.);
#3357=ORIENTED_EDGE('',*,*,#2572,.F.);
#3358=ORIENTED_EDGE('',*,*,#2573,.T.);
#3359=ORIENTED_EDGE('',*,*,#2574,.T.);
#3360=ORIENTED_EDGE('',*,*,#2570,.F.);
#3361=ORIENTED_EDGE('',*,*,#2575,.F.);
#3362=ORIENTED_EDGE('',*,*,#2576,.T.);
#3363=ORIENTED_EDGE('',*,*,#2577,.T.);
#3364=ORIENTED_EDGE('',*,*,#2573,.F.);
#3365=ORIENTED_EDGE('',*,*,#2578,.F.);
#3366=ORIENTED_EDGE('',*,*,#2579,.T.);
#3367=ORIENTED_EDGE('',*,*,#2580,.T.);
#3368=ORIENTED_EDGE('',*,*,#2576,.F.);
#3369=ORIENTED_EDGE('',*,*,#2581,.F.);
#3370=ORIENTED_EDGE('',*,*,#2582,.T.);
#3371=ORIENTED_EDGE('',*,*,#2583,.T.);
#3372=ORIENTED_EDGE('',*,*,#2579,.F.);
#3373=ORIENTED_EDGE('',*,*,#2584,.F.);
#3374=ORIENTED_EDGE('',*,*,#2585,.T.);
#3375=ORIENTED_EDGE('',*,*,#2586,.T.);
#3376=ORIENTED_EDGE('',*,*,#2582,.F.);
#3377=ORIENTED_EDGE('',*,*,#2587,.F.);
#3378=ORIENTED_EDGE('',*,*,#2588,.T.);
#3379=ORIENTED_EDGE('',*,*,#2589,.T.);
#3380=ORIENTED_EDGE('',*,*,#2585,.F.);
#3381=ORIENTED_EDGE('',*,*,#2590,.F.);
#3382=ORIENTED_EDGE('',*,*,#2591,.T.);
#3383=ORIENTED_EDGE('',*,*,#2592,.T.);
#3384=ORIENTED_EDGE('',*,*,#2588,.F.);
#3385=ORIENTED_EDGE('',*,*,#2593,.F.);
#3386=ORIENTED_EDGE('',*,*,#2594,.T.);
#3387=ORIENTED_EDGE('',*,*,#2595,.T.);
#3388=ORIENTED_EDGE('',*,*,#2591,.F.);
#3389=ORIENTED_EDGE('',*,*,#2596,.F.);
#3390=ORIENTED_EDGE('',*,*,#2597,.T.);
#3391=ORIENTED_EDGE('',*,*,#2598,.T.);
#3392=ORIENTED_EDGE('',*,*,#2594,.F.);
#3393=ORIENTED_EDGE('',*,*,#2599,.F.);
#3394=ORIENTED_EDGE('',*,*,#2600,.T.);
#3395=ORIENTED_EDGE('',*,*,#2601,.T.);
#3396=ORIENTED_EDGE('',*,*,#2597,.F.);
#3397=ORIENTED_EDGE('',*,*,#2602,.F.);
#3398=ORIENTED_EDGE('',*,*,#2603,.T.);
#3399=ORIENTED_EDGE('',*,*,#2604,.T.);
#3400=ORIENTED_EDGE('',*,*,#2600,.F.);
#3401=ORIENTED_EDGE('',*,*,#2605,.F.);
#3402=ORIENTED_EDGE('',*,*,#2606,.T.);
#3403=ORIENTED_EDGE('',*,*,#2607,.T.);
#3404=ORIENTED_EDGE('',*,*,#2603,.F.);
#3405=ORIENTED_EDGE('',*,*,#2608,.F.);
#3406=ORIENTED_EDGE('',*,*,#2609,.T.);
#3407=ORIENTED_EDGE('',*,*,#2610,.T.);
#3408=ORIENTED_EDGE('',*,*,#2606,.F.);
#3409=ORIENTED_EDGE('',*,*,#2611,.F.);
#3410=ORIENTED_EDGE('',*,*,#2612,.T.);
#3411=ORIENTED_EDGE('',*,*,#2613,.T.);
#3412=ORIENTED_EDGE('',*,*,#2609,.F.);
#3413=ORIENTED_EDGE('',*,*,#2614,.F.);
#3414=ORIENTED_EDGE('',*,*,#2615,.T.);
#3415=ORIENTED_EDGE('',*,*,#2616,.T.);
#3416=ORIENTED_EDGE('',*,*,#2612,.F.);
#3417=ORIENTED_EDGE('',*,*,#2617,.F.);
#3418=ORIENTED_EDGE('',*,*,#2618,.T.);
#3419=ORIENTED_EDGE('',*,*,#2619,.T.);
#3420=ORIENTED_EDGE('',*,*,#2615,.F.);
#3421=ORIENTED_EDGE('',*,*,#2620,.F.);
#3422=ORIENTED_EDGE('',*,*,#2621,.T.);
#3423=ORIENTED_EDGE('',*,*,#2622,.T.);
#3424=ORIENTED_EDGE('',*,*,#2618,.F.);
#3425=ORIENTED_EDGE('',*,*,#2623,.F.);
#3426=ORIENTED_EDGE('',*,*,#2624,.T.);
#3427=ORIENTED_EDGE('',*,*,#2625,.T.);
#3428=ORIENTED_EDGE('',*,*,#2621,.F.);
#3429=ORIENTED_EDGE('',*,*,#2626,.F.);
#3430=ORIENTED_EDGE('',*,*,#2627,.T.);
#3431=ORIENTED_EDGE('',*,*,#2628,.T.);
#3432=ORIENTED_EDGE('',*,*,#2624,.F.);
#3433=ORIENTED_EDGE('',*,*,#2629,.F.);
#3434=ORIENTED_EDGE('',*,*,#2568,.T.);
#3435=ORIENTED_EDGE('',*,*,#2630,.T.);
#3436=ORIENTED_EDGE('',*,*,#2627,.F.);
#3437=ORIENTED_EDGE('',*,*,#2630,.F.);
#3438=ORIENTED_EDGE('',*,*,#2567,.F.);
#3439=ORIENTED_EDGE('',*,*,#2571,.F.);
#3440=ORIENTED_EDGE('',*,*,#2574,.F.);
#3441=ORIENTED_EDGE('',*,*,#2577,.F.);
#3442=ORIENTED_EDGE('',*,*,#2580,.F.);
#3443=ORIENTED_EDGE('',*,*,#2583,.F.);
#3444=ORIENTED_EDGE('',*,*,#2586,.F.);
#3445=ORIENTED_EDGE('',*,*,#2589,.F.);
#3446=ORIENTED_EDGE('',*,*,#2592,.F.);
#3447=ORIENTED_EDGE('',*,*,#2595,.F.);
#3448=ORIENTED_EDGE('',*,*,#2598,.F.);
#3449=ORIENTED_EDGE('',*,*,#2601,.F.);
#3450=ORIENTED_EDGE('',*,*,#2604,.F.);
#3451=ORIENTED_EDGE('',*,*,#2607,.F.);
#3452=ORIENTED_EDGE('',*,*,#2610,.F.);
#3453=ORIENTED_EDGE('',*,*,#2613,.F.);
#3454=ORIENTED_EDGE('',*,*,#2616,.F.);
#3455=ORIENTED_EDGE('',*,*,#2619,.F.);
#3456=ORIENTED_EDGE('',*,*,#2622,.F.);
#3457=ORIENTED_EDGE('',*,*,#2625,.F.);
#3458=ORIENTED_EDGE('',*,*,#2628,.F.);
#3459=ORIENTED_EDGE('',*,*,#2631,.F.);
#3460=ORIENTED_EDGE('',*,*,#2632,.T.);
#3461=ORIENTED_EDGE('',*,*,#2633,.T.);
#3462=ORIENTED_EDGE('',*,*,#2634,.F.);
#3463=ORIENTED_EDGE('',*,*,#2635,.F.);
#3464=ORIENTED_EDGE('',*,*,#2636,.T.);
#3465=ORIENTED_EDGE('',*,*,#2637,.T.);
#3466=ORIENTED_EDGE('',*,*,#2632,.F.);
#3467=ORIENTED_EDGE('',*,*,#2638,.F.);
#3468=ORIENTED_EDGE('',*,*,#2639,.T.);
#3469=ORIENTED_EDGE('',*,*,#2640,.T.);
#3470=ORIENTED_EDGE('',*,*,#2636,.F.);
#3471=ORIENTED_EDGE('',*,*,#2641,.F.);
#3472=ORIENTED_EDGE('',*,*,#2642,.T.);
#3473=ORIENTED_EDGE('',*,*,#2643,.T.);
#3474=ORIENTED_EDGE('',*,*,#2639,.F.);
#3475=ORIENTED_EDGE('',*,*,#2644,.F.);
#3476=ORIENTED_EDGE('',*,*,#2645,.T.);
#3477=ORIENTED_EDGE('',*,*,#2646,.T.);
#3478=ORIENTED_EDGE('',*,*,#2642,.F.);
#3479=ORIENTED_EDGE('',*,*,#2647,.F.);
#3480=ORIENTED_EDGE('',*,*,#2648,.T.);
#3481=ORIENTED_EDGE('',*,*,#2649,.T.);
#3482=ORIENTED_EDGE('',*,*,#2645,.F.);
#3483=ORIENTED_EDGE('',*,*,#2650,.F.);
#3484=ORIENTED_EDGE('',*,*,#2651,.T.);
#3485=ORIENTED_EDGE('',*,*,#2652,.T.);
#3486=ORIENTED_EDGE('',*,*,#2648,.F.);
#3487=ORIENTED_EDGE('',*,*,#2653,.F.);
#3488=ORIENTED_EDGE('',*,*,#2654,.T.);
#3489=ORIENTED_EDGE('',*,*,#2655,.T.);
#3490=ORIENTED_EDGE('',*,*,#2651,.F.);
#3491=ORIENTED_EDGE('',*,*,#2656,.F.);
#3492=ORIENTED_EDGE('',*,*,#2657,.T.);
#3493=ORIENTED_EDGE('',*,*,#2658,.T.);
#3494=ORIENTED_EDGE('',*,*,#2654,.F.);
#3495=ORIENTED_EDGE('',*,*,#2659,.F.);
#3496=ORIENTED_EDGE('',*,*,#2660,.T.);
#3497=ORIENTED_EDGE('',*,*,#2661,.T.);
#3498=ORIENTED_EDGE('',*,*,#2657,.F.);
#3499=ORIENTED_EDGE('',*,*,#2662,.F.);
#3500=ORIENTED_EDGE('',*,*,#2663,.T.);
#3501=ORIENTED_EDGE('',*,*,#2664,.T.);
#3502=ORIENTED_EDGE('',*,*,#2660,.F.);
#3503=ORIENTED_EDGE('',*,*,#2665,.F.);
#3504=ORIENTED_EDGE('',*,*,#2666,.T.);
#3505=ORIENTED_EDGE('',*,*,#2667,.T.);
#3506=ORIENTED_EDGE('',*,*,#2663,.F.);
#3507=ORIENTED_EDGE('',*,*,#2668,.F.);
#3508=ORIENTED_EDGE('',*,*,#2669,.T.);
#3509=ORIENTED_EDGE('',*,*,#2670,.T.);
#3510=ORIENTED_EDGE('',*,*,#2666,.F.);
#3511=ORIENTED_EDGE('',*,*,#2671,.F.);
#3512=ORIENTED_EDGE('',*,*,#2672,.T.);
#3513=ORIENTED_EDGE('',*,*,#2673,.T.);
#3514=ORIENTED_EDGE('',*,*,#2669,.F.);
#3515=ORIENTED_EDGE('',*,*,#2674,.F.);
#3516=ORIENTED_EDGE('',*,*,#2675,.T.);
#3517=ORIENTED_EDGE('',*,*,#2676,.T.);
#3518=ORIENTED_EDGE('',*,*,#2672,.F.);
#3519=ORIENTED_EDGE('',*,*,#2677,.F.);
#3520=ORIENTED_EDGE('',*,*,#2678,.T.);
#3521=ORIENTED_EDGE('',*,*,#2679,.T.);
#3522=ORIENTED_EDGE('',*,*,#2675,.F.);
#3523=ORIENTED_EDGE('',*,*,#2680,.F.);
#3524=ORIENTED_EDGE('',*,*,#2681,.T.);
#3525=ORIENTED_EDGE('',*,*,#2682,.T.);
#3526=ORIENTED_EDGE('',*,*,#2678,.F.);
#3527=ORIENTED_EDGE('',*,*,#2683,.F.);
#3528=ORIENTED_EDGE('',*,*,#2684,.T.);
#3529=ORIENTED_EDGE('',*,*,#2685,.T.);
#3530=ORIENTED_EDGE('',*,*,#2681,.F.);
#3531=ORIENTED_EDGE('',*,*,#2686,.F.);
#3532=ORIENTED_EDGE('',*,*,#2687,.T.);
#3533=ORIENTED_EDGE('',*,*,#2688,.T.);
#3534=ORIENTED_EDGE('',*,*,#2684,.F.);
#3535=ORIENTED_EDGE('',*,*,#2689,.F.);
#3536=ORIENTED_EDGE('',*,*,#2690,.T.);
#3537=ORIENTED_EDGE('',*,*,#2691,.T.);
#3538=ORIENTED_EDGE('',*,*,#2687,.F.);
#3539=ORIENTED_EDGE('',*,*,#2692,.F.);
#3540=ORIENTED_EDGE('',*,*,#2693,.T.);
#3541=ORIENTED_EDGE('',*,*,#2694,.T.);
#3542=ORIENTED_EDGE('',*,*,#2690,.F.);
#3543=ORIENTED_EDGE('',*,*,#2695,.F.);
#3544=ORIENTED_EDGE('',*,*,#2696,.T.);
#3545=ORIENTED_EDGE('',*,*,#2697,.T.);
#3546=ORIENTED_EDGE('',*,*,#2693,.F.);
#3547=ORIENTED_EDGE('',*,*,#2698,.F.);
#3548=ORIENTED_EDGE('',*,*,#2699,.T.);
#3549=ORIENTED_EDGE('',*,*,#2700,.T.);
#3550=ORIENTED_EDGE('',*,*,#2696,.F.);
#3551=ORIENTED_EDGE('',*,*,#2701,.F.);
#3552=ORIENTED_EDGE('',*,*,#2702,.T.);
#3553=ORIENTED_EDGE('',*,*,#2703,.T.);
#3554=ORIENTED_EDGE('',*,*,#2699,.F.);
#3555=ORIENTED_EDGE('',*,*,#2704,.F.);
#3556=ORIENTED_EDGE('',*,*,#2705,.T.);
#3557=ORIENTED_EDGE('',*,*,#2706,.T.);
#3558=ORIENTED_EDGE('',*,*,#2702,.F.);
#3559=ORIENTED_EDGE('',*,*,#2707,.F.);
#3560=ORIENTED_EDGE('',*,*,#2708,.T.);
#3561=ORIENTED_EDGE('',*,*,#2709,.T.);
#3562=ORIENTED_EDGE('',*,*,#2705,.F.);
#3563=ORIENTED_EDGE('',*,*,#2710,.F.);
#3564=ORIENTED_EDGE('',*,*,#2711,.T.);
#3565=ORIENTED_EDGE('',*,*,#2712,.T.);
#3566=ORIENTED_EDGE('',*,*,#2708,.F.);
#3567=ORIENTED_EDGE('',*,*,#2713,.F.);
#3568=ORIENTED_EDGE('',*,*,#2714,.T.);
#3569=ORIENTED_EDGE('',*,*,#2715,.T.);
#3570=ORIENTED_EDGE('',*,*,#2711,.F.);
#3571=ORIENTED_EDGE('',*,*,#2716,.F.);
#3572=ORIENTED_EDGE('',*,*,#2634,.T.);
#3573=ORIENTED_EDGE('',*,*,#2717,.T.);
#3574=ORIENTED_EDGE('',*,*,#2714,.F.);
#3575=ORIENTED_EDGE('',*,*,#2717,.F.);
#3576=ORIENTED_EDGE('',*,*,#2633,.F.);
#3577=ORIENTED_EDGE('',*,*,#2637,.F.);
#3578=ORIENTED_EDGE('',*,*,#2640,.F.);
#3579=ORIENTED_EDGE('',*,*,#2643,.F.);
#3580=ORIENTED_EDGE('',*,*,#2646,.F.);
#3581=ORIENTED_EDGE('',*,*,#2649,.F.);
#3582=ORIENTED_EDGE('',*,*,#2652,.F.);
#3583=ORIENTED_EDGE('',*,*,#2655,.F.);
#3584=ORIENTED_EDGE('',*,*,#2658,.F.);
#3585=ORIENTED_EDGE('',*,*,#2661,.F.);
#3586=ORIENTED_EDGE('',*,*,#2664,.F.);
#3587=ORIENTED_EDGE('',*,*,#2667,.F.);
#3588=ORIENTED_EDGE('',*,*,#2670,.F.);
#3589=ORIENTED_EDGE('',*,*,#2673,.F.);
#3590=ORIENTED_EDGE('',*,*,#2676,.F.);
#3591=ORIENTED_EDGE('',*,*,#2679,.F.);
#3592=ORIENTED_EDGE('',*,*,#2682,.F.);
#3593=ORIENTED_EDGE('',*,*,#2685,.F.);
#3594=ORIENTED_EDGE('',*,*,#2688,.F.);
#3595=ORIENTED_EDGE('',*,*,#2691,.F.);
#3596=ORIENTED_EDGE('',*,*,#2694,.F.);
#3597=ORIENTED_EDGE('',*,*,#2697,.F.);
#3598=ORIENTED_EDGE('',*,*,#2700,.F.);
#3599=ORIENTED_EDGE('',*,*,#2703,.F.);
#3600=ORIENTED_EDGE('',*,*,#2706,.F.);
#3601=ORIENTED_EDGE('',*,*,#2709,.F.);
#3602=ORIENTED_EDGE('',*,*,#2712,.F.);
#3603=ORIENTED_EDGE('',*,*,#2715,.F.);
#3604=ORIENTED_EDGE('',*,*,#2718,.F.);
#3605=ORIENTED_EDGE('',*,*,#2719,.T.);
#3606=ORIENTED_EDGE('',*,*,#2720,.T.);
#3607=ORIENTED_EDGE('',*,*,#2721,.F.);
#3608=ORIENTED_EDGE('',*,*,#2722,.F.);
#3609=ORIENTED_EDGE('',*,*,#2723,.T.);
#3610=ORIENTED_EDGE('',*,*,#2724,.T.);
#3611=ORIENTED_EDGE('',*,*,#2719,.F.);
#3612=ORIENTED_EDGE('',*,*,#2725,.F.);
#3613=ORIENTED_EDGE('',*,*,#2726,.T.);
#3614=ORIENTED_EDGE('',*,*,#2727,.T.);
#3615=ORIENTED_EDGE('',*,*,#2723,.F.);
#3616=ORIENTED_EDGE('',*,*,#2728,.F.);
#3617=ORIENTED_EDGE('',*,*,#2729,.T.);
#3618=ORIENTED_EDGE('',*,*,#2730,.T.);
#3619=ORIENTED_EDGE('',*,*,#2726,.F.);
#3620=ORIENTED_EDGE('',*,*,#2731,.F.);
#3621=ORIENTED_EDGE('',*,*,#2732,.T.);
#3622=ORIENTED_EDGE('',*,*,#2733,.T.);
#3623=ORIENTED_EDGE('',*,*,#2729,.F.);
#3624=ORIENTED_EDGE('',*,*,#2734,.F.);
#3625=ORIENTED_EDGE('',*,*,#2735,.T.);
#3626=ORIENTED_EDGE('',*,*,#2736,.T.);
#3627=ORIENTED_EDGE('',*,*,#2732,.F.);
#3628=ORIENTED_EDGE('',*,*,#2737,.F.);
#3629=ORIENTED_EDGE('',*,*,#2738,.T.);
#3630=ORIENTED_EDGE('',*,*,#2739,.T.);
#3631=ORIENTED_EDGE('',*,*,#2735,.F.);
#3632=ORIENTED_EDGE('',*,*,#2740,.F.);
#3633=ORIENTED_EDGE('',*,*,#2721,.T.);
#3634=ORIENTED_EDGE('',*,*,#2741,.T.);
#3635=ORIENTED_EDGE('',*,*,#2738,.F.);
#3636=ORIENTED_EDGE('',*,*,#2742,.F.);
#3637=ORIENTED_EDGE('',*,*,#2743,.T.);
#3638=ORIENTED_EDGE('',*,*,#2744,.T.);
#3639=ORIENTED_EDGE('',*,*,#2745,.F.);
#3640=ORIENTED_EDGE('',*,*,#2746,.F.);
#3641=ORIENTED_EDGE('',*,*,#2747,.T.);
#3642=ORIENTED_EDGE('',*,*,#2748,.T.);
#3643=ORIENTED_EDGE('',*,*,#2743,.F.);
#3644=ORIENTED_EDGE('',*,*,#2749,.F.);
#3645=ORIENTED_EDGE('',*,*,#2750,.T.);
#3646=ORIENTED_EDGE('',*,*,#2751,.T.);
#3647=ORIENTED_EDGE('',*,*,#2747,.F.);
#3648=ORIENTED_EDGE('',*,*,#2752,.F.);
#3649=ORIENTED_EDGE('',*,*,#2753,.T.);
#3650=ORIENTED_EDGE('',*,*,#2754,.T.);
#3651=ORIENTED_EDGE('',*,*,#2750,.F.);
#3652=ORIENTED_EDGE('',*,*,#2755,.F.);
#3653=ORIENTED_EDGE('',*,*,#2756,.T.);
#3654=ORIENTED_EDGE('',*,*,#2757,.T.);
#3655=ORIENTED_EDGE('',*,*,#2753,.F.);
#3656=ORIENTED_EDGE('',*,*,#2758,.F.);
#3657=ORIENTED_EDGE('',*,*,#2759,.T.);
#3658=ORIENTED_EDGE('',*,*,#2760,.T.);
#3659=ORIENTED_EDGE('',*,*,#2756,.F.);
#3660=ORIENTED_EDGE('',*,*,#2761,.F.);
#3661=ORIENTED_EDGE('',*,*,#2762,.T.);
#3662=ORIENTED_EDGE('',*,*,#2763,.T.);
#3663=ORIENTED_EDGE('',*,*,#2759,.F.);
#3664=ORIENTED_EDGE('',*,*,#2764,.F.);
#3665=ORIENTED_EDGE('',*,*,#2765,.T.);
#3666=ORIENTED_EDGE('',*,*,#2766,.T.);
#3667=ORIENTED_EDGE('',*,*,#2762,.F.);
#3668=ORIENTED_EDGE('',*,*,#2767,.F.);
#3669=ORIENTED_EDGE('',*,*,#2768,.T.);
#3670=ORIENTED_EDGE('',*,*,#2769,.T.);
#3671=ORIENTED_EDGE('',*,*,#2765,.F.);
#3672=ORIENTED_EDGE('',*,*,#2770,.F.);
#3673=ORIENTED_EDGE('',*,*,#2771,.T.);
#3674=ORIENTED_EDGE('',*,*,#2772,.T.);
#3675=ORIENTED_EDGE('',*,*,#2768,.F.);
#3676=ORIENTED_EDGE('',*,*,#2773,.F.);
#3677=ORIENTED_EDGE('',*,*,#2774,.T.);
#3678=ORIENTED_EDGE('',*,*,#2775,.T.);
#3679=ORIENTED_EDGE('',*,*,#2771,.F.);
#3680=ORIENTED_EDGE('',*,*,#2776,.F.);
#3681=ORIENTED_EDGE('',*,*,#2777,.T.);
#3682=ORIENTED_EDGE('',*,*,#2778,.T.);
#3683=ORIENTED_EDGE('',*,*,#2774,.F.);
#3684=ORIENTED_EDGE('',*,*,#2779,.F.);
#3685=ORIENTED_EDGE('',*,*,#2780,.T.);
#3686=ORIENTED_EDGE('',*,*,#2781,.T.);
#3687=ORIENTED_EDGE('',*,*,#2777,.F.);
#3688=ORIENTED_EDGE('',*,*,#2782,.F.);
#3689=ORIENTED_EDGE('',*,*,#2783,.T.);
#3690=ORIENTED_EDGE('',*,*,#2784,.T.);
#3691=ORIENTED_EDGE('',*,*,#2780,.F.);
#3692=ORIENTED_EDGE('',*,*,#2785,.F.);
#3693=ORIENTED_EDGE('',*,*,#2786,.T.);
#3694=ORIENTED_EDGE('',*,*,#2787,.T.);
#3695=ORIENTED_EDGE('',*,*,#2783,.F.);
#3696=ORIENTED_EDGE('',*,*,#2788,.F.);
#3697=ORIENTED_EDGE('',*,*,#2789,.T.);
#3698=ORIENTED_EDGE('',*,*,#2790,.T.);
#3699=ORIENTED_EDGE('',*,*,#2786,.F.);
#3700=ORIENTED_EDGE('',*,*,#2791,.F.);
#3701=ORIENTED_EDGE('',*,*,#2792,.T.);
#3702=ORIENTED_EDGE('',*,*,#2793,.T.);
#3703=ORIENTED_EDGE('',*,*,#2789,.F.);
#3704=ORIENTED_EDGE('',*,*,#2794,.F.);
#3705=ORIENTED_EDGE('',*,*,#2795,.T.);
#3706=ORIENTED_EDGE('',*,*,#2796,.T.);
#3707=ORIENTED_EDGE('',*,*,#2792,.F.);
#3708=ORIENTED_EDGE('',*,*,#2797,.F.);
#3709=ORIENTED_EDGE('',*,*,#2745,.T.);
#3710=ORIENTED_EDGE('',*,*,#2798,.T.);
#3711=ORIENTED_EDGE('',*,*,#2795,.F.);
#3712=ORIENTED_EDGE('',*,*,#2798,.F.);
#3713=ORIENTED_EDGE('',*,*,#2744,.F.);
#3714=ORIENTED_EDGE('',*,*,#2748,.F.);
#3715=ORIENTED_EDGE('',*,*,#2751,.F.);
#3716=ORIENTED_EDGE('',*,*,#2754,.F.);
#3717=ORIENTED_EDGE('',*,*,#2757,.F.);
#3718=ORIENTED_EDGE('',*,*,#2760,.F.);
#3719=ORIENTED_EDGE('',*,*,#2763,.F.);
#3720=ORIENTED_EDGE('',*,*,#2766,.F.);
#3721=ORIENTED_EDGE('',*,*,#2769,.F.);
#3722=ORIENTED_EDGE('',*,*,#2772,.F.);
#3723=ORIENTED_EDGE('',*,*,#2775,.F.);
#3724=ORIENTED_EDGE('',*,*,#2778,.F.);
#3725=ORIENTED_EDGE('',*,*,#2781,.F.);
#3726=ORIENTED_EDGE('',*,*,#2784,.F.);
#3727=ORIENTED_EDGE('',*,*,#2787,.F.);
#3728=ORIENTED_EDGE('',*,*,#2790,.F.);
#3729=ORIENTED_EDGE('',*,*,#2793,.F.);
#3730=ORIENTED_EDGE('',*,*,#2796,.F.);
#3731=ORIENTED_EDGE('',*,*,#2741,.F.);
#3732=ORIENTED_EDGE('',*,*,#2720,.F.);
#3733=ORIENTED_EDGE('',*,*,#2724,.F.);
#3734=ORIENTED_EDGE('',*,*,#2727,.F.);
#3735=ORIENTED_EDGE('',*,*,#2730,.F.);
#3736=ORIENTED_EDGE('',*,*,#2733,.F.);
#3737=ORIENTED_EDGE('',*,*,#2736,.F.);
#3738=ORIENTED_EDGE('',*,*,#2739,.F.);
#3739=ORIENTED_EDGE('',*,*,#2799,.F.);
#3740=ORIENTED_EDGE('',*,*,#2800,.T.);
#3741=ORIENTED_EDGE('',*,*,#2801,.T.);
#3742=ORIENTED_EDGE('',*,*,#2802,.F.);
#3743=ORIENTED_EDGE('',*,*,#2803,.F.);
#3744=ORIENTED_EDGE('',*,*,#2804,.T.);
#3745=ORIENTED_EDGE('',*,*,#2805,.T.);
#3746=ORIENTED_EDGE('',*,*,#2800,.F.);
#3747=ORIENTED_EDGE('',*,*,#2806,.F.);
#3748=ORIENTED_EDGE('',*,*,#2807,.T.);
#3749=ORIENTED_EDGE('',*,*,#2808,.T.);
#3750=ORIENTED_EDGE('',*,*,#2804,.F.);
#3751=ORIENTED_EDGE('',*,*,#2809,.F.);
#3752=ORIENTED_EDGE('',*,*,#2810,.T.);
#3753=ORIENTED_EDGE('',*,*,#2811,.T.);
#3754=ORIENTED_EDGE('',*,*,#2807,.F.);
#3755=ORIENTED_EDGE('',*,*,#2812,.F.);
#3756=ORIENTED_EDGE('',*,*,#2813,.T.);
#3757=ORIENTED_EDGE('',*,*,#2814,.T.);
#3758=ORIENTED_EDGE('',*,*,#2810,.F.);
#3759=ORIENTED_EDGE('',*,*,#2815,.F.);
#3760=ORIENTED_EDGE('',*,*,#2816,.T.);
#3761=ORIENTED_EDGE('',*,*,#2817,.T.);
#3762=ORIENTED_EDGE('',*,*,#2813,.F.);
#3763=ORIENTED_EDGE('',*,*,#2818,.F.);
#3764=ORIENTED_EDGE('',*,*,#2819,.T.);
#3765=ORIENTED_EDGE('',*,*,#2820,.T.);
#3766=ORIENTED_EDGE('',*,*,#2816,.F.);
#3767=ORIENTED_EDGE('',*,*,#2821,.F.);
#3768=ORIENTED_EDGE('',*,*,#2822,.T.);
#3769=ORIENTED_EDGE('',*,*,#2823,.T.);
#3770=ORIENTED_EDGE('',*,*,#2819,.F.);
#3771=ORIENTED_EDGE('',*,*,#2824,.F.);
#3772=ORIENTED_EDGE('',*,*,#2825,.T.);
#3773=ORIENTED_EDGE('',*,*,#2826,.T.);
#3774=ORIENTED_EDGE('',*,*,#2822,.F.);
#3775=ORIENTED_EDGE('',*,*,#2827,.F.);
#3776=ORIENTED_EDGE('',*,*,#2802,.T.);
#3777=ORIENTED_EDGE('',*,*,#2828,.T.);
#3778=ORIENTED_EDGE('',*,*,#2825,.F.);
#3779=ORIENTED_EDGE('',*,*,#2829,.F.);
#3780=ORIENTED_EDGE('',*,*,#2830,.T.);
#3781=ORIENTED_EDGE('',*,*,#2831,.T.);
#3782=ORIENTED_EDGE('',*,*,#2832,.F.);
#3783=ORIENTED_EDGE('',*,*,#2833,.F.);
#3784=ORIENTED_EDGE('',*,*,#2834,.T.);
#3785=ORIENTED_EDGE('',*,*,#2835,.T.);
#3786=ORIENTED_EDGE('',*,*,#2830,.F.);
#3787=ORIENTED_EDGE('',*,*,#2836,.F.);
#3788=ORIENTED_EDGE('',*,*,#2837,.T.);
#3789=ORIENTED_EDGE('',*,*,#2838,.T.);
#3790=ORIENTED_EDGE('',*,*,#2834,.F.);
#3791=ORIENTED_EDGE('',*,*,#2839,.F.);
#3792=ORIENTED_EDGE('',*,*,#2840,.T.);
#3793=ORIENTED_EDGE('',*,*,#2841,.T.);
#3794=ORIENTED_EDGE('',*,*,#2837,.F.);
#3795=ORIENTED_EDGE('',*,*,#2842,.F.);
#3796=ORIENTED_EDGE('',*,*,#2843,.T.);
#3797=ORIENTED_EDGE('',*,*,#2844,.T.);
#3798=ORIENTED_EDGE('',*,*,#2840,.F.);
#3799=ORIENTED_EDGE('',*,*,#2845,.F.);
#3800=ORIENTED_EDGE('',*,*,#2846,.T.);
#3801=ORIENTED_EDGE('',*,*,#2847,.T.);
#3802=ORIENTED_EDGE('',*,*,#2843,.F.);
#3803=ORIENTED_EDGE('',*,*,#2848,.F.);
#3804=ORIENTED_EDGE('',*,*,#2849,.T.);
#3805=ORIENTED_EDGE('',*,*,#2850,.T.);
#3806=ORIENTED_EDGE('',*,*,#2846,.F.);
#3807=ORIENTED_EDGE('',*,*,#2851,.F.);
#3808=ORIENTED_EDGE('',*,*,#2852,.T.);
#3809=ORIENTED_EDGE('',*,*,#2853,.T.);
#3810=ORIENTED_EDGE('',*,*,#2849,.F.);
#3811=ORIENTED_EDGE('',*,*,#2854,.F.);
#3812=ORIENTED_EDGE('',*,*,#2855,.T.);
#3813=ORIENTED_EDGE('',*,*,#2856,.T.);
#3814=ORIENTED_EDGE('',*,*,#2852,.F.);
#3815=ORIENTED_EDGE('',*,*,#2857,.F.);
#3816=ORIENTED_EDGE('',*,*,#2858,.T.);
#3817=ORIENTED_EDGE('',*,*,#2859,.T.);
#3818=ORIENTED_EDGE('',*,*,#2855,.F.);
#3819=ORIENTED_EDGE('',*,*,#2860,.F.);
#3820=ORIENTED_EDGE('',*,*,#2861,.T.);
#3821=ORIENTED_EDGE('',*,*,#2862,.T.);
#3822=ORIENTED_EDGE('',*,*,#2858,.F.);
#3823=ORIENTED_EDGE('',*,*,#2863,.F.);
#3824=ORIENTED_EDGE('',*,*,#2832,.T.);
#3825=ORIENTED_EDGE('',*,*,#2864,.T.);
#3826=ORIENTED_EDGE('',*,*,#2861,.F.);
#3827=ORIENTED_EDGE('',*,*,#2864,.F.);
#3828=ORIENTED_EDGE('',*,*,#2831,.F.);
#3829=ORIENTED_EDGE('',*,*,#2835,.F.);
#3830=ORIENTED_EDGE('',*,*,#2838,.F.);
#3831=ORIENTED_EDGE('',*,*,#2841,.F.);
#3832=ORIENTED_EDGE('',*,*,#2844,.F.);
#3833=ORIENTED_EDGE('',*,*,#2847,.F.);
#3834=ORIENTED_EDGE('',*,*,#2850,.F.);
#3835=ORIENTED_EDGE('',*,*,#2853,.F.);
#3836=ORIENTED_EDGE('',*,*,#2856,.F.);
#3837=ORIENTED_EDGE('',*,*,#2859,.F.);
#3838=ORIENTED_EDGE('',*,*,#2862,.F.);
#3839=ORIENTED_EDGE('',*,*,#2828,.F.);
#3840=ORIENTED_EDGE('',*,*,#2801,.F.);
#3841=ORIENTED_EDGE('',*,*,#2805,.F.);
#3842=ORIENTED_EDGE('',*,*,#2808,.F.);
#3843=ORIENTED_EDGE('',*,*,#2811,.F.);
#3844=ORIENTED_EDGE('',*,*,#2814,.F.);
#3845=ORIENTED_EDGE('',*,*,#2817,.F.);
#3846=ORIENTED_EDGE('',*,*,#2820,.F.);
#3847=ORIENTED_EDGE('',*,*,#2823,.F.);
#3848=ORIENTED_EDGE('',*,*,#2826,.F.);
#3849=ORIENTED_EDGE('',*,*,#2865,.F.);
#3850=ORIENTED_EDGE('',*,*,#2866,.T.);
#3851=ORIENTED_EDGE('',*,*,#2867,.T.);
#3852=ORIENTED_EDGE('',*,*,#2868,.F.);
#3853=ORIENTED_EDGE('',*,*,#2869,.F.);
#3854=ORIENTED_EDGE('',*,*,#2870,.T.);
#3855=ORIENTED_EDGE('',*,*,#2871,.T.);
#3856=ORIENTED_EDGE('',*,*,#2866,.F.);
#3857=ORIENTED_EDGE('',*,*,#2872,.F.);
#3858=ORIENTED_EDGE('',*,*,#2873,.T.);
#3859=ORIENTED_EDGE('',*,*,#2874,.T.);
#3860=ORIENTED_EDGE('',*,*,#2870,.F.);
#3861=ORIENTED_EDGE('',*,*,#2875,.F.);
#3862=ORIENTED_EDGE('',*,*,#2876,.T.);
#3863=ORIENTED_EDGE('',*,*,#2877,.T.);
#3864=ORIENTED_EDGE('',*,*,#2873,.F.);
#3865=ORIENTED_EDGE('',*,*,#2878,.F.);
#3866=ORIENTED_EDGE('',*,*,#2879,.T.);
#3867=ORIENTED_EDGE('',*,*,#2880,.T.);
#3868=ORIENTED_EDGE('',*,*,#2876,.F.);
#3869=ORIENTED_EDGE('',*,*,#2881,.F.);
#3870=ORIENTED_EDGE('',*,*,#2882,.T.);
#3871=ORIENTED_EDGE('',*,*,#2883,.T.);
#3872=ORIENTED_EDGE('',*,*,#2879,.F.);
#3873=ORIENTED_EDGE('',*,*,#2884,.F.);
#3874=ORIENTED_EDGE('',*,*,#2885,.T.);
#3875=ORIENTED_EDGE('',*,*,#2886,.T.);
#3876=ORIENTED_EDGE('',*,*,#2882,.F.);
#3877=ORIENTED_EDGE('',*,*,#2887,.F.);
#3878=ORIENTED_EDGE('',*,*,#2888,.T.);
#3879=ORIENTED_EDGE('',*,*,#2889,.T.);
#3880=ORIENTED_EDGE('',*,*,#2885,.F.);
#3881=ORIENTED_EDGE('',*,*,#2890,.F.);
#3882=ORIENTED_EDGE('',*,*,#2891,.T.);
#3883=ORIENTED_EDGE('',*,*,#2892,.T.);
#3884=ORIENTED_EDGE('',*,*,#2888,.F.);
#3885=ORIENTED_EDGE('',*,*,#2893,.F.);
#3886=ORIENTED_EDGE('',*,*,#2894,.T.);
#3887=ORIENTED_EDGE('',*,*,#2895,.T.);
#3888=ORIENTED_EDGE('',*,*,#2891,.F.);
#3889=ORIENTED_EDGE('',*,*,#2896,.F.);
#3890=ORIENTED_EDGE('',*,*,#2897,.T.);
#3891=ORIENTED_EDGE('',*,*,#2898,.T.);
#3892=ORIENTED_EDGE('',*,*,#2894,.F.);
#3893=ORIENTED_EDGE('',*,*,#2899,.F.);
#3894=ORIENTED_EDGE('',*,*,#2868,.T.);
#3895=ORIENTED_EDGE('',*,*,#2900,.T.);
#3896=ORIENTED_EDGE('',*,*,#2897,.F.);
#3897=ORIENTED_EDGE('',*,*,#2900,.F.);
#3898=ORIENTED_EDGE('',*,*,#2867,.F.);
#3899=ORIENTED_EDGE('',*,*,#2871,.F.);
#3900=ORIENTED_EDGE('',*,*,#2874,.F.);
#3901=ORIENTED_EDGE('',*,*,#2877,.F.);
#3902=ORIENTED_EDGE('',*,*,#2880,.F.);
#3903=ORIENTED_EDGE('',*,*,#2883,.F.);
#3904=ORIENTED_EDGE('',*,*,#2886,.F.);
#3905=ORIENTED_EDGE('',*,*,#2889,.F.);
#3906=ORIENTED_EDGE('',*,*,#2892,.F.);
#3907=ORIENTED_EDGE('',*,*,#2895,.F.);
#3908=ORIENTED_EDGE('',*,*,#2898,.F.);
#3909=ORIENTED_EDGE('',*,*,#2901,.F.);
#3910=ORIENTED_EDGE('',*,*,#2902,.T.);
#3911=ORIENTED_EDGE('',*,*,#2903,.T.);
#3912=ORIENTED_EDGE('',*,*,#2904,.F.);
#3913=ORIENTED_EDGE('',*,*,#2905,.F.);
#3914=ORIENTED_EDGE('',*,*,#2906,.T.);
#3915=ORIENTED_EDGE('',*,*,#2907,.T.);
#3916=ORIENTED_EDGE('',*,*,#2902,.F.);
#3917=ORIENTED_EDGE('',*,*,#2908,.F.);
#3918=ORIENTED_EDGE('',*,*,#2909,.T.);
#3919=ORIENTED_EDGE('',*,*,#2910,.T.);
#3920=ORIENTED_EDGE('',*,*,#2906,.F.);
#3921=ORIENTED_EDGE('',*,*,#2911,.F.);
#3922=ORIENTED_EDGE('',*,*,#2912,.T.);
#3923=ORIENTED_EDGE('',*,*,#2913,.T.);
#3924=ORIENTED_EDGE('',*,*,#2909,.F.);
#3925=ORIENTED_EDGE('',*,*,#2914,.F.);
#3926=ORIENTED_EDGE('',*,*,#2904,.T.);
#3927=ORIENTED_EDGE('',*,*,#2915,.T.);
#3928=ORIENTED_EDGE('',*,*,#2912,.F.);
#3929=ORIENTED_EDGE('',*,*,#2916,.F.);
#3930=ORIENTED_EDGE('',*,*,#2917,.T.);
#3931=ORIENTED_EDGE('',*,*,#2918,.T.);
#3932=ORIENTED_EDGE('',*,*,#2919,.F.);
#3933=ORIENTED_EDGE('',*,*,#2920,.F.);
#3934=ORIENTED_EDGE('',*,*,#2921,.T.);
#3935=ORIENTED_EDGE('',*,*,#2922,.T.);
#3936=ORIENTED_EDGE('',*,*,#2917,.F.);
#3937=ORIENTED_EDGE('',*,*,#2923,.F.);
#3938=ORIENTED_EDGE('',*,*,#2924,.T.);
#3939=ORIENTED_EDGE('',*,*,#2925,.T.);
#3940=ORIENTED_EDGE('',*,*,#2921,.F.);
#3941=ORIENTED_EDGE('',*,*,#2926,.F.);
#3942=ORIENTED_EDGE('',*,*,#2927,.T.);
#3943=ORIENTED_EDGE('',*,*,#2928,.T.);
#3944=ORIENTED_EDGE('',*,*,#2924,.F.);
#3945=ORIENTED_EDGE('',*,*,#2929,.F.);
#3946=ORIENTED_EDGE('',*,*,#2930,.T.);
#3947=ORIENTED_EDGE('',*,*,#2931,.T.);
#3948=ORIENTED_EDGE('',*,*,#2927,.F.);
#3949=ORIENTED_EDGE('',*,*,#2932,.F.);
#3950=ORIENTED_EDGE('',*,*,#2933,.T.);
#3951=ORIENTED_EDGE('',*,*,#2934,.T.);
#3952=ORIENTED_EDGE('',*,*,#2930,.F.);
#3953=ORIENTED_EDGE('',*,*,#2935,.F.);
#3954=ORIENTED_EDGE('',*,*,#2936,.T.);
#3955=ORIENTED_EDGE('',*,*,#2937,.T.);
#3956=ORIENTED_EDGE('',*,*,#2933,.F.);
#3957=ORIENTED_EDGE('',*,*,#2938,.F.);
#3958=ORIENTED_EDGE('',*,*,#2919,.T.);
#3959=ORIENTED_EDGE('',*,*,#2939,.T.);
#3960=ORIENTED_EDGE('',*,*,#2936,.F.);
#3961=ORIENTED_EDGE('',*,*,#2939,.F.);
#3962=ORIENTED_EDGE('',*,*,#2918,.F.);
#3963=ORIENTED_EDGE('',*,*,#2922,.F.);
#3964=ORIENTED_EDGE('',*,*,#2925,.F.);
#3965=ORIENTED_EDGE('',*,*,#2928,.F.);
#3966=ORIENTED_EDGE('',*,*,#2931,.F.);
#3967=ORIENTED_EDGE('',*,*,#2934,.F.);
#3968=ORIENTED_EDGE('',*,*,#2937,.F.);
#3969=ORIENTED_EDGE('',*,*,#2915,.F.);
#3970=ORIENTED_EDGE('',*,*,#2903,.F.);
#3971=ORIENTED_EDGE('',*,*,#2907,.F.);
#3972=ORIENTED_EDGE('',*,*,#2910,.F.);
#3973=ORIENTED_EDGE('',*,*,#2913,.F.);
#3974=ORIENTED_EDGE('',*,*,#2940,.F.);
#3975=ORIENTED_EDGE('',*,*,#2941,.T.);
#3976=ORIENTED_EDGE('',*,*,#2942,.T.);
#3977=ORIENTED_EDGE('',*,*,#2943,.F.);
#3978=ORIENTED_EDGE('',*,*,#2944,.F.);
#3979=ORIENTED_EDGE('',*,*,#2945,.T.);
#3980=ORIENTED_EDGE('',*,*,#2946,.T.);
#3981=ORIENTED_EDGE('',*,*,#2941,.F.);
#3982=ORIENTED_EDGE('',*,*,#2947,.F.);
#3983=ORIENTED_EDGE('',*,*,#2948,.T.);
#3984=ORIENTED_EDGE('',*,*,#2949,.T.);
#3985=ORIENTED_EDGE('',*,*,#2945,.F.);
#3986=ORIENTED_EDGE('',*,*,#2950,.F.);
#3987=ORIENTED_EDGE('',*,*,#2951,.T.);
#3988=ORIENTED_EDGE('',*,*,#2952,.T.);
#3989=ORIENTED_EDGE('',*,*,#2948,.F.);
#3990=ORIENTED_EDGE('',*,*,#2953,.F.);
#3991=ORIENTED_EDGE('',*,*,#2954,.T.);
#3992=ORIENTED_EDGE('',*,*,#2955,.T.);
#3993=ORIENTED_EDGE('',*,*,#2951,.F.);
#3994=ORIENTED_EDGE('',*,*,#2956,.F.);
#3995=ORIENTED_EDGE('',*,*,#2957,.T.);
#3996=ORIENTED_EDGE('',*,*,#2958,.T.);
#3997=ORIENTED_EDGE('',*,*,#2954,.F.);
#3998=ORIENTED_EDGE('',*,*,#2959,.F.);
#3999=ORIENTED_EDGE('',*,*,#2960,.T.);
#4000=ORIENTED_EDGE('',*,*,#2961,.T.);
#4001=ORIENTED_EDGE('',*,*,#2957,.F.);
#4002=ORIENTED_EDGE('',*,*,#2962,.F.);
#4003=ORIENTED_EDGE('',*,*,#2943,.T.);
#4004=ORIENTED_EDGE('',*,*,#2963,.T.);
#4005=ORIENTED_EDGE('',*,*,#2960,.F.);
#4006=ORIENTED_EDGE('',*,*,#2964,.F.);
#4007=ORIENTED_EDGE('',*,*,#2965,.T.);
#4008=ORIENTED_EDGE('',*,*,#2966,.T.);
#4009=ORIENTED_EDGE('',*,*,#2967,.F.);
#4010=ORIENTED_EDGE('',*,*,#2968,.F.);
#4011=ORIENTED_EDGE('',*,*,#2969,.T.);
#4012=ORIENTED_EDGE('',*,*,#2970,.T.);
#4013=ORIENTED_EDGE('',*,*,#2965,.F.);
#4014=ORIENTED_EDGE('',*,*,#2971,.F.);
#4015=ORIENTED_EDGE('',*,*,#2972,.T.);
#4016=ORIENTED_EDGE('',*,*,#2973,.T.);
#4017=ORIENTED_EDGE('',*,*,#2969,.F.);
#4018=ORIENTED_EDGE('',*,*,#2974,.F.);
#4019=ORIENTED_EDGE('',*,*,#2975,.T.);
#4020=ORIENTED_EDGE('',*,*,#2976,.T.);
#4021=ORIENTED_EDGE('',*,*,#2972,.F.);
#4022=ORIENTED_EDGE('',*,*,#2977,.F.);
#4023=ORIENTED_EDGE('',*,*,#2978,.T.);
#4024=ORIENTED_EDGE('',*,*,#2979,.T.);
#4025=ORIENTED_EDGE('',*,*,#2975,.F.);
#4026=ORIENTED_EDGE('',*,*,#2980,.F.);
#4027=ORIENTED_EDGE('',*,*,#2981,.T.);
#4028=ORIENTED_EDGE('',*,*,#2982,.T.);
#4029=ORIENTED_EDGE('',*,*,#2978,.F.);
#4030=ORIENTED_EDGE('',*,*,#2983,.F.);
#4031=ORIENTED_EDGE('',*,*,#2984,.T.);
#4032=ORIENTED_EDGE('',*,*,#2985,.T.);
#4033=ORIENTED_EDGE('',*,*,#2981,.F.);
#4034=ORIENTED_EDGE('',*,*,#2986,.F.);
#4035=ORIENTED_EDGE('',*,*,#2987,.T.);
#4036=ORIENTED_EDGE('',*,*,#2988,.T.);
#4037=ORIENTED_EDGE('',*,*,#2984,.F.);
#4038=ORIENTED_EDGE('',*,*,#2989,.F.);
#4039=ORIENTED_EDGE('',*,*,#2990,.T.);
#4040=ORIENTED_EDGE('',*,*,#2991,.T.);
#4041=ORIENTED_EDGE('',*,*,#2987,.F.);
#4042=ORIENTED_EDGE('',*,*,#2992,.F.);
#4043=ORIENTED_EDGE('',*,*,#2993,.T.);
#4044=ORIENTED_EDGE('',*,*,#2994,.T.);
#4045=ORIENTED_EDGE('',*,*,#2990,.F.);
#4046=ORIENTED_EDGE('',*,*,#2995,.F.);
#4047=ORIENTED_EDGE('',*,*,#2996,.T.);
#4048=ORIENTED_EDGE('',*,*,#2997,.T.);
#4049=ORIENTED_EDGE('',*,*,#2993,.F.);
#4050=ORIENTED_EDGE('',*,*,#2998,.F.);
#4051=ORIENTED_EDGE('',*,*,#2999,.T.);
#4052=ORIENTED_EDGE('',*,*,#3000,.T.);
#4053=ORIENTED_EDGE('',*,*,#2996,.F.);
#4054=ORIENTED_EDGE('',*,*,#3001,.F.);
#4055=ORIENTED_EDGE('',*,*,#3002,.T.);
#4056=ORIENTED_EDGE('',*,*,#3003,.T.);
#4057=ORIENTED_EDGE('',*,*,#2999,.F.);
#4058=ORIENTED_EDGE('',*,*,#3004,.F.);
#4059=ORIENTED_EDGE('',*,*,#3005,.T.);
#4060=ORIENTED_EDGE('',*,*,#3006,.T.);
#4061=ORIENTED_EDGE('',*,*,#3002,.F.);
#4062=ORIENTED_EDGE('',*,*,#3007,.F.);
#4063=ORIENTED_EDGE('',*,*,#3008,.T.);
#4064=ORIENTED_EDGE('',*,*,#3009,.T.);
#4065=ORIENTED_EDGE('',*,*,#3005,.F.);
#4066=ORIENTED_EDGE('',*,*,#3010,.F.);
#4067=ORIENTED_EDGE('',*,*,#3011,.T.);
#4068=ORIENTED_EDGE('',*,*,#3012,.T.);
#4069=ORIENTED_EDGE('',*,*,#3008,.F.);
#4070=ORIENTED_EDGE('',*,*,#3013,.F.);
#4071=ORIENTED_EDGE('',*,*,#3014,.T.);
#4072=ORIENTED_EDGE('',*,*,#3015,.T.);
#4073=ORIENTED_EDGE('',*,*,#3011,.F.);
#4074=ORIENTED_EDGE('',*,*,#3016,.F.);
#4075=ORIENTED_EDGE('',*,*,#3017,.T.);
#4076=ORIENTED_EDGE('',*,*,#3018,.T.);
#4077=ORIENTED_EDGE('',*,*,#3014,.F.);
#4078=ORIENTED_EDGE('',*,*,#3019,.F.);
#4079=ORIENTED_EDGE('',*,*,#2967,.T.);
#4080=ORIENTED_EDGE('',*,*,#3020,.T.);
#4081=ORIENTED_EDGE('',*,*,#3017,.F.);
#4082=ORIENTED_EDGE('',*,*,#3020,.F.);
#4083=ORIENTED_EDGE('',*,*,#2966,.F.);
#4084=ORIENTED_EDGE('',*,*,#2970,.F.);
#4085=ORIENTED_EDGE('',*,*,#2973,.F.);
#4086=ORIENTED_EDGE('',*,*,#2976,.F.);
#4087=ORIENTED_EDGE('',*,*,#2979,.F.);
#4088=ORIENTED_EDGE('',*,*,#2982,.F.);
#4089=ORIENTED_EDGE('',*,*,#2985,.F.);
#4090=ORIENTED_EDGE('',*,*,#2988,.F.);
#4091=ORIENTED_EDGE('',*,*,#2991,.F.);
#4092=ORIENTED_EDGE('',*,*,#2994,.F.);
#4093=ORIENTED_EDGE('',*,*,#2997,.F.);
#4094=ORIENTED_EDGE('',*,*,#3000,.F.);
#4095=ORIENTED_EDGE('',*,*,#3003,.F.);
#4096=ORIENTED_EDGE('',*,*,#3006,.F.);
#4097=ORIENTED_EDGE('',*,*,#3009,.F.);
#4098=ORIENTED_EDGE('',*,*,#3012,.F.);
#4099=ORIENTED_EDGE('',*,*,#3015,.F.);
#4100=ORIENTED_EDGE('',*,*,#3018,.F.);
#4101=ORIENTED_EDGE('',*,*,#2963,.F.);
#4102=ORIENTED_EDGE('',*,*,#2942,.F.);
#4103=ORIENTED_EDGE('',*,*,#2946,.F.);
#4104=ORIENTED_EDGE('',*,*,#2949,.F.);
#4105=ORIENTED_EDGE('',*,*,#2952,.F.);
#4106=ORIENTED_EDGE('',*,*,#2955,.F.);
#4107=ORIENTED_EDGE('',*,*,#2958,.F.);
#4108=ORIENTED_EDGE('',*,*,#2961,.F.);
#4109=ORIENTED_EDGE('',*,*,#3021,.F.);
#4110=ORIENTED_EDGE('',*,*,#3022,.T.);
#4111=ORIENTED_EDGE('',*,*,#3023,.T.);
#4112=ORIENTED_EDGE('',*,*,#3024,.F.);
#4113=ORIENTED_EDGE('',*,*,#3025,.F.);
#4114=ORIENTED_EDGE('',*,*,#3026,.T.);
#4115=ORIENTED_EDGE('',*,*,#3027,.T.);
#4116=ORIENTED_EDGE('',*,*,#3022,.F.);
#4117=ORIENTED_EDGE('',*,*,#3028,.F.);
#4118=ORIENTED_EDGE('',*,*,#3029,.T.);
#4119=ORIENTED_EDGE('',*,*,#3030,.T.);
#4120=ORIENTED_EDGE('',*,*,#3026,.F.);
#4121=ORIENTED_EDGE('',*,*,#3031,.F.);
#4122=ORIENTED_EDGE('',*,*,#3032,.T.);
#4123=ORIENTED_EDGE('',*,*,#3033,.T.);
#4124=ORIENTED_EDGE('',*,*,#3029,.F.);
#4125=ORIENTED_EDGE('',*,*,#3034,.F.);
#4126=ORIENTED_EDGE('',*,*,#3035,.T.);
#4127=ORIENTED_EDGE('',*,*,#3036,.T.);
#4128=ORIENTED_EDGE('',*,*,#3032,.F.);
#4129=ORIENTED_EDGE('',*,*,#3037,.F.);
#4130=ORIENTED_EDGE('',*,*,#3038,.T.);
#4131=ORIENTED_EDGE('',*,*,#3039,.T.);
#4132=ORIENTED_EDGE('',*,*,#3035,.F.);
#4133=ORIENTED_EDGE('',*,*,#3040,.F.);
#4134=ORIENTED_EDGE('',*,*,#3041,.T.);
#4135=ORIENTED_EDGE('',*,*,#3042,.T.);
#4136=ORIENTED_EDGE('',*,*,#3038,.F.);
#4137=ORIENTED_EDGE('',*,*,#3043,.F.);
#4138=ORIENTED_EDGE('',*,*,#3044,.T.);
#4139=ORIENTED_EDGE('',*,*,#3045,.T.);
#4140=ORIENTED_EDGE('',*,*,#3041,.F.);
#4141=ORIENTED_EDGE('',*,*,#3046,.F.);
#4142=ORIENTED_EDGE('',*,*,#3047,.T.);
#4143=ORIENTED_EDGE('',*,*,#3048,.T.);
#4144=ORIENTED_EDGE('',*,*,#3044,.F.);
#4145=ORIENTED_EDGE('',*,*,#3049,.F.);
#4146=ORIENTED_EDGE('',*,*,#3050,.T.);
#4147=ORIENTED_EDGE('',*,*,#3051,.T.);
#4148=ORIENTED_EDGE('',*,*,#3047,.F.);
#4149=ORIENTED_EDGE('',*,*,#3052,.F.);
#4150=ORIENTED_EDGE('',*,*,#3053,.T.);
#4151=ORIENTED_EDGE('',*,*,#3054,.T.);
#4152=ORIENTED_EDGE('',*,*,#3050,.F.);
#4153=ORIENTED_EDGE('',*,*,#3055,.F.);
#4154=ORIENTED_EDGE('',*,*,#3056,.T.);
#4155=ORIENTED_EDGE('',*,*,#3057,.T.);
#4156=ORIENTED_EDGE('',*,*,#3053,.F.);
#4157=ORIENTED_EDGE('',*,*,#3058,.F.);
#4158=ORIENTED_EDGE('',*,*,#3059,.T.);
#4159=ORIENTED_EDGE('',*,*,#3060,.T.);
#4160=ORIENTED_EDGE('',*,*,#3056,.F.);
#4161=ORIENTED_EDGE('',*,*,#3061,.F.);
#4162=ORIENTED_EDGE('',*,*,#3062,.T.);
#4163=ORIENTED_EDGE('',*,*,#3063,.T.);
#4164=ORIENTED_EDGE('',*,*,#3059,.F.);
#4165=ORIENTED_EDGE('',*,*,#3064,.F.);
#4166=ORIENTED_EDGE('',*,*,#3065,.T.);
#4167=ORIENTED_EDGE('',*,*,#3066,.T.);
#4168=ORIENTED_EDGE('',*,*,#3062,.F.);
#4169=ORIENTED_EDGE('',*,*,#3067,.F.);
#4170=ORIENTED_EDGE('',*,*,#3068,.T.);
#4171=ORIENTED_EDGE('',*,*,#3069,.T.);
#4172=ORIENTED_EDGE('',*,*,#3065,.F.);
#4173=ORIENTED_EDGE('',*,*,#3070,.F.);
#4174=ORIENTED_EDGE('',*,*,#3071,.T.);
#4175=ORIENTED_EDGE('',*,*,#3072,.T.);
#4176=ORIENTED_EDGE('',*,*,#3068,.F.);
#4177=ORIENTED_EDGE('',*,*,#3073,.F.);
#4178=ORIENTED_EDGE('',*,*,#3074,.T.);
#4179=ORIENTED_EDGE('',*,*,#3075,.T.);
#4180=ORIENTED_EDGE('',*,*,#3071,.F.);
#4181=ORIENTED_EDGE('',*,*,#3076,.F.);
#4182=ORIENTED_EDGE('',*,*,#3077,.T.);
#4183=ORIENTED_EDGE('',*,*,#3078,.T.);
#4184=ORIENTED_EDGE('',*,*,#3074,.F.);
#4185=ORIENTED_EDGE('',*,*,#3079,.F.);
#4186=ORIENTED_EDGE('',*,*,#3080,.T.);
#4187=ORIENTED_EDGE('',*,*,#3081,.T.);
#4188=ORIENTED_EDGE('',*,*,#3077,.F.);
#4189=ORIENTED_EDGE('',*,*,#3082,.F.);
#4190=ORIENTED_EDGE('',*,*,#3083,.T.);
#4191=ORIENTED_EDGE('',*,*,#3084,.T.);
#4192=ORIENTED_EDGE('',*,*,#3080,.F.);
#4193=ORIENTED_EDGE('',*,*,#3085,.F.);
#4194=ORIENTED_EDGE('',*,*,#3086,.T.);
#4195=ORIENTED_EDGE('',*,*,#3087,.T.);
#4196=ORIENTED_EDGE('',*,*,#3083,.F.);
#4197=ORIENTED_EDGE('',*,*,#3088,.F.);
#4198=ORIENTED_EDGE('',*,*,#3089,.T.);
#4199=ORIENTED_EDGE('',*,*,#3090,.T.);
#4200=ORIENTED_EDGE('',*,*,#3086,.F.);
#4201=ORIENTED_EDGE('',*,*,#3091,.F.);
#4202=ORIENTED_EDGE('',*,*,#3092,.T.);
#4203=ORIENTED_EDGE('',*,*,#3093,.T.);
#4204=ORIENTED_EDGE('',*,*,#3089,.F.);
#4205=ORIENTED_EDGE('',*,*,#3094,.F.);
#4206=ORIENTED_EDGE('',*,*,#3095,.T.);
#4207=ORIENTED_EDGE('',*,*,#3096,.T.);
#4208=ORIENTED_EDGE('',*,*,#3092,.F.);
#4209=ORIENTED_EDGE('',*,*,#3097,.F.);
#4210=ORIENTED_EDGE('',*,*,#3098,.T.);
#4211=ORIENTED_EDGE('',*,*,#3099,.T.);
#4212=ORIENTED_EDGE('',*,*,#3095,.F.);
#4213=ORIENTED_EDGE('',*,*,#3100,.F.);
#4214=ORIENTED_EDGE('',*,*,#3101,.T.);
#4215=ORIENTED_EDGE('',*,*,#3102,.T.);
#4216=ORIENTED_EDGE('',*,*,#3098,.F.);
#4217=ORIENTED_EDGE('',*,*,#3103,.F.);
#4218=ORIENTED_EDGE('',*,*,#3104,.T.);
#4219=ORIENTED_EDGE('',*,*,#3105,.T.);
#4220=ORIENTED_EDGE('',*,*,#3101,.F.);
#4221=ORIENTED_EDGE('',*,*,#3106,.F.);
#4222=ORIENTED_EDGE('',*,*,#3024,.T.);
#4223=ORIENTED_EDGE('',*,*,#3107,.T.);
#4224=ORIENTED_EDGE('',*,*,#3104,.F.);
#4225=ORIENTED_EDGE('',*,*,#3107,.F.);
#4226=ORIENTED_EDGE('',*,*,#3023,.F.);
#4227=ORIENTED_EDGE('',*,*,#3027,.F.);
#4228=ORIENTED_EDGE('',*,*,#3030,.F.);
#4229=ORIENTED_EDGE('',*,*,#3033,.F.);
#4230=ORIENTED_EDGE('',*,*,#3036,.F.);
#4231=ORIENTED_EDGE('',*,*,#3039,.F.);
#4232=ORIENTED_EDGE('',*,*,#3042,.F.);
#4233=ORIENTED_EDGE('',*,*,#3045,.F.);
#4234=ORIENTED_EDGE('',*,*,#3048,.F.);
#4235=ORIENTED_EDGE('',*,*,#3051,.F.);
#4236=ORIENTED_EDGE('',*,*,#3054,.F.);
#4237=ORIENTED_EDGE('',*,*,#3057,.F.);
#4238=ORIENTED_EDGE('',*,*,#3060,.F.);
#4239=ORIENTED_EDGE('',*,*,#3063,.F.);
#4240=ORIENTED_EDGE('',*,*,#3066,.F.);
#4241=ORIENTED_EDGE('',*,*,#3069,.F.);
#4242=ORIENTED_EDGE('',*,*,#3072,.F.);
#4243=ORIENTED_EDGE('',*,*,#3075,.F.);
#4244=ORIENTED_EDGE('',*,*,#3078,.F.);
#4245=ORIENTED_EDGE('',*,*,#3081,.F.);
#4246=ORIENTED_EDGE('',*,*,#3084,.F.);
#4247=ORIENTED_EDGE('',*,*,#3087,.F.);
#4248=ORIENTED_EDGE('',*,*,#3090,.F.);
#4249=ORIENTED_EDGE('',*,*,#3093,.F.);
#4250=ORIENTED_EDGE('',*,*,#3096,.F.);
#4251=ORIENTED_EDGE('',*,*,#3099,.F.);
#4252=ORIENTED_EDGE('',*,*,#3102,.F.);
#4253=ORIENTED_EDGE('',*,*,#3105,.F.);
#4254=ORIENTED_EDGE('',*,*,#3108,.F.);
#4255=ORIENTED_EDGE('',*,*,#3109,.T.);
#4256=ORIENTED_EDGE('',*,*,#3110,.T.);
#4257=ORIENTED_EDGE('',*,*,#3111,.F.);
#4258=ORIENTED_EDGE('',*,*,#3112,.F.);
#4259=ORIENTED_EDGE('',*,*,#3113,.T.);
#4260=ORIENTED_EDGE('',*,*,#3114,.T.);
#4261=ORIENTED_EDGE('',*,*,#3109,.F.);
#4262=ORIENTED_EDGE('',*,*,#3115,.F.);
#4263=ORIENTED_EDGE('',*,*,#3116,.T.);
#4264=ORIENTED_EDGE('',*,*,#3117,.T.);
#4265=ORIENTED_EDGE('',*,*,#3113,.F.);
#4266=ORIENTED_EDGE('',*,*,#3118,.F.);
#4267=ORIENTED_EDGE('',*,*,#3119,.T.);
#4268=ORIENTED_EDGE('',*,*,#3120,.T.);
#4269=ORIENTED_EDGE('',*,*,#3116,.F.);
#4270=ORIENTED_EDGE('',*,*,#3121,.F.);
#4271=ORIENTED_EDGE('',*,*,#3122,.T.);
#4272=ORIENTED_EDGE('',*,*,#3123,.T.);
#4273=ORIENTED_EDGE('',*,*,#3119,.F.);
#4274=ORIENTED_EDGE('',*,*,#3124,.F.);
#4275=ORIENTED_EDGE('',*,*,#3125,.T.);
#4276=ORIENTED_EDGE('',*,*,#3126,.T.);
#4277=ORIENTED_EDGE('',*,*,#3122,.F.);
#4278=ORIENTED_EDGE('',*,*,#3127,.F.);
#4279=ORIENTED_EDGE('',*,*,#3128,.T.);
#4280=ORIENTED_EDGE('',*,*,#3129,.T.);
#4281=ORIENTED_EDGE('',*,*,#3125,.F.);
#4282=ORIENTED_EDGE('',*,*,#3130,.F.);
#4283=ORIENTED_EDGE('',*,*,#3111,.T.);
#4284=ORIENTED_EDGE('',*,*,#3131,.T.);
#4285=ORIENTED_EDGE('',*,*,#3128,.F.);
#4286=ORIENTED_EDGE('',*,*,#3131,.F.);
#4287=ORIENTED_EDGE('',*,*,#3110,.F.);
#4288=ORIENTED_EDGE('',*,*,#3114,.F.);
#4289=ORIENTED_EDGE('',*,*,#3117,.F.);
#4290=ORIENTED_EDGE('',*,*,#3120,.F.);
#4291=ORIENTED_EDGE('',*,*,#3123,.F.);
#4292=ORIENTED_EDGE('',*,*,#3126,.F.);
#4293=ORIENTED_EDGE('',*,*,#3129,.F.);
#4294=ORIENTED_EDGE('',*,*,#2940,.T.);
#4295=ORIENTED_EDGE('',*,*,#2962,.T.);
#4296=ORIENTED_EDGE('',*,*,#2959,.T.);
#4297=ORIENTED_EDGE('',*,*,#2956,.T.);
#4298=ORIENTED_EDGE('',*,*,#2953,.T.);
#4299=ORIENTED_EDGE('',*,*,#2950,.T.);
#4300=ORIENTED_EDGE('',*,*,#2947,.T.);
#4301=ORIENTED_EDGE('',*,*,#2944,.T.);
#4302=ORIENTED_EDGE('',*,*,#2901,.T.);
#4303=ORIENTED_EDGE('',*,*,#2914,.T.);
#4304=ORIENTED_EDGE('',*,*,#2911,.T.);
#4305=ORIENTED_EDGE('',*,*,#2908,.T.);
#4306=ORIENTED_EDGE('',*,*,#2905,.T.);
#4307=ORIENTED_EDGE('',*,*,#2799,.T.);
#4308=ORIENTED_EDGE('',*,*,#2827,.T.);
#4309=ORIENTED_EDGE('',*,*,#2824,.T.);
#4310=ORIENTED_EDGE('',*,*,#2821,.T.);
#4311=ORIENTED_EDGE('',*,*,#2818,.T.);
#4312=ORIENTED_EDGE('',*,*,#2815,.T.);
#4313=ORIENTED_EDGE('',*,*,#2812,.T.);
#4314=ORIENTED_EDGE('',*,*,#2809,.T.);
#4315=ORIENTED_EDGE('',*,*,#2806,.T.);
#4316=ORIENTED_EDGE('',*,*,#2803,.T.);
#4317=ORIENTED_EDGE('',*,*,#2718,.T.);
#4318=ORIENTED_EDGE('',*,*,#2740,.T.);
#4319=ORIENTED_EDGE('',*,*,#2737,.T.);
#4320=ORIENTED_EDGE('',*,*,#2734,.T.);
#4321=ORIENTED_EDGE('',*,*,#2731,.T.);
#4322=ORIENTED_EDGE('',*,*,#2728,.T.);
#4323=ORIENTED_EDGE('',*,*,#2725,.T.);
#4324=ORIENTED_EDGE('',*,*,#2722,.T.);
#4325=ORIENTED_EDGE('',*,*,#3132,.F.);
#4326=ORIENTED_EDGE('',*,*,#3133,.F.);
#4327=ORIENTED_EDGE('',*,*,#3134,.F.);
#4328=ORIENTED_EDGE('',*,*,#3135,.F.);
#4329=ORIENTED_EDGE('',*,*,#3136,.F.);
#4330=ORIENTED_EDGE('',*,*,#3137,.F.);
#4331=ORIENTED_EDGE('',*,*,#3138,.F.);
#4332=ORIENTED_EDGE('',*,*,#3139,.F.);
#4333=ORIENTED_EDGE('',*,*,#3135,.T.);
#4334=ORIENTED_EDGE('',*,*,#3140,.F.);
#4335=ORIENTED_EDGE('',*,*,#2540,.F.);
#4336=ORIENTED_EDGE('',*,*,#3141,.F.);
#4337=ORIENTED_EDGE('',*,*,#3134,.T.);
#4338=ORIENTED_EDGE('',*,*,#3142,.F.);
#4339=ORIENTED_EDGE('',*,*,#2541,.F.);
#4340=ORIENTED_EDGE('',*,*,#3140,.T.);
#4341=ORIENTED_EDGE('',*,*,#3143,.T.);
#4342=ORIENTED_EDGE('',*,*,#3144,.T.);
#4343=ORIENTED_EDGE('',*,*,#3145,.T.);
#4344=ORIENTED_EDGE('',*,*,#3146,.T.);
#4345=ORIENTED_EDGE('',*,*,#3147,.T.);
#4346=ORIENTED_EDGE('',*,*,#3148,.T.);
#4347=ORIENTED_EDGE('',*,*,#3149,.T.);
#4348=ORIENTED_EDGE('',*,*,#3150,.T.);
#4349=ORIENTED_EDGE('',*,*,#3133,.T.);
#4350=ORIENTED_EDGE('',*,*,#3151,.F.);
#4351=ORIENTED_EDGE('',*,*,#3152,.F.);
#4352=ORIENTED_EDGE('',*,*,#2542,.F.);
#4353=ORIENTED_EDGE('',*,*,#3142,.T.);
#4354=ORIENTED_EDGE('',*,*,#3132,.T.);
#4355=ORIENTED_EDGE('',*,*,#3153,.T.);
#4356=ORIENTED_EDGE('',*,*,#3154,.F.);
#4357=ORIENTED_EDGE('',*,*,#3155,.T.);
#4358=ORIENTED_EDGE('',*,*,#3156,.T.);
#4359=ORIENTED_EDGE('',*,*,#3151,.T.);
#4360=ORIENTED_EDGE('',*,*,#3157,.T.);
#4361=ORIENTED_EDGE('',*,*,#3158,.F.);
#4362=ORIENTED_EDGE('',*,*,#3159,.T.);
#4363=ORIENTED_EDGE('',*,*,#3160,.T.);
#4364=ORIENTED_EDGE('',*,*,#3161,.T.);
#4365=ORIENTED_EDGE('',*,*,#2545,.T.);
#4366=ORIENTED_EDGE('',*,*,#3162,.T.);
#4367=ORIENTED_EDGE('',*,*,#3160,.F.);
#4368=ORIENTED_EDGE('',*,*,#3157,.F.);
#4369=ORIENTED_EDGE('',*,*,#3162,.F.);
#4370=ORIENTED_EDGE('',*,*,#2544,.F.);
#4371=ORIENTED_EDGE('',*,*,#3163,.F.);
#4372=ORIENTED_EDGE('',*,*,#3164,.T.);
#4373=ORIENTED_EDGE('',*,*,#3165,.T.);
#4374=ORIENTED_EDGE('',*,*,#3166,.T.);
#4375=ORIENTED_EDGE('',*,*,#3167,.T.);
#4376=ORIENTED_EDGE('',*,*,#3168,.T.);
#4377=ORIENTED_EDGE('',*,*,#2547,.T.);
#4378=ORIENTED_EDGE('',*,*,#3169,.T.);
#4379=ORIENTED_EDGE('',*,*,#3167,.F.);
#4380=ORIENTED_EDGE('',*,*,#3159,.F.);
#4381=ORIENTED_EDGE('',*,*,#3170,.F.);
#4382=ORIENTED_EDGE('',*,*,#3164,.F.);
#4383=ORIENTED_EDGE('',*,*,#3171,.F.);
#4384=ORIENTED_EDGE('',*,*,#3161,.F.);
#4385=ORIENTED_EDGE('',*,*,#3171,.T.);
#4386=ORIENTED_EDGE('',*,*,#3169,.F.);
#4387=ORIENTED_EDGE('',*,*,#2546,.F.);
#4388=ORIENTED_EDGE('',*,*,#3172,.T.);
#4389=ORIENTED_EDGE('',*,*,#3173,.F.);
#4390=ORIENTED_EDGE('',*,*,#3174,.T.);
#4391=ORIENTED_EDGE('',*,*,#3175,.T.);
#4392=ORIENTED_EDGE('',*,*,#3176,.T.);
#4393=ORIENTED_EDGE('',*,*,#2551,.T.);
#4394=ORIENTED_EDGE('',*,*,#3177,.T.);
#4395=ORIENTED_EDGE('',*,*,#3175,.F.);
#4396=ORIENTED_EDGE('',*,*,#3172,.F.);
#4397=ORIENTED_EDGE('',*,*,#3178,.F.);
#4398=ORIENTED_EDGE('',*,*,#3179,.F.);
#4399=ORIENTED_EDGE('',*,*,#3180,.F.);
#4400=ORIENTED_EDGE('',*,*,#3177,.F.);
#4401=ORIENTED_EDGE('',*,*,#2550,.F.);
#4402=ORIENTED_EDGE('',*,*,#3181,.F.);
#4403=ORIENTED_EDGE('',*,*,#3178,.T.);
#4404=ORIENTED_EDGE('',*,*,#3181,.T.);
#4405=ORIENTED_EDGE('',*,*,#2549,.T.);
#4406=ORIENTED_EDGE('',*,*,#3182,.T.);
#4407=ORIENTED_EDGE('',*,*,#3183,.T.);
#4408=ORIENTED_EDGE('',*,*,#3184,.T.);
#4409=ORIENTED_EDGE('',*,*,#3185,.T.);
#4410=ORIENTED_EDGE('',*,*,#3179,.T.);
#4411=ORIENTED_EDGE('',*,*,#3183,.F.);
#4412=ORIENTED_EDGE('',*,*,#3186,.T.);
#4413=ORIENTED_EDGE('',*,*,#3187,.T.);
#4414=ORIENTED_EDGE('',*,*,#3188,.T.);
#4415=ORIENTED_EDGE('',*,*,#3184,.F.);
#4416=ORIENTED_EDGE('',*,*,#3182,.F.);
#4417=ORIENTED_EDGE('',*,*,#2548,.F.);
#4418=ORIENTED_EDGE('',*,*,#3168,.F.);
#4419=ORIENTED_EDGE('',*,*,#3166,.F.);
#4420=ORIENTED_EDGE('',*,*,#3174,.F.);
#4421=ORIENTED_EDGE('',*,*,#3189,.F.);
#4422=ORIENTED_EDGE('',*,*,#2534,.F.);
#4423=ORIENTED_EDGE('',*,*,#3176,.F.);
#4424=ORIENTED_EDGE('',*,*,#3163,.T.);
#4425=ORIENTED_EDGE('',*,*,#2543,.F.);
#4426=ORIENTED_EDGE('',*,*,#3152,.T.);
#4427=ORIENTED_EDGE('',*,*,#3190,.F.);
#4428=ORIENTED_EDGE('',*,*,#3158,.T.);
#4429=ORIENTED_EDGE('',*,*,#2506,.F.);
#4430=ORIENTED_EDGE('',*,*,#3191,.T.);
#4431=ORIENTED_EDGE('',*,*,#2517,.F.);
#4432=ORIENTED_EDGE('',*,*,#2513,.F.);
#4433=ORIENTED_EDGE('',*,*,#3108,.T.);
#4434=ORIENTED_EDGE('',*,*,#3130,.T.);
#4435=ORIENTED_EDGE('',*,*,#3127,.T.);
#4436=ORIENTED_EDGE('',*,*,#3124,.T.);
#4437=ORIENTED_EDGE('',*,*,#3121,.T.);
#4438=ORIENTED_EDGE('',*,*,#3118,.T.);
#4439=ORIENTED_EDGE('',*,*,#3115,.T.);
#4440=ORIENTED_EDGE('',*,*,#3112,.T.);
#4441=ORIENTED_EDGE('',*,*,#3021,.T.);
#4442=ORIENTED_EDGE('',*,*,#3106,.T.);
#4443=ORIENTED_EDGE('',*,*,#3103,.T.);
#4444=ORIENTED_EDGE('',*,*,#3100,.T.);
#4445=ORIENTED_EDGE('',*,*,#3097,.T.);
#4446=ORIENTED_EDGE('',*,*,#3094,.T.);
#4447=ORIENTED_EDGE('',*,*,#3091,.T.);
#4448=ORIENTED_EDGE('',*,*,#3088,.T.);
#4449=ORIENTED_EDGE('',*,*,#3085,.T.);
#4450=ORIENTED_EDGE('',*,*,#3082,.T.);
#4451=ORIENTED_EDGE('',*,*,#3079,.T.);
#4452=ORIENTED_EDGE('',*,*,#3076,.T.);
#4453=ORIENTED_EDGE('',*,*,#3073,.T.);
#4454=ORIENTED_EDGE('',*,*,#3070,.T.);
#4455=ORIENTED_EDGE('',*,*,#3067,.T.);
#4456=ORIENTED_EDGE('',*,*,#3064,.T.);
#4457=ORIENTED_EDGE('',*,*,#3061,.T.);
#4458=ORIENTED_EDGE('',*,*,#3058,.T.);
#4459=ORIENTED_EDGE('',*,*,#3055,.T.);
#4460=ORIENTED_EDGE('',*,*,#3052,.T.);
#4461=ORIENTED_EDGE('',*,*,#3049,.T.);
#4462=ORIENTED_EDGE('',*,*,#3046,.T.);
#4463=ORIENTED_EDGE('',*,*,#3043,.T.);
#4464=ORIENTED_EDGE('',*,*,#3040,.T.);
#4465=ORIENTED_EDGE('',*,*,#3037,.T.);
#4466=ORIENTED_EDGE('',*,*,#3034,.T.);
#4467=ORIENTED_EDGE('',*,*,#3031,.T.);
#4468=ORIENTED_EDGE('',*,*,#3028,.T.);
#4469=ORIENTED_EDGE('',*,*,#3025,.T.);
#4470=ORIENTED_EDGE('',*,*,#2964,.T.);
#4471=ORIENTED_EDGE('',*,*,#3019,.T.);
#4472=ORIENTED_EDGE('',*,*,#3016,.T.);
#4473=ORIENTED_EDGE('',*,*,#3013,.T.);
#4474=ORIENTED_EDGE('',*,*,#3010,.T.);
#4475=ORIENTED_EDGE('',*,*,#3007,.T.);
#4476=ORIENTED_EDGE('',*,*,#3004,.T.);
#4477=ORIENTED_EDGE('',*,*,#3001,.T.);
#4478=ORIENTED_EDGE('',*,*,#2998,.T.);
#4479=ORIENTED_EDGE('',*,*,#2995,.T.);
#4480=ORIENTED_EDGE('',*,*,#2992,.T.);
#4481=ORIENTED_EDGE('',*,*,#2989,.T.);
#4482=ORIENTED_EDGE('',*,*,#2986,.T.);
#4483=ORIENTED_EDGE('',*,*,#2983,.T.);
#4484=ORIENTED_EDGE('',*,*,#2980,.T.);
#4485=ORIENTED_EDGE('',*,*,#2977,.T.);
#4486=ORIENTED_EDGE('',*,*,#2974,.T.);
#4487=ORIENTED_EDGE('',*,*,#2971,.T.);
#4488=ORIENTED_EDGE('',*,*,#2968,.T.);
#4489=ORIENTED_EDGE('',*,*,#2916,.T.);
#4490=ORIENTED_EDGE('',*,*,#2938,.T.);
#4491=ORIENTED_EDGE('',*,*,#2935,.T.);
#4492=ORIENTED_EDGE('',*,*,#2932,.T.);
#4493=ORIENTED_EDGE('',*,*,#2929,.T.);
#4494=ORIENTED_EDGE('',*,*,#2926,.T.);
#4495=ORIENTED_EDGE('',*,*,#2923,.T.);
#4496=ORIENTED_EDGE('',*,*,#2920,.T.);
#4497=ORIENTED_EDGE('',*,*,#2865,.T.);
#4498=ORIENTED_EDGE('',*,*,#2899,.T.);
#4499=ORIENTED_EDGE('',*,*,#2896,.T.);
#4500=ORIENTED_EDGE('',*,*,#2893,.T.);
#4501=ORIENTED_EDGE('',*,*,#2890,.T.);
#4502=ORIENTED_EDGE('',*,*,#2887,.T.);
#4503=ORIENTED_EDGE('',*,*,#2884,.T.);
#4504=ORIENTED_EDGE('',*,*,#2881,.T.);
#4505=ORIENTED_EDGE('',*,*,#2878,.T.);
#4506=ORIENTED_EDGE('',*,*,#2875,.T.);
#4507=ORIENTED_EDGE('',*,*,#2872,.T.);
#4508=ORIENTED_EDGE('',*,*,#2869,.T.);
#4509=ORIENTED_EDGE('',*,*,#2829,.T.);
#4510=ORIENTED_EDGE('',*,*,#2863,.T.);
#4511=ORIENTED_EDGE('',*,*,#2860,.T.);
#4512=ORIENTED_EDGE('',*,*,#2857,.T.);
#4513=ORIENTED_EDGE('',*,*,#2854,.T.);
#4514=ORIENTED_EDGE('',*,*,#2851,.T.);
#4515=ORIENTED_EDGE('',*,*,#2848,.T.);
#4516=ORIENTED_EDGE('',*,*,#2845,.T.);
#4517=ORIENTED_EDGE('',*,*,#2842,.T.);
#4518=ORIENTED_EDGE('',*,*,#2839,.T.);
#4519=ORIENTED_EDGE('',*,*,#2836,.T.);
#4520=ORIENTED_EDGE('',*,*,#2833,.T.);
#4521=ORIENTED_EDGE('',*,*,#2742,.T.);
#4522=ORIENTED_EDGE('',*,*,#2797,.T.);
#4523=ORIENTED_EDGE('',*,*,#2794,.T.);
#4524=ORIENTED_EDGE('',*,*,#2791,.T.);
#4525=ORIENTED_EDGE('',*,*,#2788,.T.);
#4526=ORIENTED_EDGE('',*,*,#2785,.T.);
#4527=ORIENTED_EDGE('',*,*,#2782,.T.);
#4528=ORIENTED_EDGE('',*,*,#2779,.T.);
#4529=ORIENTED_EDGE('',*,*,#2776,.T.);
#4530=ORIENTED_EDGE('',*,*,#2773,.T.);
#4531=ORIENTED_EDGE('',*,*,#2770,.T.);
#4532=ORIENTED_EDGE('',*,*,#2767,.T.);
#4533=ORIENTED_EDGE('',*,*,#2764,.T.);
#4534=ORIENTED_EDGE('',*,*,#2761,.T.);
#4535=ORIENTED_EDGE('',*,*,#2758,.T.);
#4536=ORIENTED_EDGE('',*,*,#2755,.T.);
#4537=ORIENTED_EDGE('',*,*,#2752,.T.);
#4538=ORIENTED_EDGE('',*,*,#2749,.T.);
#4539=ORIENTED_EDGE('',*,*,#2746,.T.);
#4540=ORIENTED_EDGE('',*,*,#2631,.T.);
#4541=ORIENTED_EDGE('',*,*,#2716,.T.);
#4542=ORIENTED_EDGE('',*,*,#2713,.T.);
#4543=ORIENTED_EDGE('',*,*,#2710,.T.);
#4544=ORIENTED_EDGE('',*,*,#2707,.T.);
#4545=ORIENTED_EDGE('',*,*,#2704,.T.);
#4546=ORIENTED_EDGE('',*,*,#2701,.T.);
#4547=ORIENTED_EDGE('',*,*,#2698,.T.);
#4548=ORIENTED_EDGE('',*,*,#2695,.T.);
#4549=ORIENTED_EDGE('',*,*,#2692,.T.);
#4550=ORIENTED_EDGE('',*,*,#2689,.T.);
#4551=ORIENTED_EDGE('',*,*,#2686,.T.);
#4552=ORIENTED_EDGE('',*,*,#2683,.T.);
#4553=ORIENTED_EDGE('',*,*,#2680,.T.);
#4554=ORIENTED_EDGE('',*,*,#2677,.T.);
#4555=ORIENTED_EDGE('',*,*,#2674,.T.);
#4556=ORIENTED_EDGE('',*,*,#2671,.T.);
#4557=ORIENTED_EDGE('',*,*,#2668,.T.);
#4558=ORIENTED_EDGE('',*,*,#2665,.T.);
#4559=ORIENTED_EDGE('',*,*,#2662,.T.);
#4560=ORIENTED_EDGE('',*,*,#2659,.T.);
#4561=ORIENTED_EDGE('',*,*,#2656,.T.);
#4562=ORIENTED_EDGE('',*,*,#2653,.T.);
#4563=ORIENTED_EDGE('',*,*,#2650,.T.);
#4564=ORIENTED_EDGE('',*,*,#2647,.T.);
#4565=ORIENTED_EDGE('',*,*,#2644,.T.);
#4566=ORIENTED_EDGE('',*,*,#2641,.T.);
#4567=ORIENTED_EDGE('',*,*,#2638,.T.);
#4568=ORIENTED_EDGE('',*,*,#2635,.T.);
#4569=ORIENTED_EDGE('',*,*,#2565,.T.);
#4570=ORIENTED_EDGE('',*,*,#2629,.T.);
#4571=ORIENTED_EDGE('',*,*,#2626,.T.);
#4572=ORIENTED_EDGE('',*,*,#2623,.T.);
#4573=ORIENTED_EDGE('',*,*,#2620,.T.);
#4574=ORIENTED_EDGE('',*,*,#2617,.T.);
#4575=ORIENTED_EDGE('',*,*,#2614,.T.);
#4576=ORIENTED_EDGE('',*,*,#2611,.T.);
#4577=ORIENTED_EDGE('',*,*,#2608,.T.);
#4578=ORIENTED_EDGE('',*,*,#2605,.T.);
#4579=ORIENTED_EDGE('',*,*,#2602,.T.);
#4580=ORIENTED_EDGE('',*,*,#2599,.T.);
#4581=ORIENTED_EDGE('',*,*,#2596,.T.);
#4582=ORIENTED_EDGE('',*,*,#2593,.T.);
#4583=ORIENTED_EDGE('',*,*,#2590,.T.);
#4584=ORIENTED_EDGE('',*,*,#2587,.T.);
#4585=ORIENTED_EDGE('',*,*,#2584,.T.);
#4586=ORIENTED_EDGE('',*,*,#2581,.T.);
#4587=ORIENTED_EDGE('',*,*,#2578,.T.);
#4588=ORIENTED_EDGE('',*,*,#2575,.T.);
#4589=ORIENTED_EDGE('',*,*,#2572,.T.);
#4590=ORIENTED_EDGE('',*,*,#2569,.T.);
#4591=ORIENTED_EDGE('',*,*,#3192,.F.);
#4592=ORIENTED_EDGE('',*,*,#3193,.T.);
#4593=ORIENTED_EDGE('',*,*,#3194,.F.);
#4594=ORIENTED_EDGE('',*,*,#2561,.F.);
#4595=ORIENTED_EDGE('',*,*,#3195,.T.);
#4596=ORIENTED_EDGE('',*,*,#3196,.T.);
#4597=ORIENTED_EDGE('',*,*,#3192,.T.);
#4598=ORIENTED_EDGE('',*,*,#2564,.F.);
#4599=ORIENTED_EDGE('',*,*,#3186,.F.);
#4600=ORIENTED_EDGE('',*,*,#3165,.F.);
#4601=ORIENTED_EDGE('',*,*,#3170,.T.);
#4602=ORIENTED_EDGE('',*,*,#3190,.T.);
#4603=ORIENTED_EDGE('',*,*,#3156,.F.);
#4604=ORIENTED_EDGE('',*,*,#3197,.T.);
#4605=ORIENTED_EDGE('',*,*,#3154,.T.);
#4606=ORIENTED_EDGE('',*,*,#3198,.T.);
#4607=ORIENTED_EDGE('',*,*,#3180,.T.);
#4608=ORIENTED_EDGE('',*,*,#3185,.F.);
#4609=ORIENTED_EDGE('',*,*,#3188,.F.);
#4610=ORIENTED_EDGE('',*,*,#3199,.T.);
#4611=ORIENTED_EDGE('',*,*,#3189,.T.);
#4612=ORIENTED_EDGE('',*,*,#3173,.T.);
#4613=ORIENTED_EDGE('',*,*,#3198,.F.);
#4614=ORIENTED_EDGE('',*,*,#3200,.T.);
#4615=ORIENTED_EDGE('',*,*,#2535,.F.);
#4616=ORIENTED_EDGE('',*,*,#3201,.F.);
#4617=ORIENTED_EDGE('',*,*,#3202,.F.);
#4618=ORIENTED_EDGE('',*,*,#2557,.F.);
#4619=ORIENTED_EDGE('',*,*,#3203,.T.);
#4620=ORIENTED_EDGE('',*,*,#3147,.F.);
#4621=ORIENTED_EDGE('',*,*,#3204,.T.);
#4622=ORIENTED_EDGE('',*,*,#2529,.F.);
#4623=ORIENTED_EDGE('',*,*,#3205,.F.);
#4624=ORIENTED_EDGE('',*,*,#3206,.F.);
#4625=ORIENTED_EDGE('',*,*,#3207,.F.);
#4626=ORIENTED_EDGE('',*,*,#2558,.F.);
#4627=ORIENTED_EDGE('',*,*,#3202,.T.);
#4628=ORIENTED_EDGE('',*,*,#3148,.F.);
#4629=ORIENTED_EDGE('',*,*,#3205,.T.);
#4630=ORIENTED_EDGE('',*,*,#2528,.F.);
#4631=ORIENTED_EDGE('',*,*,#3208,.F.);
#4632=ORIENTED_EDGE('',*,*,#3209,.F.);
#4633=ORIENTED_EDGE('',*,*,#3203,.F.);
#4634=ORIENTED_EDGE('',*,*,#2556,.F.);
#4635=ORIENTED_EDGE('',*,*,#3210,.T.);
#4636=ORIENTED_EDGE('',*,*,#3211,.F.);
#4637=ORIENTED_EDGE('',*,*,#3212,.F.);
#4638=ORIENTED_EDGE('',*,*,#2559,.F.);
#4639=ORIENTED_EDGE('',*,*,#3207,.T.);
#4640=ORIENTED_EDGE('',*,*,#3149,.F.);
#4641=ORIENTED_EDGE('',*,*,#3208,.T.);
#4642=ORIENTED_EDGE('',*,*,#2527,.F.);
#4643=ORIENTED_EDGE('',*,*,#3213,.F.);
#4644=ORIENTED_EDGE('',*,*,#3214,.F.);
#4645=ORIENTED_EDGE('',*,*,#3210,.F.);
#4646=ORIENTED_EDGE('',*,*,#2555,.F.);
#4647=ORIENTED_EDGE('',*,*,#3215,.T.);
#4648=ORIENTED_EDGE('',*,*,#3216,.F.);
#4649=ORIENTED_EDGE('',*,*,#3217,.F.);
#4650=ORIENTED_EDGE('',*,*,#2560,.F.);
#4651=ORIENTED_EDGE('',*,*,#3212,.T.);
#4652=ORIENTED_EDGE('',*,*,#3150,.F.);
#4653=ORIENTED_EDGE('',*,*,#3213,.T.);
#4654=ORIENTED_EDGE('',*,*,#2526,.F.);
#4655=ORIENTED_EDGE('',*,*,#3218,.F.);
#4656=ORIENTED_EDGE('',*,*,#3219,.F.);
#4657=ORIENTED_EDGE('',*,*,#3215,.F.);
#4658=ORIENTED_EDGE('',*,*,#2554,.F.);
#4659=ORIENTED_EDGE('',*,*,#3220,.T.);
#4660=ORIENTED_EDGE('',*,*,#3221,.F.);
#4661=ORIENTED_EDGE('',*,*,#3220,.F.);
#4662=ORIENTED_EDGE('',*,*,#2553,.F.);
#4663=ORIENTED_EDGE('',*,*,#3217,.T.);
#4664=ORIENTED_EDGE('',*,*,#3143,.F.);
#4665=ORIENTED_EDGE('',*,*,#3218,.T.);
#4666=ORIENTED_EDGE('',*,*,#2525,.F.);
#4667=ORIENTED_EDGE('',*,*,#3222,.F.);
#4668=ORIENTED_EDGE('',*,*,#3146,.F.);
#4669=ORIENTED_EDGE('',*,*,#3223,.T.);
#4670=ORIENTED_EDGE('',*,*,#2530,.F.);
#4671=ORIENTED_EDGE('',*,*,#3204,.F.);
#4672=ORIENTED_EDGE('',*,*,#3145,.F.);
#4673=ORIENTED_EDGE('',*,*,#3224,.T.);
#4674=ORIENTED_EDGE('',*,*,#2531,.F.);
#4675=ORIENTED_EDGE('',*,*,#3223,.F.);
#4676=ORIENTED_EDGE('',*,*,#3144,.F.);
#4677=ORIENTED_EDGE('',*,*,#3222,.T.);
#4678=ORIENTED_EDGE('',*,*,#2532,.F.);
#4679=ORIENTED_EDGE('',*,*,#3224,.F.);
#4680=ORIENTED_EDGE('',*,*,#3136,.T.);
#4681=ORIENTED_EDGE('',*,*,#3141,.T.);
#4682=ORIENTED_EDGE('',*,*,#2539,.F.);
#4683=ORIENTED_EDGE('',*,*,#3225,.T.);
#4684=ORIENTED_EDGE('',*,*,#3226,.T.);
#4685=ORIENTED_EDGE('',*,*,#3137,.T.);
#4686=ORIENTED_EDGE('',*,*,#3225,.F.);
#4687=ORIENTED_EDGE('',*,*,#2538,.F.);
#4688=ORIENTED_EDGE('',*,*,#3227,.F.);
#4689=ORIENTED_EDGE('',*,*,#3139,.T.);
#4690=ORIENTED_EDGE('',*,*,#3228,.T.);
#4691=ORIENTED_EDGE('',*,*,#2536,.F.);
#4692=ORIENTED_EDGE('',*,*,#3200,.F.);
#4693=ORIENTED_EDGE('',*,*,#3153,.F.);
#4694=ORIENTED_EDGE('',*,*,#3138,.T.);
#4695=ORIENTED_EDGE('',*,*,#3227,.T.);
#4696=ORIENTED_EDGE('',*,*,#2537,.F.);
#4697=ORIENTED_EDGE('',*,*,#3228,.F.);
#4698=ORIENTED_EDGE('',*,*,#3221,.T.);
#4699=ORIENTED_EDGE('',*,*,#3216,.T.);
#4700=ORIENTED_EDGE('',*,*,#3211,.T.);
#4701=ORIENTED_EDGE('',*,*,#3206,.T.);
#4702=ORIENTED_EDGE('',*,*,#3201,.T.);
#4703=ORIENTED_EDGE('',*,*,#3209,.T.);
#4704=ORIENTED_EDGE('',*,*,#3214,.T.);
#4705=ORIENTED_EDGE('',*,*,#3219,.T.);
#4706=ORIENTED_EDGE('',*,*,#3229,.F.);
#4707=ORIENTED_EDGE('',*,*,#3230,.T.);
#4708=ORIENTED_EDGE('',*,*,#3226,.F.);
#4709=ORIENTED_EDGE('',*,*,#3230,.F.);
#4710=ORIENTED_EDGE('',*,*,#3231,.F.);
#4711=ORIENTED_EDGE('',*,*,#3232,.T.);
#4712=ORIENTED_EDGE('',*,*,#3233,.T.);
#4713=ORIENTED_EDGE('',*,*,#3234,.F.);
#4714=ORIENTED_EDGE('',*,*,#3235,.F.);
#4715=ORIENTED_EDGE('',*,*,#3234,.T.);
#4716=ORIENTED_EDGE('',*,*,#3236,.T.);
#4717=ORIENTED_EDGE('',*,*,#3237,.F.);
#4718=ORIENTED_EDGE('',*,*,#3238,.F.);
#4719=ORIENTED_EDGE('',*,*,#3237,.T.);
#4720=ORIENTED_EDGE('',*,*,#3239,.T.);
#4721=ORIENTED_EDGE('',*,*,#3240,.F.);
#4722=ORIENTED_EDGE('',*,*,#3241,.F.);
#4723=ORIENTED_EDGE('',*,*,#3240,.T.);
#4724=ORIENTED_EDGE('',*,*,#3242,.T.);
#4725=ORIENTED_EDGE('',*,*,#3232,.F.);
#4726=ORIENTED_EDGE('',*,*,#3243,.F.);
#4727=ORIENTED_EDGE('',*,*,#3244,.F.);
#4728=ORIENTED_EDGE('',*,*,#3193,.F.);
#4729=ORIENTED_EDGE('',*,*,#3196,.F.);
#4730=ORIENTED_EDGE('',*,*,#3242,.F.);
#4731=ORIENTED_EDGE('',*,*,#3239,.F.);
#4732=ORIENTED_EDGE('',*,*,#3236,.F.);
#4733=ORIENTED_EDGE('',*,*,#3233,.F.);
#4734=ORIENTED_EDGE('',*,*,#3238,.T.);
#4735=ORIENTED_EDGE('',*,*,#3241,.T.);
#4736=ORIENTED_EDGE('',*,*,#3231,.T.);
#4737=ORIENTED_EDGE('',*,*,#3235,.T.);
#4738=ORIENTED_EDGE('',*,*,#3229,.T.);
#4739=ORIENTED_EDGE('',*,*,#3245,.T.);
#4740=ORIENTED_EDGE('',*,*,#3243,.T.);
#4741=ORIENTED_EDGE('',*,*,#3195,.F.);
#4742=ORIENTED_EDGE('',*,*,#2563,.F.);
#4743=ORIENTED_EDGE('',*,*,#3194,.T.);
#4744=ORIENTED_EDGE('',*,*,#3244,.T.);
#4745=ORIENTED_EDGE('',*,*,#3245,.F.);
#4746=ORIENTED_EDGE('',*,*,#2562,.F.);
#4747=ORIENTED_EDGE('',*,*,#2505,.F.);
#4748=ORIENTED_EDGE('',*,*,#2524,.F.);
#4749=ORIENTED_EDGE('',*,*,#2533,.F.);
#4750=ORIENTED_EDGE('',*,*,#2520,.F.);
#4751=ORIENTED_EDGE('',*,*,#2552,.T.);
#4752=ORIENTED_EDGE('',*,*,#2515,.F.);
#4753=ORIENTED_EDGE('',*,*,#3191,.F.);
#4754=ORIENTED_EDGE('',*,*,#3197,.F.);
#4755=ORIENTED_EDGE('',*,*,#3155,.F.);
#4756=ORIENTED_EDGE('',*,*,#3199,.F.);
#4757=ORIENTED_EDGE('',*,*,#3187,.F.);
#4758=PLANE('',#5184);
#4759=PLANE('',#5186);
#4760=PLANE('',#5192);
#4761=PLANE('',#5193);
#4762=PLANE('',#5217);
#4763=PLANE('',#5222);
#4764=PLANE('',#5231);
#4765=PLANE('',#5236);
#4766=PLANE('',#5237);
#4767=PLANE('',#5238);
#4768=PLANE('',#5239);
#4769=PLANE('',#5240);
#4770=PLANE('',#5241);
#4771=PLANE('',#5242);
#4772=PLANE('',#5243);
#4773=PLANE('',#5244);
#4774=PLANE('',#5245);
#4775=PLANE('',#5246);
#4776=PLANE('',#5247);
#4777=PLANE('',#5248);
#4778=PLANE('',#5249);
#4779=PLANE('',#5250);
#4780=PLANE('',#5251);
#4781=PLANE('',#5252);
#4782=PLANE('',#5253);
#4783=PLANE('',#5254);
#4784=PLANE('',#5255);
#4785=PLANE('',#5256);
#4786=PLANE('',#5257);
#4787=PLANE('',#5258);
#4788=PLANE('',#5259);
#4789=PLANE('',#5260);
#4790=PLANE('',#5261);
#4791=PLANE('',#5262);
#4792=PLANE('',#5263);
#4793=PLANE('',#5264);
#4794=PLANE('',#5265);
#4795=PLANE('',#5266);
#4796=PLANE('',#5267);
#4797=PLANE('',#5268);
#4798=PLANE('',#5269);
#4799=PLANE('',#5270);
#4800=PLANE('',#5271);
#4801=PLANE('',#5272);
#4802=PLANE('',#5273);
#4803=PLANE('',#5274);
#4804=PLANE('',#5275);
#4805=PLANE('',#5276);
#4806=PLANE('',#5277);
#4807=PLANE('',#5278);
#4808=PLANE('',#5279);
#4809=PLANE('',#5280);
#4810=PLANE('',#5281);
#4811=PLANE('',#5282);
#4812=PLANE('',#5283);
#4813=PLANE('',#5284);
#4814=PLANE('',#5285);
#4815=PLANE('',#5286);
#4816=PLANE('',#5287);
#4817=PLANE('',#5288);
#4818=PLANE('',#5289);
#4819=PLANE('',#5290);
#4820=PLANE('',#5291);
#4821=PLANE('',#5292);
#4822=PLANE('',#5293);
#4823=PLANE('',#5294);
#4824=PLANE('',#5295);
#4825=PLANE('',#5296);
#4826=PLANE('',#5297);
#4827=PLANE('',#5298);
#4828=PLANE('',#5299);
#4829=PLANE('',#5300);
#4830=PLANE('',#5301);
#4831=PLANE('',#5302);
#4832=PLANE('',#5303);
#4833=PLANE('',#5304);
#4834=PLANE('',#5305);
#4835=PLANE('',#5306);
#4836=PLANE('',#5307);
#4837=PLANE('',#5308);
#4838=PLANE('',#5309);
#4839=PLANE('',#5310);
#4840=PLANE('',#5311);
#4841=PLANE('',#5312);
#4842=PLANE('',#5313);
#4843=PLANE('',#5314);
#4844=PLANE('',#5315);
#4845=PLANE('',#5316);
#4846=PLANE('',#5317);
#4847=PLANE('',#5318);
#4848=PLANE('',#5319);
#4849=PLANE('',#5320);
#4850=PLANE('',#5321);
#4851=PLANE('',#5322);
#4852=PLANE('',#5323);
#4853=PLANE('',#5329);
#4854=PLANE('',#5335);
#4855=PLANE('',#5342);
#4856=PLANE('',#5346);
#4857=PLANE('',#5347);
#4858=PLANE('',#5352);
#4859=PLANE('',#5353);
#4860=PLANE('',#5357);
#4861=PLANE('',#5360);
#4862=PLANE('',#5361);
#4863=PLANE('',#5362);
#4864=PLANE('',#5363);
#4865=PLANE('',#5364);
#4866=PLANE('',#5367);
#4867=PLANE('',#5368);
#4868=PLANE('',#5369);
#4869=PLANE('',#5375);
#4870=PLANE('',#5376);
#4871=PLANE('',#5377);
#4872=PLANE('',#5383);
#4873=PLANE('',#5384);
#4874=PLANE('',#5386);
#4875=PLANE('',#5388);
#4876=PLANE('',#5392);
#4877=PLANE('',#5395);
#4878=PLANE('',#5396);
#4879=PLANE('',#5397);
#4880=PLANE('',#5398);
#4881=PLANE('',#5399);
#4882=PLANE('',#5400);
#4883=PLANE('',#5401);
#4884=PLANE('',#5402);
#4885=PLANE('',#5403);
#4886=PLANE('',#5404);
#4887=ADVANCED_FACE('',(#1358),#4758,.T.);
#4888=ADVANCED_FACE('',(#1359),#4759,.T.);
#4889=ADVANCED_FACE('',(#1360),#1326,.F.);
#4890=ADVANCED_FACE('',(#1361),#1327,.F.);
#4891=ADVANCED_FACE('',(#1362),#4760,.T.);
#4892=ADVANCED_FACE('',(#1363),#4761,.T.);
#4893=ADVANCED_FACE('',(#1364),#391,.T.);
#4894=ADVANCED_FACE('',(#1365),#392,.T.);
#4895=ADVANCED_FACE('',(#1366),#1328,.T.);
#4896=ADVANCED_FACE('',(#1367),#1329,.T.);
#4897=ADVANCED_FACE('',(#1368),#393,.T.);
#4898=ADVANCED_FACE('',(#1369),#1330,.T.);
#4899=ADVANCED_FACE('',(#1370),#1331,.T.);
#4900=ADVANCED_FACE('',(#1371),#1332,.T.);
#4901=ADVANCED_FACE('',(#1372),#1333,.T.);
#4902=ADVANCED_FACE('',(#1373),#1334,.T.);
#4903=ADVANCED_FACE('',(#1374,#364),#4762,.T.);
#4904=ADVANCED_FACE('',(#1375,#365),#4763,.T.);
#4905=ADVANCED_FACE('',(#1376,#366),#4764,.T.);
#4906=ADVANCED_FACE('',(#1377,#367),#4765,.T.);
#4907=ADVANCED_FACE('',(#1378),#248,.F.);
#4908=ADVANCED_FACE('',(#1379),#249,.F.);
#4909=ADVANCED_FACE('',(#1380),#250,.F.);
#4910=ADVANCED_FACE('',(#1381),#251,.F.);
#4911=ADVANCED_FACE('',(#1382),#252,.F.);
#4912=ADVANCED_FACE('',(#1383),#253,.F.);
#4913=ADVANCED_FACE('',(#1384),#254,.F.);
#4914=ADVANCED_FACE('',(#1385),#255,.F.);
#4915=ADVANCED_FACE('',(#1386),#256,.F.);
#4916=ADVANCED_FACE('',(#1387),#4766,.F.);
#4917=ADVANCED_FACE('',(#1388),#257,.F.);
#4918=ADVANCED_FACE('',(#1389),#258,.F.);
#4919=ADVANCED_FACE('',(#1390),#259,.F.);
#4920=ADVANCED_FACE('',(#1391),#260,.F.);
#4921=ADVANCED_FACE('',(#1392),#261,.F.);
#4922=ADVANCED_FACE('',(#1393),#262,.F.);
#4923=ADVANCED_FACE('',(#1394),#263,.F.);
#4924=ADVANCED_FACE('',(#1395),#264,.F.);
#4925=ADVANCED_FACE('',(#1396),#265,.F.);
#4926=ADVANCED_FACE('',(#1397),#266,.F.);
#4927=ADVANCED_FACE('',(#1398),#4767,.F.);
#4928=ADVANCED_FACE('',(#1399),#267,.F.);
#4929=ADVANCED_FACE('',(#1400),#4768,.T.);
#4930=ADVANCED_FACE('',(#1401),#4769,.F.);
#4931=ADVANCED_FACE('',(#1402),#268,.F.);
#4932=ADVANCED_FACE('',(#1403),#269,.F.);
#4933=ADVANCED_FACE('',(#1404),#270,.F.);
#4934=ADVANCED_FACE('',(#1405),#271,.F.);
#4935=ADVANCED_FACE('',(#1406),#272,.F.);
#4936=ADVANCED_FACE('',(#1407),#273,.F.);
#4937=ADVANCED_FACE('',(#1408),#274,.F.);
#4938=ADVANCED_FACE('',(#1409),#275,.F.);
#4939=ADVANCED_FACE('',(#1410),#276,.F.);
#4940=ADVANCED_FACE('',(#1411),#277,.F.);
#4941=ADVANCED_FACE('',(#1412),#278,.F.);
#4942=ADVANCED_FACE('',(#1413),#279,.F.);
#4943=ADVANCED_FACE('',(#1414),#4770,.F.);
#4944=ADVANCED_FACE('',(#1415),#280,.F.);
#4945=ADVANCED_FACE('',(#1416),#281,.F.);
#4946=ADVANCED_FACE('',(#1417),#282,.F.);
#4947=ADVANCED_FACE('',(#1418),#283,.F.);
#4948=ADVANCED_FACE('',(#1419),#284,.F.);
#4949=ADVANCED_FACE('',(#1420),#285,.F.);
#4950=ADVANCED_FACE('',(#1421),#286,.F.);
#4951=ADVANCED_FACE('',(#1422),#287,.F.);
#4952=ADVANCED_FACE('',(#1423),#288,.F.);
#4953=ADVANCED_FACE('',(#1424),#289,.F.);
#4954=ADVANCED_FACE('',(#1425),#290,.F.);
#4955=ADVANCED_FACE('',(#1426),#4771,.F.);
#4956=ADVANCED_FACE('',(#1427),#4772,.F.);
#4957=ADVANCED_FACE('',(#1428),#4773,.F.);
#4958=ADVANCED_FACE('',(#1429),#4774,.F.);
#4959=ADVANCED_FACE('',(#1430),#4775,.T.);
#4960=ADVANCED_FACE('',(#1431),#4776,.F.);
#4961=ADVANCED_FACE('',(#1432),#291,.F.);
#4962=ADVANCED_FACE('',(#1433),#292,.F.);
#4963=ADVANCED_FACE('',(#1434),#293,.F.);
#4964=ADVANCED_FACE('',(#1435),#294,.F.);
#4965=ADVANCED_FACE('',(#1436),#295,.F.);
#4966=ADVANCED_FACE('',(#1437),#4777,.F.);
#4967=ADVANCED_FACE('',(#1438),#4778,.F.);
#4968=ADVANCED_FACE('',(#1439),#4779,.F.);
#4969=ADVANCED_FACE('',(#1440),#4780,.F.);
#4970=ADVANCED_FACE('',(#1441),#296,.F.);
#4971=ADVANCED_FACE('',(#1442),#297,.F.);
#4972=ADVANCED_FACE('',(#1443),#298,.F.);
#4973=ADVANCED_FACE('',(#1444),#299,.F.);
#4974=ADVANCED_FACE('',(#1445),#4781,.F.);
#4975=ADVANCED_FACE('',(#1446),#4782,.F.);
#4976=ADVANCED_FACE('',(#1447),#4783,.F.);
#4977=ADVANCED_FACE('',(#1448),#300,.F.);
#4978=ADVANCED_FACE('',(#1449),#301,.F.);
#4979=ADVANCED_FACE('',(#1450),#302,.F.);
#4980=ADVANCED_FACE('',(#1451),#303,.F.);
#4981=ADVANCED_FACE('',(#1452),#304,.F.);
#4982=ADVANCED_FACE('',(#1453),#305,.F.);
#4983=ADVANCED_FACE('',(#1454),#306,.F.);
#4984=ADVANCED_FACE('',(#1455),#4784,.F.);
#4985=ADVANCED_FACE('',(#1456),#4785,.F.);
#4986=ADVANCED_FACE('',(#1457),#4786,.F.);
#4987=ADVANCED_FACE('',(#1458,#368),#4787,.T.);
#4988=ADVANCED_FACE('',(#1459),#4788,.F.);
#4989=ADVANCED_FACE('',(#1460),#307,.F.);
#4990=ADVANCED_FACE('',(#1461),#308,.F.);
#4991=ADVANCED_FACE('',(#1462),#309,.F.);
#4992=ADVANCED_FACE('',(#1463),#310,.F.);
#4993=ADVANCED_FACE('',(#1464),#311,.F.);
#4994=ADVANCED_FACE('',(#1465),#312,.F.);
#4995=ADVANCED_FACE('',(#1466),#313,.F.);
#4996=ADVANCED_FACE('',(#1467),#4789,.F.);
#4997=ADVANCED_FACE('',(#1468),#4790,.F.);
#4998=ADVANCED_FACE('',(#1469),#314,.F.);
#4999=ADVANCED_FACE('',(#1470),#315,.F.);
#5000=ADVANCED_FACE('',(#1471),#316,.F.);
#5001=ADVANCED_FACE('',(#1472),#317,.F.);
#5002=ADVANCED_FACE('',(#1473),#318,.F.);
#5003=ADVANCED_FACE('',(#1474),#319,.F.);
#5004=ADVANCED_FACE('',(#1475),#320,.F.);
#5005=ADVANCED_FACE('',(#1476),#321,.F.);
#5006=ADVANCED_FACE('',(#1477),#322,.F.);
#5007=ADVANCED_FACE('',(#1478),#4791,.F.);
#5008=ADVANCED_FACE('',(#1479),#4792,.F.);
#5009=ADVANCED_FACE('',(#1480),#4793,.F.);
#5010=ADVANCED_FACE('',(#1481,#369),#4794,.T.);
#5011=ADVANCED_FACE('',(#1482),#4795,.F.);
#5012=ADVANCED_FACE('',(#1483),#4796,.F.);
#5013=ADVANCED_FACE('',(#1484),#4797,.F.);
#5014=ADVANCED_FACE('',(#1485),#4798,.F.);
#5015=ADVANCED_FACE('',(#1486),#4799,.F.);
#5016=ADVANCED_FACE('',(#1487),#4800,.F.);
#5017=ADVANCED_FACE('',(#1488),#4801,.F.);
#5018=ADVANCED_FACE('',(#1489),#4802,.F.);
#5019=ADVANCED_FACE('',(#1490),#4803,.F.);
#5020=ADVANCED_FACE('',(#1491),#4804,.F.);
#5021=ADVANCED_FACE('',(#1492),#4805,.F.);
#5022=ADVANCED_FACE('',(#1493),#4806,.F.);
#5023=ADVANCED_FACE('',(#1494),#4807,.F.);
#5024=ADVANCED_FACE('',(#1495),#323,.F.);
#5025=ADVANCED_FACE('',(#1496),#324,.F.);
#5026=ADVANCED_FACE('',(#1497),#4808,.F.);
#5027=ADVANCED_FACE('',(#1498),#4809,.F.);
#5028=ADVANCED_FACE('',(#1499),#4810,.F.);
#5029=ADVANCED_FACE('',(#1500),#4811,.F.);
#5030=ADVANCED_FACE('',(#1501),#4812,.F.);
#5031=ADVANCED_FACE('',(#1502),#4813,.F.);
#5032=ADVANCED_FACE('',(#1503),#4814,.F.);
#5033=ADVANCED_FACE('',(#1504),#4815,.F.);
#5034=ADVANCED_FACE('',(#1505),#4816,.F.);
#5035=ADVANCED_FACE('',(#1506),#4817,.F.);
#5036=ADVANCED_FACE('',(#1507),#4818,.F.);
#5037=ADVANCED_FACE('',(#1508,#370),#4819,.T.);
#5038=ADVANCED_FACE('',(#1509),#4820,.F.);
#5039=ADVANCED_FACE('',(#1510),#325,.F.);
#5040=ADVANCED_FACE('',(#1511),#326,.F.);
#5041=ADVANCED_FACE('',(#1512),#327,.F.);
#5042=ADVANCED_FACE('',(#1513),#328,.F.);
#5043=ADVANCED_FACE('',(#1514),#329,.F.);
#5044=ADVANCED_FACE('',(#1515),#4821,.F.);
#5045=ADVANCED_FACE('',(#1516),#4822,.F.);
#5046=ADVANCED_FACE('',(#1517),#4823,.F.);
#5047=ADVANCED_FACE('',(#1518),#4824,.F.);
#5048=ADVANCED_FACE('',(#1519),#330,.F.);
#5049=ADVANCED_FACE('',(#1520),#331,.F.);
#5050=ADVANCED_FACE('',(#1521),#332,.F.);
#5051=ADVANCED_FACE('',(#1522),#333,.F.);
#5052=ADVANCED_FACE('',(#1523),#4825,.F.);
#5053=ADVANCED_FACE('',(#1524),#4826,.F.);
#5054=ADVANCED_FACE('',(#1525),#4827,.F.);
#5055=ADVANCED_FACE('',(#1526),#334,.F.);
#5056=ADVANCED_FACE('',(#1527),#335,.F.);
#5057=ADVANCED_FACE('',(#1528),#336,.F.);
#5058=ADVANCED_FACE('',(#1529),#337,.F.);
#5059=ADVANCED_FACE('',(#1530),#338,.F.);
#5060=ADVANCED_FACE('',(#1531),#339,.F.);
#5061=ADVANCED_FACE('',(#1532),#340,.F.);
#5062=ADVANCED_FACE('',(#1533),#4828,.F.);
#5063=ADVANCED_FACE('',(#1534),#4829,.F.);
#5064=ADVANCED_FACE('',(#1535),#4830,.F.);
#5065=ADVANCED_FACE('',(#1536,#371),#4831,.T.);
#5066=ADVANCED_FACE('',(#1537),#4832,.F.);
#5067=ADVANCED_FACE('',(#1538),#341,.F.);
#5068=ADVANCED_FACE('',(#1539),#342,.F.);
#5069=ADVANCED_FACE('',(#1540),#343,.F.);
#5070=ADVANCED_FACE('',(#1541),#344,.F.);
#5071=ADVANCED_FACE('',(#1542),#345,.F.);
#5072=ADVANCED_FACE('',(#1543),#346,.F.);
#5073=ADVANCED_FACE('',(#1544),#347,.F.);
#5074=ADVANCED_FACE('',(#1545),#348,.F.);
#5075=ADVANCED_FACE('',(#1546),#349,.F.);
#5076=ADVANCED_FACE('',(#1547),#350,.F.);
#5077=ADVANCED_FACE('',(#1548),#351,.F.);
#5078=ADVANCED_FACE('',(#1549),#352,.F.);
#5079=ADVANCED_FACE('',(#1550),#4833,.F.);
#5080=ADVANCED_FACE('',(#1551),#353,.F.);
#5081=ADVANCED_FACE('',(#1552),#354,.F.);
#5082=ADVANCED_FACE('',(#1553),#355,.F.);
#5083=ADVANCED_FACE('',(#1554),#356,.F.);
#5084=ADVANCED_FACE('',(#1555),#357,.F.);
#5085=ADVANCED_FACE('',(#1556),#358,.F.);
#5086=ADVANCED_FACE('',(#1557),#359,.F.);
#5087=ADVANCED_FACE('',(#1558),#360,.F.);
#5088=ADVANCED_FACE('',(#1559),#361,.F.);
#5089=ADVANCED_FACE('',(#1560),#362,.F.);
#5090=ADVANCED_FACE('',(#1561),#363,.F.);
#5091=ADVANCED_FACE('',(#1562),#4834,.F.);
#5092=ADVANCED_FACE('',(#1563),#4835,.F.);
#5093=ADVANCED_FACE('',(#1564),#4836,.F.);
#5094=ADVANCED_FACE('',(#1565),#4837,.F.);
#5095=ADVANCED_FACE('',(#1566),#4838,.T.);
#5096=ADVANCED_FACE('',(#1567),#4839,.F.);
#5097=ADVANCED_FACE('',(#1568),#4840,.F.);
#5098=ADVANCED_FACE('',(#1569),#4841,.F.);
#5099=ADVANCED_FACE('',(#1570),#4842,.F.);
#5100=ADVANCED_FACE('',(#1571),#4843,.F.);
#5101=ADVANCED_FACE('',(#1572),#4844,.F.);
#5102=ADVANCED_FACE('',(#1573),#4845,.F.);
#5103=ADVANCED_FACE('',(#1574),#4846,.F.);
#5104=ADVANCED_FACE('',(#1575),#4847,.F.);
#5105=ADVANCED_FACE('',(#1576),#4848,.T.);
#5106=ADVANCED_FACE('',(#1577),#4849,.T.);
#5107=ADVANCED_FACE('',(#1578),#4850,.T.);
#5108=ADVANCED_FACE('',(#1579),#4851,.T.);
#5109=ADVANCED_FACE('',(#1580),#4852,.F.);
#5110=ADVANCED_FACE('',(#1581),#1335,.F.);
#5111=ADVANCED_FACE('',(#1582,#372),#4853,.T.);
#5112=ADVANCED_FACE('',(#1583),#1336,.F.);
#5113=ADVANCED_FACE('',(#1584),#4854,.T.);
#5114=ADVANCED_FACE('',(#1585),#1337,.F.);
#5115=ADVANCED_FACE('',(#1586),#1338,.F.);
#5116=ADVANCED_FACE('',(#1587),#4855,.F.);
#5117=ADVANCED_FACE('',(#1588),#1339,.F.);
#5118=ADVANCED_FACE('',(#1589),#1340,.F.);
#5119=ADVANCED_FACE('',(#1590),#4856,.T.);
#5120=ADVANCED_FACE('',(#1591),#4857,.F.);
#5121=ADVANCED_FACE('',(#1592),#1341,.F.);
#5122=ADVANCED_FACE('',(#1593),#1342,.F.);
#5123=ADVANCED_FACE('',(#1594),#4858,.T.);
#5124=ADVANCED_FACE('',(#1595),#4859,.F.);
#5125=ADVANCED_FACE('',(#1596),#1343,.F.);
#5126=ADVANCED_FACE('',(#1597),#1344,.F.);
#5127=ADVANCED_FACE('',(#1598),#4860,.T.);
#5128=ADVANCED_FACE('',(#1599),#4861,.F.);
#5129=ADVANCED_FACE('',(#1600),#4862,.T.);
#5130=ADVANCED_FACE('',(#1601,#373,#374,#375,#376,#377,#378,#379,#380,#381),
#4863,.T.);
#5131=ADVANCED_FACE('',(#1602),#4864,.T.);
#5132=ADVANCED_FACE('',(#1603),#4865,.T.);
#5133=ADVANCED_FACE('',(#1604),#1345,.F.);
#5134=ADVANCED_FACE('',(#1605),#1346,.F.);
#5135=ADVANCED_FACE('',(#1606),#4866,.T.);
#5136=ADVANCED_FACE('',(#1607),#4867,.F.);
#5137=ADVANCED_FACE('',(#1608),#4868,.F.);
#5138=ADVANCED_FACE('',(#1609),#1347,.F.);
#5139=ADVANCED_FACE('',(#1610),#1348,.F.);
#5140=ADVANCED_FACE('',(#1611),#1349,.F.);
#5141=ADVANCED_FACE('',(#1612),#4869,.F.);
#5142=ADVANCED_FACE('',(#1613),#4870,.F.);
#5143=ADVANCED_FACE('',(#1614),#4871,.F.);
#5144=ADVANCED_FACE('',(#1615),#1350,.F.);
#5145=ADVANCED_FACE('',(#1616),#1351,.F.);
#5146=ADVANCED_FACE('',(#1617),#1352,.F.);
#5147=ADVANCED_FACE('',(#1618),#4872,.F.);
#5148=ADVANCED_FACE('',(#1619),#4873,.F.);
#5149=ADVANCED_FACE('',(#1620),#1353,.F.);
#5150=ADVANCED_FACE('',(#1621),#4874,.F.);
#5151=ADVANCED_FACE('',(#1622),#1354,.F.);
#5152=ADVANCED_FACE('',(#1623,#382),#4875,.T.);
#5153=ADVANCED_FACE('',(#1624),#1355,.F.);
#5154=ADVANCED_FACE('',(#1625),#1356,.F.);
#5155=ADVANCED_FACE('',(#1626,#383),#4876,.T.);
#5156=ADVANCED_FACE('',(#1627),#1357,.F.);
#5157=ADVANCED_FACE('',(#1628),#4877,.F.);
#5158=ADVANCED_FACE('',(#1629),#4878,.F.);
#5159=ADVANCED_FACE('',(#1630),#4879,.F.);
#5160=ADVANCED_FACE('',(#1631),#4880,.F.);
#5161=ADVANCED_FACE('',(#1632,#384),#4881,.F.);
#5162=ADVANCED_FACE('',(#1633,#385),#4882,.F.);
#5163=ADVANCED_FACE('',(#1634),#4883,.T.);
#5164=ADVANCED_FACE('',(#1635),#4884,.T.);
#5165=ADVANCED_FACE('',(#1636),#4885,.T.);
#5166=ADVANCED_FACE('',(#1637),#4886,.T.);
#5167=CLOSED_SHELL('',(#4887,#4888,#4889));
#5168=CLOSED_SHELL('',(#4890,#4891,#4892));
#5169=CLOSED_SHELL('',(#4893,#4894,#4895,#4896,#4897,#4898,#4899,#4900,
#4901,#4902,#4903,#4904,#4905,#4906,#4907,#4908,#4909,#4910,#4911,#4912,
#4913,#4914,#4915,#4916,#4917,#4918,#4919,#4920,#4921,#4922,#4923,#4924,
#4925,#4926,#4927,#4928,#4929,#4930,#4931,#4932,#4933,#4934,#4935,#4936,
#4937,#4938,#4939,#4940,#4941,#4942,#4943,#4944,#4945,#4946,#4947,#4948,
#4949,#4950,#4951,#4952,#4953,#4954,#4955,#4956,#4957,#4958,#4959,#4960,
#4961,#4962,#4963,#4964,#4965,#4966,#4967,#4968,#4969,#4970,#4971,#4972,
#4973,#4974,#4975,#4976,#4977,#4978,#4979,#4980,#4981,#4982,#4983,#4984,
#4985,#4986,#4987,#4988,#4989,#4990,#4991,#4992,#4993,#4994,#4995,#4996,
#4997,#4998,#4999,#5000,#5001,#5002,#5003,#5004,#5005,#5006,#5007,#5008,
#5009,#5010,#5011,#5012,#5013,#5014,#5015,#5016,#5017,#5018,#5019,#5020,
#5021,#5022,#5023,#5024,#5025,#5026,#5027,#5028,#5029,#5030,#5031,#5032,
#5033,#5034,#5035,#5036,#5037,#5038,#5039,#5040,#5041,#5042,#5043,#5044,
#5045,#5046,#5047,#5048,#5049,#5050,#5051,#5052,#5053,#5054,#5055,#5056,
#5057,#5058,#5059,#5060,#5061,#5062,#5063,#5064,#5065,#5066,#5067,#5068,
#5069,#5070,#5071,#5072,#5073,#5074,#5075,#5076,#5077,#5078,#5079,#5080,
#5081,#5082,#5083,#5084,#5085,#5086,#5087,#5088,#5089,#5090,#5091,#5092,
#5093,#5094,#5095,#5096,#5097,#5098,#5099,#5100,#5101,#5102,#5103,#5104,
#5105,#5106,#5107,#5108,#5109,#5110,#5111,#5112,#5113,#5114,#5115,#5116,
#5117,#5118,#5119,#5120,#5121,#5122,#5123,#5124,#5125,#5126,#5127,#5128,
#5129,#5130,#5131,#5132,#5133,#5134,#5135,#5136,#5137,#5138,#5139,#5140,
#5141,#5142,#5143,#5144,#5145,#5146,#5147,#5148,#5149,#5150,#5151,#5152,
#5153,#5154,#5155,#5156,#5157,#5158,#5159,#5160,#5161,#5162,#5163,#5164,
#5165,#5166));
#5170=BREP_WITH_VOIDS('Body1',#5169,(#394,#395));
#5171=DERIVED_UNIT_ELEMENT(#5173,1.);
#5172=DERIVED_UNIT_ELEMENT(#9844,-3.);
#5173=(
MASS_UNIT()
NAMED_UNIT(*)
SI_UNIT(.KILO.,.GRAM.)
);
#5174=DERIVED_UNIT((#5171,#5172));
#5175=MEASURE_REPRESENTATION_ITEM('density measure',
POSITIVE_RATIO_MEASURE(7850.),#5174);
#5176=PROPERTY_DEFINITION_REPRESENTATION(#5181,#5178);
#5177=PROPERTY_DEFINITION_REPRESENTATION(#5182,#5179);
#5178=REPRESENTATION('material name',(#5180),#9841);
#5179=REPRESENTATION('density',(#5175),#9841);
#5180=DESCRIPTIVE_REPRESENTATION_ITEM('Steel','Steel');
#5181=PROPERTY_DEFINITION('material property','material name',#9851);
#5182=PROPERTY_DEFINITION('material property','density of part',#9851);
#5183=AXIS2_PLACEMENT_3D('',#6314,#5405,#5406);
#5184=AXIS2_PLACEMENT_3D('',#6315,#5407,#5408);
#5185=AXIS2_PLACEMENT_3D('',#6317,#5409,#5410);
#5186=AXIS2_PLACEMENT_3D('',#6318,#5411,#5412);
#5187=AXIS2_PLACEMENT_3D('',#6320,#5413,#5414);
#5188=AXIS2_PLACEMENT_3D('',#6321,#5415,#5416);
#5189=AXIS2_PLACEMENT_3D('',#6323,#5418,#5419);
#5190=AXIS2_PLACEMENT_3D('',#6325,#5420,#5421);
#5191=AXIS2_PLACEMENT_3D('',#6328,#5423,#5424);
#5192=AXIS2_PLACEMENT_3D('',#6329,#5425,#5426);
#5193=AXIS2_PLACEMENT_3D('',#6330,#5427,#5428);
#5194=AXIS2_PLACEMENT_3D('',#6331,#5429,#5430);
#5195=AXIS2_PLACEMENT_3D('',#6334,#5431,#5432);
#5196=AXIS2_PLACEMENT_3D('',#6336,#5433,#5434);
#5197=AXIS2_PLACEMENT_3D('',#6337,#5435,#5436);
#5198=AXIS2_PLACEMENT_3D('',#6338,#5437,#5438);
#5199=AXIS2_PLACEMENT_3D('',#6341,#5439,#5440);
#5200=AXIS2_PLACEMENT_3D('',#6343,#5441,#5442);
#5201=AXIS2_PLACEMENT_3D('',#6344,#5443,#5444);
#5202=AXIS2_PLACEMENT_3D('',#6345,#5445,#5446);
#5203=AXIS2_PLACEMENT_3D('',#6350,#5449,#5450);
#5204=AXIS2_PLACEMENT_3D('',#6351,#5451,#5452);
#5205=AXIS2_PLACEMENT_3D('',#6354,#5453,#5454);
#5206=AXIS2_PLACEMENT_3D('',#6357,#5457,#5458);
#5207=AXIS2_PLACEMENT_3D('',#6360,#5459,#5460);
#5208=AXIS2_PLACEMENT_3D('',#6362,#5461,#5462);
#5209=AXIS2_PLACEMENT_3D('',#6363,#5463,#5464);
#5210=AXIS2_PLACEMENT_3D('',#6364,#5465,#5466);
#5211=AXIS2_PLACEMENT_3D('',#6367,#5469,#5470);
#5212=AXIS2_PLACEMENT_3D('',#6370,#5473,#5474);
#5213=AXIS2_PLACEMENT_3D('',#6373,#5475,#5476);
#5214=AXIS2_PLACEMENT_3D('',#6376,#5479,#5480);
#5215=AXIS2_PLACEMENT_3D('',#6379,#5483,#5484);
#5216=AXIS2_PLACEMENT_3D('',#6382,#5485,#5486);
#5217=AXIS2_PLACEMENT_3D('',#6385,#5489,#5490);
#5218=AXIS2_PLACEMENT_3D('',#6393,#5494,#5495);
#5219=AXIS2_PLACEMENT_3D('',#6397,#5497,#5498);
#5220=AXIS2_PLACEMENT_3D('',#6401,#5500,#5501);
#5221=AXIS2_PLACEMENT_3D('',#6404,#5503,#5504);
#5222=AXIS2_PLACEMENT_3D('',#6405,#5505,#5506);
#5223=AXIS2_PLACEMENT_3D('',#6413,#5510,#5511);
#5224=AXIS2_PLACEMENT_3D('',#6417,#5513,#5514);
#5225=AXIS2_PLACEMENT_3D('',#6421,#5516,#5517);
#5226=AXIS2_PLACEMENT_3D('',#6425,#5519,#5520);
#5227=AXIS2_PLACEMENT_3D('',#6431,#5523,#5524);
#5228=AXIS2_PLACEMENT_3D('',#6435,#5526,#5527);
#5229=AXIS2_PLACEMENT_3D('',#6439,#5529,#5530);
#5230=AXIS2_PLACEMENT_3D('',#6442,#5532,#5533);
#5231=AXIS2_PLACEMENT_3D('',#6443,#5534,#5535);
#5232=AXIS2_PLACEMENT_3D('',#6449,#5538,#5539);
#5233=AXIS2_PLACEMENT_3D('',#6453,#5541,#5542);
#5234=AXIS2_PLACEMENT_3D('',#6457,#5544,#5545);
#5235=AXIS2_PLACEMENT_3D('',#6460,#5547,#5548);
#5236=AXIS2_PLACEMENT_3D('',#6461,#5549,#5550);
#5237=AXIS2_PLACEMENT_3D('',#6680,#5565,#5566);
#5238=AXIS2_PLACEMENT_3D('',#6916,#5580,#5581);
#5239=AXIS2_PLACEMENT_3D('',#6942,#5585,#5586);
#5240=AXIS2_PLACEMENT_3D('',#6943,#5587,#5588);
#5241=AXIS2_PLACEMENT_3D('',#7228,#5605,#5606);
#5242=AXIS2_PLACEMENT_3D('',#7487,#5621,#5622);
#5243=AXIS2_PLACEMENT_3D('',#7493,#5626,#5627);
#5244=AXIS2_PLACEMENT_3D('',#7499,#5631,#5632);
#5245=AXIS2_PLACEMENT_3D('',#7505,#5636,#5637);
#5246=AXIS2_PLACEMENT_3D('',#7508,#5640,#5641);
#5247=AXIS2_PLACEMENT_3D('',#7509,#5642,#5643);
#5248=AXIS2_PLACEMENT_3D('',#7633,#5653,#5654);
#5249=AXIS2_PLACEMENT_3D('',#7639,#5658,#5659);
#5250=AXIS2_PLACEMENT_3D('',#7642,#5662,#5663);
#5251=AXIS2_PLACEMENT_3D('',#7651,#5668,#5669);
#5252=AXIS2_PLACEMENT_3D('',#7749,#5677,#5678);
#5253=AXIS2_PLACEMENT_3D('',#7755,#5682,#5683);
#5254=AXIS2_PLACEMENT_3D('',#7761,#5687,#5688);
#5255=AXIS2_PLACEMENT_3D('',#7928,#5699,#5700);
#5256=AXIS2_PLACEMENT_3D('',#7934,#5704,#5705);
#5257=AXIS2_PLACEMENT_3D('',#7940,#5709,#5710);
#5258=AXIS2_PLACEMENT_3D('',#7943,#5713,#5714);
#5259=AXIS2_PLACEMENT_3D('',#7944,#5715,#5716);
#5260=AXIS2_PLACEMENT_3D('',#8114,#5728,#5729);
#5261=AXIS2_PLACEMENT_3D('',#8120,#5733,#5734);
#5262=AXIS2_PLACEMENT_3D('',#8333,#5747,#5748);
#5263=AXIS2_PLACEMENT_3D('',#8339,#5752,#5753);
#5264=AXIS2_PLACEMENT_3D('',#8345,#5757,#5758);
#5265=AXIS2_PLACEMENT_3D('',#8348,#5761,#5762);
#5266=AXIS2_PLACEMENT_3D('',#8349,#5763,#5764);
#5267=AXIS2_PLACEMENT_3D('',#8358,#5769,#5770);
#5268=AXIS2_PLACEMENT_3D('',#8364,#5774,#5775);
#5269=AXIS2_PLACEMENT_3D('',#8370,#5779,#5780);
#5270=AXIS2_PLACEMENT_3D('',#8376,#5784,#5785);
#5271=AXIS2_PLACEMENT_3D('',#8382,#5789,#5790);
#5272=AXIS2_PLACEMENT_3D('',#8388,#5794,#5795);
#5273=AXIS2_PLACEMENT_3D('',#8394,#5799,#5800);
#5274=AXIS2_PLACEMENT_3D('',#8400,#5804,#5805);
#5275=AXIS2_PLACEMENT_3D('',#8406,#5809,#5810);
#5276=AXIS2_PLACEMENT_3D('',#8412,#5814,#5815);
#5277=AXIS2_PLACEMENT_3D('',#8418,#5819,#5820);
#5278=AXIS2_PLACEMENT_3D('',#8421,#5823,#5824);
#5279=AXIS2_PLACEMENT_3D('',#8471,#5828,#5829);
#5280=AXIS2_PLACEMENT_3D('',#8477,#5833,#5834);
#5281=AXIS2_PLACEMENT_3D('',#8483,#5838,#5839);
#5282=AXIS2_PLACEMENT_3D('',#8486,#5842,#5843);
#5283=AXIS2_PLACEMENT_3D('',#8495,#5848,#5849);
#5284=AXIS2_PLACEMENT_3D('',#8501,#5853,#5854);
#5285=AXIS2_PLACEMENT_3D('',#8507,#5858,#5859);
#5286=AXIS2_PLACEMENT_3D('',#8513,#5863,#5864);
#5287=AXIS2_PLACEMENT_3D('',#8519,#5868,#5869);
#5288=AXIS2_PLACEMENT_3D('',#8525,#5873,#5874);
#5289=AXIS2_PLACEMENT_3D('',#8531,#5878,#5879);
#5290=AXIS2_PLACEMENT_3D('',#8534,#5882,#5883);
#5291=AXIS2_PLACEMENT_3D('',#8535,#5884,#5885);
#5292=AXIS2_PLACEMENT_3D('',#8659,#5895,#5896);
#5293=AXIS2_PLACEMENT_3D('',#8665,#5900,#5901);
#5294=AXIS2_PLACEMENT_3D('',#8668,#5904,#5905);
#5295=AXIS2_PLACEMENT_3D('',#8677,#5910,#5911);
#5296=AXIS2_PLACEMENT_3D('',#8775,#5919,#5920);
#5297=AXIS2_PLACEMENT_3D('',#8781,#5924,#5925);
#5298=AXIS2_PLACEMENT_3D('',#8787,#5929,#5930);
#5299=AXIS2_PLACEMENT_3D('',#8954,#5941,#5942);
#5300=AXIS2_PLACEMENT_3D('',#8960,#5946,#5947);
#5301=AXIS2_PLACEMENT_3D('',#8966,#5951,#5952);
#5302=AXIS2_PLACEMENT_3D('',#8969,#5955,#5956);
#5303=AXIS2_PLACEMENT_3D('',#8970,#5957,#5958);
#5304=AXIS2_PLACEMENT_3D('',#9255,#5975,#5976);
#5305=AXIS2_PLACEMENT_3D('',#9514,#5991,#5992);
#5306=AXIS2_PLACEMENT_3D('',#9520,#5996,#5997);
#5307=AXIS2_PLACEMENT_3D('',#9526,#6001,#6002);
#5308=AXIS2_PLACEMENT_3D('',#9532,#6006,#6007);
#5309=AXIS2_PLACEMENT_3D('',#9535,#6010,#6011);
#5310=AXIS2_PLACEMENT_3D('',#9536,#6012,#6013);
#5311=AXIS2_PLACEMENT_3D('',#9545,#6018,#6019);
#5312=AXIS2_PLACEMENT_3D('',#9551,#6023,#6024);
#5313=AXIS2_PLACEMENT_3D('',#9557,#6028,#6029);
#5314=AXIS2_PLACEMENT_3D('',#9563,#6033,#6034);
#5315=AXIS2_PLACEMENT_3D('',#9569,#6038,#6039);
#5316=AXIS2_PLACEMENT_3D('',#9575,#6043,#6044);
#5317=AXIS2_PLACEMENT_3D('',#9581,#6048,#6049);
#5318=AXIS2_PLACEMENT_3D('',#9584,#6052,#6053);
#5319=AXIS2_PLACEMENT_3D('',#9585,#6054,#6055);
#5320=AXIS2_PLACEMENT_3D('',#9586,#6056,#6057);
#5321=AXIS2_PLACEMENT_3D('',#9587,#6058,#6059);
#5322=AXIS2_PLACEMENT_3D('',#9588,#6060,#6061);
#5323=AXIS2_PLACEMENT_3D('',#9589,#6062,#6063);
#5324=AXIS2_PLACEMENT_3D('',#9594,#6065,#6066);
#5325=AXIS2_PLACEMENT_3D('',#9598,#6068,#6069);
#5326=AXIS2_PLACEMENT_3D('',#9602,#6071,#6072);
#5327=AXIS2_PLACEMENT_3D('',#9605,#6074,#6075);
#5328=AXIS2_PLACEMENT_3D('',#9606,#6076,#6077);
#5329=AXIS2_PLACEMENT_3D('',#9609,#6080,#6081);
#5330=AXIS2_PLACEMENT_3D('',#9615,#6084,#6085);
#5331=AXIS2_PLACEMENT_3D('',#9619,#6087,#6088);
#5332=AXIS2_PLACEMENT_3D('',#9623,#6090,#6091);
#5333=AXIS2_PLACEMENT_3D('',#9626,#6093,#6094);
#5334=AXIS2_PLACEMENT_3D('',#9627,#6095,#6096);
#5335=AXIS2_PLACEMENT_3D('',#9631,#6099,#6100);
#5336=AXIS2_PLACEMENT_3D('',#9635,#6102,#6103);
#5337=AXIS2_PLACEMENT_3D('',#9638,#6105,#6106);
#5338=AXIS2_PLACEMENT_3D('',#9639,#6107,#6108);
#5339=AXIS2_PLACEMENT_3D('',#9644,#6110,#6111);
#5340=AXIS2_PLACEMENT_3D('',#9647,#6113,#6114);
#5341=AXIS2_PLACEMENT_3D('',#9648,#6115,#6116);
#5342=AXIS2_PLACEMENT_3D('',#9651,#6119,#6120);
#5343=AXIS2_PLACEMENT_3D('',#9653,#6122,#6123);
#5344=AXIS2_PLACEMENT_3D('',#9670,#6126,#6127);
#5345=AXIS2_PLACEMENT_3D('',#9671,#6128,#6129);
#5346=AXIS2_PLACEMENT_3D('',#9674,#6132,#6133);
#5347=AXIS2_PLACEMENT_3D('',#9677,#6136,#6137);
#5348=AXIS2_PLACEMENT_3D('',#9678,#6138,#6139);
#5349=AXIS2_PLACEMENT_3D('',#9683,#6141,#6142);
#5350=AXIS2_PLACEMENT_3D('',#9686,#6144,#6145);
#5351=AXIS2_PLACEMENT_3D('',#9687,#6146,#6147);
#5352=AXIS2_PLACEMENT_3D('',#9690,#6150,#6151);
#5353=AXIS2_PLACEMENT_3D('',#9696,#6155,#6156);
#5354=AXIS2_PLACEMENT_3D('',#9698,#6158,#6159);
#5355=AXIS2_PLACEMENT_3D('',#9701,#6161,#6162);
#5356=AXIS2_PLACEMENT_3D('',#9702,#6163,#6164);
#5357=AXIS2_PLACEMENT_3D('',#9715,#6166,#6167);
#5358=AXIS2_PLACEMENT_3D('',#9717,#6168,#6169);
#5359=AXIS2_PLACEMENT_3D('',#9720,#6171,#6172);
#5360=AXIS2_PLACEMENT_3D('',#9721,#6173,#6174);
#5361=AXIS2_PLACEMENT_3D('',#9723,#6176,#6177);
#5362=AXIS2_PLACEMENT_3D('',#9725,#6179,#6180);
#5363=AXIS2_PLACEMENT_3D('',#9727,#6182,#6183);
#5364=AXIS2_PLACEMENT_3D('',#9733,#6187,#6188);
#5365=AXIS2_PLACEMENT_3D('',#9737,#6191,#6192);
#5366=AXIS2_PLACEMENT_3D('',#9739,#6194,#6195);
#5367=AXIS2_PLACEMENT_3D('',#9742,#6198,#6199);
#5368=AXIS2_PLACEMENT_3D('',#9744,#6201,#6202);
#5369=AXIS2_PLACEMENT_3D('',#9750,#6206,#6207);
#5370=AXIS2_PLACEMENT_3D('',#9753,#6210,#6211);
#5371=AXIS2_PLACEMENT_3D('',#9755,#6212,#6213);
#5372=AXIS2_PLACEMENT_3D('',#9757,#6215,#6216);
#5373=AXIS2_PLACEMENT_3D('',#9759,#6218,#6219);
#5374=AXIS2_PLACEMENT_3D('',#9761,#6220,#6221);
#5375=AXIS2_PLACEMENT_3D('',#9763,#6223,#6224);
#5376=AXIS2_PLACEMENT_3D('',#9767,#6227,#6228);
#5377=AXIS2_PLACEMENT_3D('',#9769,#6230,#6231);
#5378=AXIS2_PLACEMENT_3D('',#9773,#6234,#6235);
#5379=AXIS2_PLACEMENT_3D('',#9775,#6236,#6237);
#5380=AXIS2_PLACEMENT_3D('',#9777,#6239,#6240);
#5381=AXIS2_PLACEMENT_3D('',#9779,#6242,#6243);
#5382=AXIS2_PLACEMENT_3D('',#9781,#6244,#6245);
#5383=AXIS2_PLACEMENT_3D('',#9783,#6247,#6248);
#5384=AXIS2_PLACEMENT_3D('',#9785,#6250,#6251);
#5385=AXIS2_PLACEMENT_3D('',#9787,#6253,#6254);
#5386=AXIS2_PLACEMENT_3D('',#9789,#6256,#6257);
#5387=AXIS2_PLACEMENT_3D('',#9791,#6259,#6260);
#5388=AXIS2_PLACEMENT_3D('',#9792,#6261,#6262);
#5389=AXIS2_PLACEMENT_3D('',#9795,#6264,#6265);
#5390=AXIS2_PLACEMENT_3D('',#9796,#6266,#6267);
#5391=AXIS2_PLACEMENT_3D('',#9798,#6269,#6270);
#5392=AXIS2_PLACEMENT_3D('',#9800,#6272,#6273);
#5393=AXIS2_PLACEMENT_3D('',#9801,#6274,#6275);
#5394=AXIS2_PLACEMENT_3D('',#9803,#6276,#6277);
#5395=AXIS2_PLACEMENT_3D('',#9805,#6279,#6280);
#5396=AXIS2_PLACEMENT_3D('',#9814,#6285,#6286);
#5397=AXIS2_PLACEMENT_3D('',#9820,#6290,#6291);
#5398=AXIS2_PLACEMENT_3D('',#9826,#6295,#6296);
#5399=AXIS2_PLACEMENT_3D('',#9829,#6299,#6300);
#5400=AXIS2_PLACEMENT_3D('',#9833,#6303,#6304);
#5401=AXIS2_PLACEMENT_3D('',#9834,#6305,#6306);
#5402=AXIS2_PLACEMENT_3D('',#9836,#6308,#6309);
#5403=AXIS2_PLACEMENT_3D('',#9837,#6310,#6311);
#5404=AXIS2_PLACEMENT_3D('',#9838,#6312,#6313);
#5405=DIRECTION('axis',(0.,0.,1.));
#5406=DIRECTION('refdir',(1.,0.,0.));
#5407=DIRECTION('center_axis',(0.,0.,-1.));
#5408=DIRECTION('ref_axis',(-1.,0.,0.));
#5409=DIRECTION('center_axis',(0.,0.,1.));
#5410=DIRECTION('ref_axis',(1.,0.,0.));
#5411=DIRECTION('center_axis',(-1.66646866227939E-29,-9.38138455808256E-15,
1.));
#5412=DIRECTION('ref_axis',(-1.77635683940025E-15,-1.,-9.38138455808256E-15));
#5413=DIRECTION('center_axis',(0.,-9.38138455808256E-15,1.));
#5414=DIRECTION('ref_axis',(1.,0.,0.));
#5415=DIRECTION('center_axis',(0.,-9.62193288008469E-15,1.));
#5416=DIRECTION('ref_axis',(1.,0.,0.));
#5417=DIRECTION('',(0.,-9.62193288008469E-15,1.));
#5418=DIRECTION('center_axis',(0.,-9.62193288008469E-15,1.));
#5419=DIRECTION('ref_axis',(1.,0.,0.));
#5420=DIRECTION('center_axis',(0.,-9.38138455808256E-15,1.));
#5421=DIRECTION('ref_axis',(1.,0.,0.));
#5422=DIRECTION('',(0.,-9.62193288008469E-15,1.));
#5423=DIRECTION('center_axis',(0.,0.,1.));
#5424=DIRECTION('ref_axis',(1.,0.,0.));
#5425=DIRECTION('center_axis',(0.,-9.38138455808256E-15,1.));
#5426=DIRECTION('ref_axis',(0.,-1.,-9.38138455808256E-15));
#5427=DIRECTION('center_axis',(0.,0.,-1.));
#5428=DIRECTION('ref_axis',(-1.,0.,0.));
#5429=DIRECTION('center_axis',(-0.816496580927727,-0.408248290463864,0.40824829046386));
#5430=DIRECTION('ref_axis',(0.577350269189626,-0.577350269189629,0.577350269189623));
#5431=DIRECTION('center_axis',(0.,-1.,0.));
#5432=DIRECTION('ref_axis',(0.,0.,1.));
#5433=DIRECTION('center_axis',(1.,-3.15544362088405E-29,3.5527136788005E-15));
#5434=DIRECTION('ref_axis',(0.,-1.,-8.88178419700126E-15));
#5435=DIRECTION('center_axis',(0.,-8.88178419700125E-15,1.));
#5436=DIRECTION('ref_axis',(1.,0.,0.));
#5437=DIRECTION('center_axis',(-0.40824829046386,-0.816496580927727,0.408248290463865));
#5438=DIRECTION('ref_axis',(-0.57735026918962,0.577350269189627,0.577350269189631));
#5439=DIRECTION('center_axis',(0.,1.,0.));
#5440=DIRECTION('ref_axis',(0.,0.,1.));
#5441=DIRECTION('center_axis',(-1.,-3.15544362088405E-29,3.5527136788005E-15));
#5442=DIRECTION('ref_axis',(0.,1.,8.88178419700125E-15));
#5443=DIRECTION('center_axis',(0.,-7.105427357601E-15,1.));
#5444=DIRECTION('ref_axis',(-1.,0.,0.));
#5445=DIRECTION('center_axis',(-1.,-8.8817841970013E-16,0.));
#5446=DIRECTION('ref_axis',(-1.25607396694702E-15,0.707106781186545,0.70710678118655));
#5447=DIRECTION('',(-1.,-8.8817841970013E-16,0.));
#5448=DIRECTION('',(1.,8.8817841970013E-16,0.));
#5449=DIRECTION('center_axis',(-0.707106781186639,0.707106781186456,0.));
#5450=DIRECTION('ref_axis',(0.707106781186456,0.707106781186639,0.));
#5451=DIRECTION('center_axis',(0.,9.62193288008469E-15,-1.));
#5452=DIRECTION('ref_axis',(-0.707106781186547,0.707106781186547,6.59438832647186E-15));
#5453=DIRECTION('center_axis',(0.,-9.37521665239021E-15,1.));
#5454=DIRECTION('ref_axis',(-0.707106781186547,0.707106781186547,6.59438832647186E-15));
#5455=DIRECTION('',(0.,-9.62193288008469E-15,1.));
#5456=DIRECTION('',(0.,9.62193288008469E-15,-1.));
#5457=DIRECTION('center_axis',(-0.40824829046386,-0.408248290463861,-0.816496580927729));
#5458=DIRECTION('ref_axis',(-0.577350269189628,-0.577350269189627,0.577350269189623));
#5459=DIRECTION('center_axis',(0.,-8.88178419700125E-15,1.));
#5460=DIRECTION('ref_axis',(0.,-1.,-8.88178419700125E-15));
#5461=DIRECTION('center_axis',(-1.,0.,0.));
#5462=DIRECTION('ref_axis',(0.,0.,1.));
#5463=DIRECTION('center_axis',(0.,-1.,0.));
#5464=DIRECTION('ref_axis',(-1.,0.,0.));
#5465=DIRECTION('center_axis',(1.,4.44089209850058E-16,0.));
#5466=DIRECTION('ref_axis',(0.,-0.70710678118655,0.707106781186545));
#5467=DIRECTION('',(-1.,-4.44089209850058E-16,0.));
#5468=DIRECTION('',(1.,4.44089209850058E-16,0.));
#5469=DIRECTION('center_axis',(0.,1.,0.));
#5470=DIRECTION('ref_axis',(-0.707106781186547,0.,0.707106781186547));
#5471=DIRECTION('',(0.,-1.,0.));
#5472=DIRECTION('',(0.,1.,0.));
#5473=DIRECTION('center_axis',(0.,-9.62193288008469E-15,1.));
#5474=DIRECTION('ref_axis',(-0.707106781186547,-0.707106781186548,-6.2803698347351E-15));
#5475=DIRECTION('center_axis',(0.,-9.37521665239021E-15,1.));
#5476=DIRECTION('ref_axis',(-0.707106781186547,-0.707106781186548,-6.2803698347351E-15));
#5477=DIRECTION('',(0.,-9.62193288008469E-15,1.));
#5478=DIRECTION('',(0.,9.62193288008469E-15,-1.));
#5479=DIRECTION('center_axis',(0.,-1.,0.));
#5480=DIRECTION('ref_axis',(0.707106781186547,0.,0.707106781186547));
#5481=DIRECTION('',(0.,-1.,0.));
#5482=DIRECTION('',(0.,1.,0.));
#5483=DIRECTION('center_axis',(0.,9.62193288008469E-15,-1.));
#5484=DIRECTION('ref_axis',(0.707106781186547,-0.707106781186547,-7.53644380168212E-15));
#5485=DIRECTION('center_axis',(0.,-9.37521665239021E-15,1.));
#5486=DIRECTION('ref_axis',(0.707106781186547,-0.707106781186547,-7.53644380168212E-15));
#5487=DIRECTION('',(0.,-9.62193288008469E-15,1.));
#5488=DIRECTION('',(0.,9.62193288008469E-15,-1.));
#5489=DIRECTION('center_axis',(-8.8817841970013E-16,1.,9.62193288008469E-15));
#5490=DIRECTION('ref_axis',(-1.,-8.88178419699917E-16,-2.21417841306201E-14));
#5491=DIRECTION('',(0.,0.,1.));
#5492=DIRECTION('',(-1.,0.,0.));
#5493=DIRECTION('',(0.,9.62193288008469E-15,-1.));
#5494=DIRECTION('center_axis',(8.8817841970013E-16,-1.,-9.62193288008469E-15));
#5495=DIRECTION('ref_axis',(-1.,0.,8.88178419700127E-16));
#5496=DIRECTION('',(1.,8.8817841970013E-16,0.));
#5497=DIRECTION('center_axis',(8.8817841970013E-16,-1.,-9.62193288008469E-15));
#5498=DIRECTION('ref_axis',(-7.77156117237611E-16,0.,-1.));
#5499=DIRECTION('',(0.,-9.62193288008469E-15,1.));
#5500=DIRECTION('center_axis',(8.8817841970013E-16,-1.,-9.62193288008469E-15));
#5501=DIRECTION('ref_axis',(1.,0.,-4.44089209850063E-16));
#5502=DIRECTION('',(-1.,-8.8817841970013E-16,0.));
#5503=DIRECTION('center_axis',(8.8817841970013E-16,-1.,-9.62193288008469E-15));
#5504=DIRECTION('ref_axis',(4.44089209850063E-16,0.,1.));
#5505=DIRECTION('center_axis',(1.,0.,0.));
#5506=DIRECTION('ref_axis',(0.,1.,-1.27603995725376E-14));
#5507=DIRECTION('',(-4.93432455388777E-17,1.,0.));
#5508=DIRECTION('',(0.,1.,0.));
#5509=DIRECTION('',(0.,0.,1.));
#5510=DIRECTION('center_axis',(-1.,0.,0.));
#5511=DIRECTION('ref_axis',(0.,-0.707106781186542,-0.707106781186552));
#5512=DIRECTION('',(0.,-9.37521665239021E-15,1.));
#5513=DIRECTION('center_axis',(-1.,0.,0.));
#5514=DIRECTION('ref_axis',(-1.57009245868377E-16,-0.707106781186554,0.707106781186541));
#5515=DIRECTION('',(0.,1.,-1.27603995725376E-14));
#5516=DIRECTION('center_axis',(-1.,0.,0.));
#5517=DIRECTION('ref_axis',(0.,0.707106781186541,0.707106781186554));
#5518=DIRECTION('',(0.,9.37521665239021E-15,-1.));
#5519=DIRECTION('center_axis',(-1.,0.,0.));
#5520=DIRECTION('ref_axis',(0.,0.707106781186549,-0.707106781186546));
#5521=DIRECTION('',(0.,0.,-1.));
#5522=DIRECTION('',(0.,1.,0.));
#5523=DIRECTION('center_axis',(1.,0.,0.));
#5524=DIRECTION('ref_axis',(0.,0.707106781186535,0.70710678118656));
#5525=DIRECTION('',(0.,0.,-1.));
#5526=DIRECTION('center_axis',(1.,0.,0.));
#5527=DIRECTION('ref_axis',(0.,0.707106781186535,-0.70710678118656));
#5528=DIRECTION('',(0.,-1.,0.));
#5529=DIRECTION('center_axis',(1.,0.,0.));
#5530=DIRECTION('ref_axis',(0.,-0.707106781186541,-0.707106781186554));
#5531=DIRECTION('',(0.,0.,1.));
#5532=DIRECTION('center_axis',(1.,0.,0.));
#5533=DIRECTION('ref_axis',(0.,-0.707106781186541,0.707106781186554));
#5534=DIRECTION('center_axis',(4.44089209850058E-16,-1.,-9.62193288008469E-15));
#5535=DIRECTION('ref_axis',(1.,4.44089209850271E-16,-2.21417841306202E-14));
#5536=DIRECTION('',(-1.,0.,0.));
#5537=DIRECTION('',(0.,-9.62193288008469E-15,1.));
#5538=DIRECTION('center_axis',(-4.44089209850058E-16,1.,9.62193288008469E-15));
#5539=DIRECTION('ref_axis',(4.44089209850063E-16,0.,1.));
#5540=DIRECTION('',(1.,4.44089209850058E-16,0.));
#5541=DIRECTION('center_axis',(-4.44089209850058E-16,1.,9.62193288008469E-15));
#5542=DIRECTION('ref_axis',(1.,0.,-4.44089209850063E-16));
#5543=DIRECTION('',(0.,9.62193288008469E-15,-1.));
#5544=DIRECTION('center_axis',(-4.44089209850058E-16,1.,9.62193288008469E-15));
#5545=DIRECTION('ref_axis',(-7.77156117237611E-16,0.,-1.));
#5546=DIRECTION('',(-1.,-4.44089209850058E-16,0.));
#5547=DIRECTION('center_axis',(-4.44089209850058E-16,1.,9.62193288008469E-15));
#5548=DIRECTION('ref_axis',(-1.,0.,8.88178419700127E-16));
#5549=DIRECTION('center_axis',(0.,0.,1.));
#5550=DIRECTION('ref_axis',(-1.,0.,0.));
#5551=DIRECTION('',(0.,1.,9.38138455808256E-15));
#5552=DIRECTION('',(1.,0.,0.));
#5553=DIRECTION('',(5.03760447356262E-17,-1.,-9.38138455808256E-15));
#5554=DIRECTION('',(-1.,-5.03760447356263E-17,-4.72597048180081E-31));
#5555=DIRECTION('',(1.,0.,0.));
#5556=DIRECTION('',(1.,0.,0.));
#5557=DIRECTION('',(1.,0.,0.));
#5558=DIRECTION('',(1.,0.,0.));
#5559=DIRECTION('',(1.,0.,0.));
#5560=DIRECTION('',(1.,0.,0.));
#5561=DIRECTION('',(1.,0.,0.));
#5562=DIRECTION('',(1.,0.,0.));
#5563=DIRECTION('',(1.,0.,0.));
#5564=DIRECTION('',(1.,0.,0.));
#5565=DIRECTION('center_axis',(0.,-0.229322766698026,-0.973350434670866));
#5566=DIRECTION('ref_axis',(0.,0.973350434670865,-0.229322766698026));
#5567=DIRECTION('',(0.,0.973350434670865,-0.229322766698026));
#5568=DIRECTION('',(1.,0.,0.));
#5569=DIRECTION('',(0.,0.973350434670865,-0.229322766698026));
#5570=DIRECTION('',(1.,0.,0.));
#5571=DIRECTION('',(1.,0.,0.));
#5572=DIRECTION('',(1.,0.,0.));
#5573=DIRECTION('',(1.,0.,0.));
#5574=DIRECTION('',(1.,0.,0.));
#5575=DIRECTION('',(1.,0.,0.));
#5576=DIRECTION('',(1.,0.,0.));
#5577=DIRECTION('',(1.,0.,0.));
#5578=DIRECTION('',(1.,0.,0.));
#5579=DIRECTION('',(1.,0.,0.));
#5580=DIRECTION('center_axis',(0.,-0.244885902705605,0.969551904054683));
#5581=DIRECTION('ref_axis',(0.,-0.969551904054683,-0.244885902705605));
#5582=DIRECTION('',(0.,-0.969551904054683,-0.244885902705605));
#5583=DIRECTION('',(1.,0.,0.));
#5584=DIRECTION('',(0.,-0.969551904054683,-0.244885902705605));
#5585=DIRECTION('center_axis',(-1.,0.,0.));
#5586=DIRECTION('ref_axis',(0.,-1.,0.));
#5587=DIRECTION('center_axis',(0.,1.,0.));
#5588=DIRECTION('ref_axis',(0.,0.,1.));
#5589=DIRECTION('',(0.,0.,1.));
#5590=DIRECTION('',(1.,0.,0.));
#5591=DIRECTION('',(0.,0.,1.));
#5592=DIRECTION('',(1.,0.,0.));
#5593=DIRECTION('',(1.,0.,0.));
#5594=DIRECTION('',(1.,0.,0.));
#5595=DIRECTION('',(1.,0.,0.));
#5596=DIRECTION('',(1.,0.,0.));
#5597=DIRECTION('',(1.,0.,0.));
#5598=DIRECTION('',(1.,0.,0.));
#5599=DIRECTION('',(1.,0.,0.));
#5600=DIRECTION('',(1.,0.,0.));
#5601=DIRECTION('',(1.,0.,0.));
#5602=DIRECTION('',(1.,0.,0.));
#5603=DIRECTION('',(1.,0.,0.));
#5604=DIRECTION('',(1.,0.,0.));
#5605=DIRECTION('center_axis',(0.,-0.264514926903994,-0.964381591199757));
#5606=DIRECTION('ref_axis',(0.,0.964381591199757,-0.264514926903994));
#5607=DIRECTION('',(0.,0.964381591199757,-0.264514926903994));
#5608=DIRECTION('',(1.,0.,0.));
#5609=DIRECTION('',(0.,0.964381591199757,-0.264514926903994));
#5610=DIRECTION('',(1.,0.,0.));
#5611=DIRECTION('',(1.,0.,0.));
#5612=DIRECTION('',(1.,0.,0.));
#5613=DIRECTION('',(1.,0.,0.));
#5614=DIRECTION('',(1.,0.,0.));
#5615=DIRECTION('',(1.,0.,0.));
#5616=DIRECTION('',(1.,0.,0.));
#5617=DIRECTION('',(1.,0.,0.));
#5618=DIRECTION('',(1.,0.,0.));
#5619=DIRECTION('',(1.,0.,0.));
#5620=DIRECTION('',(1.,0.,0.));
#5621=DIRECTION('center_axis',(0.,-1.,0.));
#5622=DIRECTION('ref_axis',(0.,0.,-1.));
#5623=DIRECTION('',(0.,0.,-1.));
#5624=DIRECTION('',(1.,0.,0.));
#5625=DIRECTION('',(0.,0.,-1.));
#5626=DIRECTION('center_axis',(0.,0.0016108367958184,0.999998702601567));
#5627=DIRECTION('ref_axis',(0.,-0.999998702601567,0.0016108367958184));
#5628=DIRECTION('',(0.,-0.999998702601567,0.0016108367958184));
#5629=DIRECTION('',(1.,0.,0.));
#5630=DIRECTION('',(0.,-0.999998702601567,0.0016108367958184));
#5631=DIRECTION('center_axis',(0.,1.,0.));
#5632=DIRECTION('ref_axis',(0.,0.,1.));
#5633=DIRECTION('',(0.,0.,1.));
#5634=DIRECTION('',(1.,0.,0.));
#5635=DIRECTION('',(0.,0.,1.));
#5636=DIRECTION('center_axis',(0.,0.,-1.));
#5637=DIRECTION('ref_axis',(0.,1.,0.));
#5638=DIRECTION('',(0.,1.,0.));
#5639=DIRECTION('',(0.,1.,0.));
#5640=DIRECTION('center_axis',(-1.,0.,0.));
#5641=DIRECTION('ref_axis',(0.,-1.,0.));
#5642=DIRECTION('center_axis',(0.,0.,-1.));
#5643=DIRECTION('ref_axis',(0.,1.,0.));
#5644=DIRECTION('',(0.,1.,0.));
#5645=DIRECTION('',(1.,0.,0.));
#5646=DIRECTION('',(0.,1.,0.));
#5647=DIRECTION('',(1.,0.,0.));
#5648=DIRECTION('',(1.,0.,0.));
#5649=DIRECTION('',(1.,0.,0.));
#5650=DIRECTION('',(1.,0.,0.));
#5651=DIRECTION('',(1.,0.,0.));
#5652=DIRECTION('',(1.,0.,0.));
#5653=DIRECTION('center_axis',(0.,0.,1.));
#5654=DIRECTION('ref_axis',(0.,-1.,0.));
#5655=DIRECTION('',(0.,-1.,0.));
#5656=DIRECTION('',(1.,0.,0.));
#5657=DIRECTION('',(0.,-1.,0.));
#5658=DIRECTION('center_axis',(0.,-1.,0.));
#5659=DIRECTION('ref_axis',(0.,0.,-1.));
#5660=DIRECTION('',(0.,0.,-1.));
#5661=DIRECTION('',(0.,0.,-1.));
#5662=DIRECTION('center_axis',(0.,-1.,0.));
#5663=DIRECTION('ref_axis',(0.,0.,-1.));
#5664=DIRECTION('',(0.,0.,-1.));
#5665=DIRECTION('',(1.,0.,0.));
#5666=DIRECTION('',(0.,0.,-1.));
#5667=DIRECTION('',(1.,0.,0.));
#5668=DIRECTION('center_axis',(0.,0.,-1.));
#5669=DIRECTION('ref_axis',(0.,1.,0.));
#5670=DIRECTION('',(0.,1.,0.));
#5671=DIRECTION('',(1.,0.,0.));
#5672=DIRECTION('',(0.,1.,0.));
#5673=DIRECTION('',(1.,0.,0.));
#5674=DIRECTION('',(1.,0.,0.));
#5675=DIRECTION('',(1.,0.,0.));
#5676=DIRECTION('',(1.,0.,0.));
#5677=DIRECTION('center_axis',(0.,0.843775519593342,-0.536696257239591));
#5678=DIRECTION('ref_axis',(0.,0.536696257239591,0.843775519593342));
#5679=DIRECTION('',(0.,0.536696257239591,0.843775519593342));
#5680=DIRECTION('',(1.,0.,0.));
#5681=DIRECTION('',(0.,0.536696257239591,0.843775519593342));
#5682=DIRECTION('center_axis',(0.,0.,-1.));
#5683=DIRECTION('ref_axis',(0.,1.,0.));
#5684=DIRECTION('',(0.,1.,0.));
#5685=DIRECTION('',(1.,0.,0.));
#5686=DIRECTION('',(0.,1.,0.));
#5687=DIRECTION('center_axis',(0.,-0.842616547394884,0.538514024010819));
#5688=DIRECTION('ref_axis',(0.,-0.538514024010819,-0.842616547394884));
#5689=DIRECTION('',(0.,-0.538514024010819,-0.842616547394884));
#5690=DIRECTION('',(1.,0.,0.));
#5691=DIRECTION('',(0.,-0.538514024010819,-0.842616547394884));
#5692=DIRECTION('',(1.,0.,0.));
#5693=DIRECTION('',(1.,0.,0.));
#5694=DIRECTION('',(1.,0.,0.));
#5695=DIRECTION('',(1.,0.,0.));
#5696=DIRECTION('',(1.,0.,0.));
#5697=DIRECTION('',(1.,0.,0.));
#5698=DIRECTION('',(1.,0.,0.));
#5699=DIRECTION('center_axis',(0.,0.,1.));
#5700=DIRECTION('ref_axis',(0.,-1.,0.));
#5701=DIRECTION('',(0.,-1.,0.));
#5702=DIRECTION('',(1.,0.,0.));
#5703=DIRECTION('',(0.,-1.,0.));
#5704=DIRECTION('center_axis',(0.,1.,0.));
#5705=DIRECTION('ref_axis',(0.,0.,1.));
#5706=DIRECTION('',(0.,0.,1.));
#5707=DIRECTION('',(1.,0.,0.));
#5708=DIRECTION('',(0.,0.,1.));
#5709=DIRECTION('center_axis',(0.,0.,-1.));
#5710=DIRECTION('ref_axis',(0.,1.,0.));
#5711=DIRECTION('',(0.,1.,0.));
#5712=DIRECTION('',(0.,1.,0.));
#5713=DIRECTION('center_axis',(-1.,0.,0.));
#5714=DIRECTION('ref_axis',(0.,-1.,0.));
#5715=DIRECTION('center_axis',(0.,0.,-1.));
#5716=DIRECTION('ref_axis',(0.,1.,0.));
#5717=DIRECTION('',(0.,1.,0.));
#5718=DIRECTION('',(1.,0.,0.));
#5719=DIRECTION('',(0.,1.,0.));
#5720=DIRECTION('',(1.,0.,0.));
#5721=DIRECTION('',(1.,0.,0.));
#5722=DIRECTION('',(1.,0.,0.));
#5723=DIRECTION('',(1.,0.,0.));
#5724=DIRECTION('',(1.,0.,0.));
#5725=DIRECTION('',(1.,0.,0.));
#5726=DIRECTION('',(1.,0.,0.));
#5727=DIRECTION('',(1.,0.,0.));
#5728=DIRECTION('center_axis',(0.,0.,1.));
#5729=DIRECTION('ref_axis',(0.,-1.,0.));
#5730=DIRECTION('',(0.,-1.,0.));
#5731=DIRECTION('',(1.,0.,0.));
#5732=DIRECTION('',(0.,-1.,0.));
#5733=DIRECTION('center_axis',(0.,-1.,0.));
#5734=DIRECTION('ref_axis',(0.,0.,-1.));
#5735=DIRECTION('',(0.,0.,-1.));
#5736=DIRECTION('',(0.,0.,-1.));
#5737=DIRECTION('',(1.,0.,0.));
#5738=DIRECTION('',(1.,0.,0.));
#5739=DIRECTION('',(1.,0.,0.));
#5740=DIRECTION('',(1.,0.,0.));
#5741=DIRECTION('',(1.,0.,0.));
#5742=DIRECTION('',(1.,0.,0.));
#5743=DIRECTION('',(1.,0.,0.));
#5744=DIRECTION('',(1.,0.,0.));
#5745=DIRECTION('',(1.,0.,0.));
#5746=DIRECTION('',(1.,0.,0.));
#5747=DIRECTION('center_axis',(0.,0.,1.));
#5748=DIRECTION('ref_axis',(0.,-1.,0.));
#5749=DIRECTION('',(0.,-1.,0.));
#5750=DIRECTION('',(1.,0.,0.));
#5751=DIRECTION('',(0.,-1.,0.));
#5752=DIRECTION('center_axis',(0.,1.,0.));
#5753=DIRECTION('ref_axis',(0.,0.,1.));
#5754=DIRECTION('',(0.,0.,1.));
#5755=DIRECTION('',(1.,0.,0.));
#5756=DIRECTION('',(0.,0.,1.));
#5757=DIRECTION('center_axis',(0.,0.,-1.));
#5758=DIRECTION('ref_axis',(0.,1.,0.));
#5759=DIRECTION('',(0.,1.,0.));
#5760=DIRECTION('',(0.,1.,0.));
#5761=DIRECTION('center_axis',(-1.,0.,0.));
#5762=DIRECTION('ref_axis',(0.,-1.,0.));
#5763=DIRECTION('center_axis',(0.,-1.,0.));
#5764=DIRECTION('ref_axis',(0.,0.,-1.));
#5765=DIRECTION('',(0.,0.,-1.));
#5766=DIRECTION('',(1.,0.,0.));
#5767=DIRECTION('',(0.,0.,-1.));
#5768=DIRECTION('',(1.,0.,0.));
#5769=DIRECTION('center_axis',(0.,0.,1.));
#5770=DIRECTION('ref_axis',(0.,-1.,0.));
#5771=DIRECTION('',(0.,-1.,0.));
#5772=DIRECTION('',(1.,0.,0.));
#5773=DIRECTION('',(0.,-1.,0.));
#5774=DIRECTION('center_axis',(0.,-1.,0.));
#5775=DIRECTION('ref_axis',(0.,0.,-1.));
#5776=DIRECTION('',(0.,0.,-1.));
#5777=DIRECTION('',(1.,0.,0.));
#5778=DIRECTION('',(0.,0.,-1.));
#5779=DIRECTION('center_axis',(0.,0.,-1.));
#5780=DIRECTION('ref_axis',(0.,1.,0.));
#5781=DIRECTION('',(0.,1.,0.));
#5782=DIRECTION('',(1.,0.,0.));
#5783=DIRECTION('',(0.,1.,0.));
#5784=DIRECTION('center_axis',(0.,-1.,0.));
#5785=DIRECTION('ref_axis',(0.,0.,-1.));
#5786=DIRECTION('',(0.,0.,-1.));
#5787=DIRECTION('',(1.,0.,0.));
#5788=DIRECTION('',(0.,0.,-1.));
#5789=DIRECTION('center_axis',(0.,0.,1.));
#5790=DIRECTION('ref_axis',(0.,-1.,0.));
#5791=DIRECTION('',(0.,-1.,0.));
#5792=DIRECTION('',(1.,0.,0.));
#5793=DIRECTION('',(0.,-1.,0.));
#5794=DIRECTION('center_axis',(0.,-1.,0.));
#5795=DIRECTION('ref_axis',(0.,0.,-1.));
#5796=DIRECTION('',(0.,0.,-1.));
#5797=DIRECTION('',(1.,0.,0.));
#5798=DIRECTION('',(0.,0.,-1.));
#5799=DIRECTION('center_axis',(0.,0.,-1.));
#5800=DIRECTION('ref_axis',(0.,1.,0.));
#5801=DIRECTION('',(0.,1.,0.));
#5802=DIRECTION('',(1.,0.,0.));
#5803=DIRECTION('',(0.,1.,0.));
#5804=DIRECTION('center_axis',(0.,-1.,0.));
#5805=DIRECTION('ref_axis',(0.,0.,-1.));
#5806=DIRECTION('',(0.,0.,-1.));
#5807=DIRECTION('',(1.,0.,0.));
#5808=DIRECTION('',(0.,0.,-1.));
#5809=DIRECTION('center_axis',(0.,0.,1.));
#5810=DIRECTION('ref_axis',(0.,-1.,0.));
#5811=DIRECTION('',(0.,-1.,0.));
#5812=DIRECTION('',(1.,0.,0.));
#5813=DIRECTION('',(0.,-1.,0.));
#5814=DIRECTION('center_axis',(0.,1.,0.));
#5815=DIRECTION('ref_axis',(0.,0.,1.));
#5816=DIRECTION('',(0.,0.,1.));
#5817=DIRECTION('',(1.,0.,0.));
#5818=DIRECTION('',(0.,0.,1.));
#5819=DIRECTION('center_axis',(0.,0.,-1.));
#5820=DIRECTION('ref_axis',(0.,1.,0.));
#5821=DIRECTION('',(0.,1.,0.));
#5822=DIRECTION('',(0.,1.,0.));
#5823=DIRECTION('center_axis',(1.,0.,0.));
#5824=DIRECTION('ref_axis',(0.,0.,-1.));
#5825=DIRECTION('',(1.,0.,0.));
#5826=DIRECTION('',(1.,0.,0.));
#5827=DIRECTION('',(1.,0.,0.));
#5828=DIRECTION('center_axis',(0.,0.935759714934362,-0.352638279127438));
#5829=DIRECTION('ref_axis',(0.,0.352638279127438,0.935759714934362));
#5830=DIRECTION('',(0.,0.352638279127438,0.935759714934362));
#5831=DIRECTION('',(1.,0.,0.));
#5832=DIRECTION('',(0.,0.352638279127438,0.935759714934362));
#5833=DIRECTION('center_axis',(0.,0.,1.));
#5834=DIRECTION('ref_axis',(0.,-1.,0.));
#5835=DIRECTION('',(0.,-1.,0.));
#5836=DIRECTION('',(1.,0.,0.));
#5837=DIRECTION('',(0.,-1.,0.));
#5838=DIRECTION('center_axis',(0.,-0.93650805999444,-0.35064605168952));
#5839=DIRECTION('ref_axis',(0.,0.35064605168952,-0.93650805999444));
#5840=DIRECTION('',(0.,0.35064605168952,-0.93650805999444));
#5841=DIRECTION('',(0.,0.35064605168952,-0.93650805999444));
#5842=DIRECTION('center_axis',(0.,-0.940102307503747,-0.34089243380593));
#5843=DIRECTION('ref_axis',(0.,0.34089243380593,-0.940102307503747));
#5844=DIRECTION('',(0.,0.34089243380593,-0.940102307503747));
#5845=DIRECTION('',(1.,0.,0.));
#5846=DIRECTION('',(0.,0.34089243380593,-0.940102307503747));
#5847=DIRECTION('',(1.,0.,0.));
#5848=DIRECTION('center_axis',(0.,0.,-1.));
#5849=DIRECTION('ref_axis',(0.,1.,0.));
#5850=DIRECTION('',(0.,1.,0.));
#5851=DIRECTION('',(1.,0.,0.));
#5852=DIRECTION('',(0.,1.,0.));
#5853=DIRECTION('center_axis',(0.,0.933183063008595,-0.359401406388313));
#5854=DIRECTION('ref_axis',(0.,0.359401406388313,0.933183063008595));
#5855=DIRECTION('',(0.,0.359401406388313,0.933183063008595));
#5856=DIRECTION('',(1.,0.,0.));
#5857=DIRECTION('',(0.,0.359401406388313,0.933183063008595));
#5858=DIRECTION('center_axis',(0.,0.,-1.));
#5859=DIRECTION('ref_axis',(0.,1.,0.));
#5860=DIRECTION('',(0.,1.,0.));
#5861=DIRECTION('',(1.,0.,0.));
#5862=DIRECTION('',(0.,1.,0.));
#5863=DIRECTION('center_axis',(0.,-0.92548660185479,0.378780345038221));
#5864=DIRECTION('ref_axis',(0.,-0.378780345038221,-0.92548660185479));
#5865=DIRECTION('',(0.,-0.378780345038221,-0.92548660185479));
#5866=DIRECTION('',(1.,0.,0.));
#5867=DIRECTION('',(0.,-0.378780345038221,-0.92548660185479));
#5868=DIRECTION('center_axis',(0.,0.,1.));
#5869=DIRECTION('ref_axis',(0.,-1.,0.));
#5870=DIRECTION('',(0.,-1.,0.));
#5871=DIRECTION('',(1.,0.,0.));
#5872=DIRECTION('',(0.,-1.,0.));
#5873=DIRECTION('center_axis',(0.,0.93352601649969,0.358509660285772));
#5874=DIRECTION('ref_axis',(0.,-0.358509660285772,0.93352601649969));
#5875=DIRECTION('',(0.,-0.358509660285772,0.93352601649969));
#5876=DIRECTION('',(1.,0.,0.));
#5877=DIRECTION('',(0.,-0.358509660285772,0.93352601649969));
#5878=DIRECTION('center_axis',(0.,0.,-1.));
#5879=DIRECTION('ref_axis',(0.,1.,0.));
#5880=DIRECTION('',(0.,1.,0.));
#5881=DIRECTION('',(0.,1.,0.));
#5882=DIRECTION('center_axis',(-1.,0.,0.));
#5883=DIRECTION('ref_axis',(0.,-1.,0.));
#5884=DIRECTION('center_axis',(0.,0.,-1.));
#5885=DIRECTION('ref_axis',(0.,1.,0.));
#5886=DIRECTION('',(0.,1.,0.));
#5887=DIRECTION('',(1.,0.,0.));
#5888=DIRECTION('',(0.,1.,0.));
#5889=DIRECTION('',(1.,0.,0.));
#5890=DIRECTION('',(1.,0.,0.));
#5891=DIRECTION('',(1.,0.,0.));
#5892=DIRECTION('',(1.,0.,0.));
#5893=DIRECTION('',(1.,0.,0.));
#5894=DIRECTION('',(1.,0.,0.));
#5895=DIRECTION('center_axis',(0.,0.,1.));
#5896=DIRECTION('ref_axis',(0.,-1.,0.));
#5897=DIRECTION('',(0.,-1.,0.));
#5898=DIRECTION('',(1.,0.,0.));
#5899=DIRECTION('',(0.,-1.,0.));
#5900=DIRECTION('center_axis',(0.,-1.,0.));
#5901=DIRECTION('ref_axis',(0.,0.,-1.));
#5902=DIRECTION('',(0.,0.,-1.));
#5903=DIRECTION('',(0.,0.,-1.));
#5904=DIRECTION('center_axis',(0.,-1.,0.));
#5905=DIRECTION('ref_axis',(0.,0.,-1.));
#5906=DIRECTION('',(0.,0.,-1.));
#5907=DIRECTION('',(1.,0.,0.));
#5908=DIRECTION('',(0.,0.,-1.));
#5909=DIRECTION('',(1.,0.,0.));
#5910=DIRECTION('center_axis',(0.,0.,-1.));
#5911=DIRECTION('ref_axis',(0.,1.,0.));
#5912=DIRECTION('',(0.,1.,0.));
#5913=DIRECTION('',(1.,0.,0.));
#5914=DIRECTION('',(0.,1.,0.));
#5915=DIRECTION('',(1.,0.,0.));
#5916=DIRECTION('',(1.,0.,0.));
#5917=DIRECTION('',(1.,0.,0.));
#5918=DIRECTION('',(1.,0.,0.));
#5919=DIRECTION('center_axis',(0.,0.843775738533904,-0.536695913028565));
#5920=DIRECTION('ref_axis',(0.,0.536695913028565,0.843775738533904));
#5921=DIRECTION('',(0.,0.536695913028565,0.843775738533904));
#5922=DIRECTION('',(1.,0.,0.));
#5923=DIRECTION('',(0.,0.536695913028565,0.843775738533904));
#5924=DIRECTION('center_axis',(0.,0.,-1.));
#5925=DIRECTION('ref_axis',(0.,1.,0.));
#5926=DIRECTION('',(0.,1.,0.));
#5927=DIRECTION('',(1.,0.,0.));
#5928=DIRECTION('',(0.,1.,0.));
#5929=DIRECTION('center_axis',(0.,-0.842616547394884,0.538514024010819));
#5930=DIRECTION('ref_axis',(0.,-0.538514024010819,-0.842616547394884));
#5931=DIRECTION('',(0.,-0.538514024010819,-0.842616547394884));
#5932=DIRECTION('',(1.,0.,0.));
#5933=DIRECTION('',(0.,-0.538514024010819,-0.842616547394884));
#5934=DIRECTION('',(1.,0.,0.));
#5935=DIRECTION('',(1.,0.,0.));
#5936=DIRECTION('',(1.,0.,0.));
#5937=DIRECTION('',(1.,0.,0.));
#5938=DIRECTION('',(1.,0.,0.));
#5939=DIRECTION('',(1.,0.,0.));
#5940=DIRECTION('',(1.,0.,0.));
#5941=DIRECTION('center_axis',(0.,0.,1.));
#5942=DIRECTION('ref_axis',(0.,-1.,0.));
#5943=DIRECTION('',(0.,-1.,0.));
#5944=DIRECTION('',(1.,0.,0.));
#5945=DIRECTION('',(0.,-1.,0.));
#5946=DIRECTION('center_axis',(0.,1.,0.));
#5947=DIRECTION('ref_axis',(0.,0.,1.));
#5948=DIRECTION('',(0.,0.,1.));
#5949=DIRECTION('',(1.,0.,0.));
#5950=DIRECTION('',(0.,0.,1.));
#5951=DIRECTION('center_axis',(0.,0.,-1.));
#5952=DIRECTION('ref_axis',(0.,1.,0.));
#5953=DIRECTION('',(0.,1.,0.));
#5954=DIRECTION('',(0.,1.,0.));
#5955=DIRECTION('center_axis',(-1.,0.,0.));
#5956=DIRECTION('ref_axis',(0.,-1.,0.));
#5957=DIRECTION('center_axis',(0.,1.,0.));
#5958=DIRECTION('ref_axis',(0.,0.,1.));
#5959=DIRECTION('',(0.,0.,1.));
#5960=DIRECTION('',(1.,0.,0.));
#5961=DIRECTION('',(0.,0.,1.));
#5962=DIRECTION('',(1.,0.,0.));
#5963=DIRECTION('',(1.,0.,0.));
#5964=DIRECTION('',(1.,0.,0.));
#5965=DIRECTION('',(1.,0.,0.));
#5966=DIRECTION('',(1.,0.,0.));
#5967=DIRECTION('',(1.,0.,0.));
#5968=DIRECTION('',(1.,0.,0.));
#5969=DIRECTION('',(1.,0.,0.));
#5970=DIRECTION('',(1.,0.,0.));
#5971=DIRECTION('',(1.,0.,0.));
#5972=DIRECTION('',(1.,0.,0.));
#5973=DIRECTION('',(1.,0.,0.));
#5974=DIRECTION('',(1.,0.,0.));
#5975=DIRECTION('center_axis',(0.,-0.264515172575197,-0.964381523815919));
#5976=DIRECTION('ref_axis',(0.,0.964381523815919,-0.264515172575197));
#5977=DIRECTION('',(0.,0.964381523815919,-0.264515172575197));
#5978=DIRECTION('',(1.,0.,0.));
#5979=DIRECTION('',(0.,0.964381523815919,-0.264515172575197));
#5980=DIRECTION('',(1.,0.,0.));
#5981=DIRECTION('',(1.,0.,0.));
#5982=DIRECTION('',(1.,0.,0.));
#5983=DIRECTION('',(1.,0.,0.));
#5984=DIRECTION('',(1.,0.,0.));
#5985=DIRECTION('',(1.,0.,0.));
#5986=DIRECTION('',(1.,0.,0.));
#5987=DIRECTION('',(1.,0.,0.));
#5988=DIRECTION('',(1.,0.,0.));
#5989=DIRECTION('',(1.,0.,0.));
#5990=DIRECTION('',(1.,0.,0.));
#5991=DIRECTION('center_axis',(0.,-1.,0.));
#5992=DIRECTION('ref_axis',(0.,0.,-1.));
#5993=DIRECTION('',(0.,0.,-1.));
#5994=DIRECTION('',(1.,0.,0.));
#5995=DIRECTION('',(0.,0.,-1.));
#5996=DIRECTION('center_axis',(0.,0.0016108367958184,0.999998702601567));
#5997=DIRECTION('ref_axis',(0.,-0.999998702601567,0.0016108367958184));
#5998=DIRECTION('',(0.,-0.999998702601567,0.0016108367958184));
#5999=DIRECTION('',(1.,0.,0.));
#6000=DIRECTION('',(0.,-0.999998702601567,0.0016108367958184));
#6001=DIRECTION('center_axis',(0.,1.,0.));
#6002=DIRECTION('ref_axis',(0.,0.,1.));
#6003=DIRECTION('',(0.,0.,1.));
#6004=DIRECTION('',(1.,0.,0.));
#6005=DIRECTION('',(0.,0.,1.));
#6006=DIRECTION('center_axis',(0.,0.,-1.));
#6007=DIRECTION('ref_axis',(0.,1.,0.));
#6008=DIRECTION('',(0.,1.,0.));
#6009=DIRECTION('',(0.,1.,0.));
#6010=DIRECTION('center_axis',(-1.,0.,0.));
#6011=DIRECTION('ref_axis',(0.,-1.,0.));
#6012=DIRECTION('center_axis',(0.,-1.,0.));
#6013=DIRECTION('ref_axis',(0.,0.,-1.));
#6014=DIRECTION('',(0.,0.,-1.));
#6015=DIRECTION('',(1.,0.,0.));
#6016=DIRECTION('',(0.,0.,-1.));
#6017=DIRECTION('',(1.,0.,0.));
#6018=DIRECTION('center_axis',(0.,0.,-1.));
#6019=DIRECTION('ref_axis',(0.,1.,0.));
#6020=DIRECTION('',(0.,1.,0.));
#6021=DIRECTION('',(1.,0.,0.));
#6022=DIRECTION('',(0.,1.,0.));
#6023=DIRECTION('center_axis',(0.,-1.,0.));
#6024=DIRECTION('ref_axis',(0.,0.,-1.));
#6025=DIRECTION('',(0.,0.,-1.));
#6026=DIRECTION('',(1.,0.,0.));
#6027=DIRECTION('',(0.,0.,-1.));
#6028=DIRECTION('center_axis',(0.,0.,1.));
#6029=DIRECTION('ref_axis',(0.,-1.,0.));
#6030=DIRECTION('',(0.,-1.,0.));
#6031=DIRECTION('',(1.,0.,0.));
#6032=DIRECTION('',(0.,-1.,0.));
#6033=DIRECTION('center_axis',(0.,1.,0.));
#6034=DIRECTION('ref_axis',(0.,0.,1.));
#6035=DIRECTION('',(0.,0.,1.));
#6036=DIRECTION('',(1.,0.,0.));
#6037=DIRECTION('',(0.,0.,1.));
#6038=DIRECTION('center_axis',(0.,0.,-1.));
#6039=DIRECTION('ref_axis',(0.,1.,0.));
#6040=DIRECTION('',(0.,1.,0.));
#6041=DIRECTION('',(1.,0.,0.));
#6042=DIRECTION('',(0.,1.,0.));
#6043=DIRECTION('center_axis',(0.,1.,0.));
#6044=DIRECTION('ref_axis',(0.,0.,1.));
#6045=DIRECTION('',(0.,0.,1.));
#6046=DIRECTION('',(1.,0.,0.));
#6047=DIRECTION('',(0.,0.,1.));
#6048=DIRECTION('center_axis',(0.,0.,-1.));
#6049=DIRECTION('ref_axis',(0.,1.,0.));
#6050=DIRECTION('',(0.,1.,0.));
#6051=DIRECTION('',(0.,1.,0.));
#6052=DIRECTION('center_axis',(1.,0.,0.));
#6053=DIRECTION('ref_axis',(0.,0.,-1.));
#6054=DIRECTION('center_axis',(-1.,0.,0.));
#6055=DIRECTION('ref_axis',(0.,-1.,0.));
#6056=DIRECTION('center_axis',(-1.,0.,0.));
#6057=DIRECTION('ref_axis',(0.,-1.,0.));
#6058=DIRECTION('center_axis',(-1.,0.,0.));
#6059=DIRECTION('ref_axis',(0.,-1.,0.));
#6060=DIRECTION('center_axis',(-1.,0.,0.));
#6061=DIRECTION('ref_axis',(0.,-1.,0.));
#6062=DIRECTION('center_axis',(-1.,0.,0.));
#6063=DIRECTION('ref_axis',(0.,0.,1.));
#6064=DIRECTION('',(0.,-1.,0.));
#6065=DIRECTION('center_axis',(-1.,0.,0.));
#6066=DIRECTION('ref_axis',(0.,0.707106781186549,-0.707106781186546));
#6067=DIRECTION('',(0.,9.37521665239021E-15,-1.));
#6068=DIRECTION('center_axis',(-1.,0.,0.));
#6069=DIRECTION('ref_axis',(4.18691322315673E-16,0.707106781186541,0.707106781186554));
#6070=DIRECTION('',(0.,1.,9.38138455808256E-15));
#6071=DIRECTION('center_axis',(-1.,0.,0.));
#6072=DIRECTION('ref_axis',(-1.57009245868377E-16,-0.707106781186554,0.707106781186541));
#6073=DIRECTION('',(0.,-9.37521665239021E-15,1.));
#6074=DIRECTION('center_axis',(-1.,0.,0.));
#6075=DIRECTION('ref_axis',(0.,-0.707106781186542,-0.707106781186552));
#6076=DIRECTION('center_axis',(1.,-8.88178419700125E-16,-8.33234331139692E-30));
#6077=DIRECTION('ref_axis',(4.18691322315673E-16,0.707106781186541,0.707106781186554));
#6078=DIRECTION('',(-1.,0.,0.));
#6079=DIRECTION('',(1.,0.,0.));
#6080=DIRECTION('center_axis',(-8.88178419700125E-16,-1.,-9.37521665239021E-15));
#6081=DIRECTION('ref_axis',(-1.,8.88178419700125E-16,8.33234331139693E-30));
#6082=DIRECTION('',(-1.,8.88178419700125E-16,0.));
#6083=DIRECTION('',(0.,-9.37521665239021E-15,1.));
#6084=DIRECTION('center_axis',(8.88178419700125E-16,1.,9.37521665239021E-15));
#6085=DIRECTION('ref_axis',(4.44089209850063E-16,0.,1.));
#6086=DIRECTION('',(1.,-8.88178419700125E-16,0.));
#6087=DIRECTION('center_axis',(8.88178419700125E-16,1.,9.37521665239021E-15));
#6088=DIRECTION('ref_axis',(1.,0.,-4.44089209850063E-16));
#6089=DIRECTION('',(0.,9.37521665239021E-15,-1.));
#6090=DIRECTION('center_axis',(8.88178419700125E-16,1.,9.37521665239021E-15));
#6091=DIRECTION('ref_axis',(-7.77156117237611E-16,0.,-1.));
#6092=DIRECTION('',(-1.,8.88178419700125E-16,0.));
#6093=DIRECTION('center_axis',(8.88178419700125E-16,1.,9.37521665239021E-15));
#6094=DIRECTION('ref_axis',(-1.,0.,8.88178419700127E-16));
#6095=DIRECTION('center_axis',(1.,-8.88178419700125E-16,0.));
#6096=DIRECTION('ref_axis',(0.,0.707106781186549,-0.707106781186546));
#6097=DIRECTION('',(-1.,0.,0.));
#6098=DIRECTION('',(-1.,0.,0.));
#6099=DIRECTION('center_axis',(0.,0.,1.));
#6100=DIRECTION('ref_axis',(1.,0.,0.));
#6101=DIRECTION('',(1.,0.,0.));
#6102=DIRECTION('center_axis',(0.,0.,1.));
#6103=DIRECTION('ref_axis',(-0.707106781186546,-0.707106781186549,0.));
#6104=DIRECTION('',(0.,1.,0.));
#6105=DIRECTION('center_axis',(0.,0.,1.));
#6106=DIRECTION('ref_axis',(-0.707106781186545,0.70710678118655,0.));
#6107=DIRECTION('center_axis',(0.,1.,0.));
#6108=DIRECTION('ref_axis',(-0.707106781186548,0.,0.707106781186548));
#6109=DIRECTION('',(0.,-1.,0.));
#6110=DIRECTION('center_axis',(0.,-1.,0.));
#6111=DIRECTION('ref_axis',(-0.707106781186548,0.,0.707106781186548));
#6112=DIRECTION('',(0.,1.,0.));
#6113=DIRECTION('center_axis',(0.707106781186548,0.707106781186548,0.));
#6114=DIRECTION('ref_axis',(0.707106781186548,-0.707106781186548,0.));
#6115=DIRECTION('center_axis',(-1.,0.,0.));
#6116=DIRECTION('ref_axis',(0.,0.707106781186535,0.70710678118656));
#6117=DIRECTION('',(1.,0.,0.));
#6118=DIRECTION('',(-1.,0.,0.));
#6119=DIRECTION('center_axis',(0.,0.,1.));
#6120=DIRECTION('ref_axis',(0.,1.,0.));
#6121=DIRECTION('',(1.,0.,0.));
#6122=DIRECTION('center_axis',(0.,-1.,0.));
#6123=DIRECTION('ref_axis',(-0.707106781186548,0.,-0.707106781186548));
#6124=DIRECTION('',(0.,-1.,0.));
#6125=DIRECTION('',(0.,1.,0.));
#6126=DIRECTION('center_axis',(0.707106781186548,0.707106781186548,0.));
#6127=DIRECTION('ref_axis',(-0.707106781186548,0.707106781186548,0.));
#6128=DIRECTION('center_axis',(-1.,0.,0.));
#6129=DIRECTION('ref_axis',(0.,0.707106781186535,-0.70710678118656));
#6130=DIRECTION('',(1.,0.,0.));
#6131=DIRECTION('',(-1.,0.,0.));
#6132=DIRECTION('center_axis',(1.,0.,0.));
#6133=DIRECTION('ref_axis',(0.,0.,-1.));
#6134=DIRECTION('',(0.,0.,1.));
#6135=DIRECTION('',(0.,0.,-1.));
#6136=DIRECTION('center_axis',(0.,1.,0.));
#6137=DIRECTION('ref_axis',(0.,0.,-1.));
#6138=DIRECTION('center_axis',(0.,1.,0.));
#6139=DIRECTION('ref_axis',(-0.707106781186548,0.,0.707106781186548));
#6140=DIRECTION('',(0.,1.,0.));
#6141=DIRECTION('center_axis',(0.,1.,0.));
#6142=DIRECTION('ref_axis',(-0.707106781186548,0.,0.707106781186548));
#6143=DIRECTION('',(0.,-1.,0.));
#6144=DIRECTION('center_axis',(0.707106781186549,-0.707106781186546,0.));
#6145=DIRECTION('ref_axis',(-0.707106781186546,-0.707106781186549,0.));
#6146=DIRECTION('center_axis',(-1.,0.,0.));
#6147=DIRECTION('ref_axis',(0.,-0.707106781186541,0.707106781186554));
#6148=DIRECTION('',(1.,0.,0.));
#6149=DIRECTION('',(-1.,0.,0.));
#6150=DIRECTION('center_axis',(1.,0.,0.));
#6151=DIRECTION('ref_axis',(0.,0.,-1.));
#6152=DIRECTION('',(0.,0.,1.));
#6153=DIRECTION('',(0.,-1.,0.));
#6154=DIRECTION('',(0.,0.,-1.));
#6155=DIRECTION('center_axis',(0.,-1.,0.));
#6156=DIRECTION('ref_axis',(0.,0.,1.));
#6157=DIRECTION('',(1.,0.,0.));
#6158=DIRECTION('center_axis',(-1.,0.,0.));
#6159=DIRECTION('ref_axis',(0.,-0.707106781186541,-0.707106781186554));
#6160=DIRECTION('',(-1.,0.,0.));
#6161=DIRECTION('center_axis',(-0.707106781186549,0.707106781186546,0.));
#6162=DIRECTION('ref_axis',(0.707106781186546,0.707106781186549,0.));
#6163=DIRECTION('center_axis',(0.,-1.,0.));
#6164=DIRECTION('ref_axis',(-0.707106781186548,0.,-0.707106781186548));
#6165=DIRECTION('',(0.,1.,0.));
#6166=DIRECTION('center_axis',(0.,0.,1.));
#6167=DIRECTION('ref_axis',(1.,0.,0.));
#6168=DIRECTION('center_axis',(0.,0.,1.));
#6169=DIRECTION('ref_axis',(-0.707106781186545,0.70710678118655,0.));
#6170=DIRECTION('',(0.,-1.,0.));
#6171=DIRECTION('center_axis',(0.,0.,1.));
#6172=DIRECTION('ref_axis',(-0.707106781186546,-0.707106781186549,0.));
#6173=DIRECTION('center_axis',(0.,0.,1.));
#6174=DIRECTION('ref_axis',(0.,1.,0.));
#6175=DIRECTION('',(-1.,0.,0.));
#6176=DIRECTION('center_axis',(0.,-1.,0.));
#6177=DIRECTION('ref_axis',(1.,0.,0.));
#6178=DIRECTION('',(0.,0.,1.));
#6179=DIRECTION('center_axis',(-1.,0.,0.));
#6180=DIRECTION('ref_axis',(0.,-1.,0.));
#6181=DIRECTION('',(0.,-1.,0.));
#6182=DIRECTION('center_axis',(1.,0.,0.));
#6183=DIRECTION('ref_axis',(0.,1.,9.38138455808256E-15));
#6184=DIRECTION('',(0.,-9.62193288008469E-15,1.));
#6185=DIRECTION('',(0.,1.,0.));
#6186=DIRECTION('',(0.,0.,-1.));
#6187=DIRECTION('center_axis',(-5.03760447356263E-17,1.,9.62193288008469E-15));
#6188=DIRECTION('ref_axis',(-1.,-5.03760447356263E-17,-4.72597048180081E-31));
#6189=DIRECTION('',(0.,0.,-1.));
#6190=DIRECTION('',(-1.,-1.62503370114923E-18,0.));
#6191=DIRECTION('center_axis',(0.,0.,-1.));
#6192=DIRECTION('ref_axis',(-0.707106781186545,0.70710678118655,0.));
#6193=DIRECTION('',(0.,0.,-1.));
#6194=DIRECTION('center_axis',(0.,0.,1.));
#6195=DIRECTION('ref_axis',(-0.707106781186546,-0.707106781186549,0.));
#6196=DIRECTION('',(0.,0.,-1.));
#6197=DIRECTION('',(0.,0.,1.));
#6198=DIRECTION('center_axis',(0.,1.,0.));
#6199=DIRECTION('ref_axis',(-1.,0.,0.));
#6200=DIRECTION('',(1.,0.,0.));
#6201=DIRECTION('center_axis',(1.,0.,0.));
#6202=DIRECTION('ref_axis',(0.,0.,-1.));
#6203=DIRECTION('',(0.,-9.37521665239021E-15,1.));
#6204=DIRECTION('',(0.,1.,0.));
#6205=DIRECTION('',(0.,1.,0.));
#6206=DIRECTION('center_axis',(1.,0.,0.));
#6207=DIRECTION('ref_axis',(0.,0.,-1.));
#6208=DIRECTION('',(0.,1.,0.));
#6209=DIRECTION('',(0.,1.,0.));
#6210=DIRECTION('center_axis',(0.,1.,0.));
#6211=DIRECTION('ref_axis',(-7.77156117237611E-16,0.,-1.));
#6212=DIRECTION('center_axis',(-2.22044604925031E-16,-1.,-9.37521665239021E-15));
#6213=DIRECTION('ref_axis',(-7.77156117237611E-16,0.,-1.));
#6214=DIRECTION('',(0.,1.,0.));
#6215=DIRECTION('center_axis',(0.,1.,0.));
#6216=DIRECTION('ref_axis',(-7.77156117237611E-16,0.,-1.));
#6217=DIRECTION('',(0.,1.,0.));
#6218=DIRECTION('center_axis',(0.,1.,0.));
#6219=DIRECTION('ref_axis',(1.,0.,-4.44089209850063E-16));
#6220=DIRECTION('center_axis',(-2.22044604925031E-16,-1.,-9.37521665239021E-15));
#6221=DIRECTION('ref_axis',(1.,0.,-4.44089209850063E-16));
#6222=DIRECTION('',(0.,1.,0.));
#6223=DIRECTION('center_axis',(0.,0.,-1.));
#6224=DIRECTION('ref_axis',(-1.,0.,0.));
#6225=DIRECTION('',(1.,-2.22044604925031E-16,0.));
#6226=DIRECTION('',(0.,1.,0.));
#6227=DIRECTION('center_axis',(0.,0.,-1.));
#6228=DIRECTION('ref_axis',(-1.,0.,0.));
#6229=DIRECTION('',(0.,1.,0.));
#6230=DIRECTION('center_axis',(0.,0.,1.));
#6231=DIRECTION('ref_axis',(1.,-3.65594466036883E-29,0.));
#6232=DIRECTION('',(-1.,2.22044604925031E-16,0.));
#6233=DIRECTION('',(0.,1.,0.));
#6234=DIRECTION('center_axis',(0.,1.,0.));
#6235=DIRECTION('ref_axis',(-1.,0.,8.88178419700127E-16));
#6236=DIRECTION('center_axis',(-2.22044604925031E-16,-1.,-9.37521665239021E-15));
#6237=DIRECTION('ref_axis',(-1.,0.,8.88178419700127E-16));
#6238=DIRECTION('',(0.,1.,0.));
#6239=DIRECTION('center_axis',(0.,1.,0.));
#6240=DIRECTION('ref_axis',(-1.,0.,8.88178419700127E-16));
#6241=DIRECTION('',(0.,1.,0.));
#6242=DIRECTION('center_axis',(0.,1.,0.));
#6243=DIRECTION('ref_axis',(4.44089209850063E-16,0.,1.));
#6244=DIRECTION('center_axis',(-2.22044604925031E-16,-1.,-9.37521665239021E-15));
#6245=DIRECTION('ref_axis',(4.44089209850063E-16,0.,1.));
#6246=DIRECTION('',(0.,1.,0.));
#6247=DIRECTION('center_axis',(-1.,0.,0.));
#6248=DIRECTION('ref_axis',(0.,1.66179302744038E-29,1.));
#6249=DIRECTION('',(0.,9.37521665239021E-15,-1.));
#6250=DIRECTION('center_axis',(-1.,0.,0.));
#6251=DIRECTION('ref_axis',(0.,1.66179302744038E-29,1.));
#6252=DIRECTION('',(0.,1.,0.));
#6253=DIRECTION('center_axis',(0.,1.,0.));
#6254=DIRECTION('ref_axis',(1.,0.,-4.44089209850063E-16));
#6255=DIRECTION('',(0.,1.,0.));
#6256=DIRECTION('center_axis',(0.,0.,1.));
#6257=DIRECTION('ref_axis',(1.,-3.65594466036883E-29,0.));
#6258=DIRECTION('',(0.,1.,0.));
#6259=DIRECTION('center_axis',(0.,1.,0.));
#6260=DIRECTION('ref_axis',(4.44089209850063E-16,0.,1.));
#6261=DIRECTION('center_axis',(0.,9.38138455808256E-15,-1.));
#6262=DIRECTION('ref_axis',(1.,0.,0.));
#6263=DIRECTION('',(-1.,0.,0.));
#6264=DIRECTION('center_axis',(0.,-9.38138455808256E-15,1.));
#6265=DIRECTION('ref_axis',(-1.,0.,0.));
#6266=DIRECTION('center_axis',(-1.,2.22044604925031E-16,2.08308582784923E-30));
#6267=DIRECTION('ref_axis',(-1.57009245868377E-16,-0.707106781186554,0.707106781186541));
#6268=DIRECTION('',(1.,0.,0.));
#6269=DIRECTION('center_axis',(-1.,2.22044604925031E-16,0.));
#6270=DIRECTION('ref_axis',(0.,-0.707106781186542,-0.707106781186552));
#6271=DIRECTION('',(1.,-2.22044604925031E-16,0.));
#6272=DIRECTION('center_axis',(2.22044604925031E-16,1.,9.37521665239021E-15));
#6273=DIRECTION('ref_axis',(1.,-2.22044604925031E-16,-2.08308582784923E-30));
#6274=DIRECTION('center_axis',(0.,0.,-1.));
#6275=DIRECTION('ref_axis',(-1.,0.,0.));
#6276=DIRECTION('center_axis',(0.,9.38138455808256E-15,-1.));
#6277=DIRECTION('ref_axis',(-1.,0.,0.));
#6278=DIRECTION('',(0.,0.,-1.));
#6279=DIRECTION('center_axis',(1.,0.,0.));
#6280=DIRECTION('ref_axis',(0.,-1.,0.));
#6281=DIRECTION('',(0.,-1.,-9.38138455808256E-15));
#6282=DIRECTION('',(0.,0.,-1.));
#6283=DIRECTION('',(0.,-1.,0.));
#6284=DIRECTION('',(0.,0.,-1.));
#6285=DIRECTION('center_axis',(-1.66400333427032E-18,1.,0.));
#6286=DIRECTION('ref_axis',(1.,1.66400333427032E-18,0.));
#6287=DIRECTION('',(1.,1.66400333427032E-18,1.56106551847215E-32));
#6288=DIRECTION('',(1.,1.66400333427032E-18,0.));
#6289=DIRECTION('',(0.,0.,-1.));
#6290=DIRECTION('center_axis',(-1.,4.32640866910283E-17,0.));
#6291=DIRECTION('ref_axis',(4.32640866910283E-17,1.,0.));
#6292=DIRECTION('',(4.32640866910283E-17,1.,9.38138455808256E-15));
#6293=DIRECTION('',(4.32640866910283E-17,1.,0.));
#6294=DIRECTION('',(0.,0.,-1.));
#6295=DIRECTION('center_axis',(0.,-1.,0.));
#6296=DIRECTION('ref_axis',(-1.,0.,0.));
#6297=DIRECTION('',(-1.,0.,0.));
#6298=DIRECTION('',(-1.,0.,0.));
#6299=DIRECTION('center_axis',(0.,0.,-1.));
#6300=DIRECTION('ref_axis',(-1.,0.,0.));
#6301=DIRECTION('',(8.12516850574617E-19,-1.,0.));
#6302=DIRECTION('',(1.,0.,0.));
#6303=DIRECTION('center_axis',(0.,9.38138455808256E-15,-1.));
#6304=DIRECTION('ref_axis',(1.,0.,0.));
#6305=DIRECTION('center_axis',(-1.,-5.03760447356262E-17,-4.84714921210339E-31));
#6306=DIRECTION('ref_axis',(5.03760447356262E-17,-1.,-9.38138455808256E-15));
#6307=DIRECTION('',(0.,0.,-1.));
#6308=DIRECTION('center_axis',(0.,-1.,-9.62193288008469E-15));
#6309=DIRECTION('ref_axis',(1.,0.,0.));
#6310=DIRECTION('center_axis',(0.,9.37521665239021E-15,-1.));
#6311=DIRECTION('ref_axis',(-1.,0.,0.));
#6312=DIRECTION('center_axis',(1.,0.,0.));
#6313=DIRECTION('ref_axis',(0.,1.,0.));
#6314=CARTESIAN_POINT('',(0.,0.,0.));
#6315=CARTESIAN_POINT('Origin',(-21.25,21.2500000000006,70.6323034204979));
#6316=CARTESIAN_POINT('',(-30.2500000000082,-11.9250000000084,70.6323034204975));
#6317=CARTESIAN_POINT('Origin',(-21.2500000000082,-11.9250000000084,70.6323034204975));
#6318=CARTESIAN_POINT('Origin',(-56.2500000000164,1.25000000001644,58.6323034204979));
#6319=CARTESIAN_POINT('',(-30.2500000000082,-11.9250000000082,58.6323034204978));
#6320=CARTESIAN_POINT('Origin',(-21.2500000000082,-11.9250000000082,58.6323034204978));
#6321=CARTESIAN_POINT('Origin',(-21.2500000000082,-11.9250000000083,63.6323034204978));
#6322=CARTESIAN_POINT('',(-30.2500000000082,-11.9250000000083,63.6323034204978));
#6323=CARTESIAN_POINT('Origin',(-21.2500000000082,54.4249999999917,63.6323034204984));
#6324=CARTESIAN_POINT('',(-30.2500000000082,54.4249999999918,58.6323034204984));
#6325=CARTESIAN_POINT('Origin',(-21.2500000000082,54.4249999999918,58.6323034204984));
#6326=CARTESIAN_POINT('',(-30.2500000000082,54.4249999999916,70.6323034204982));
#6327=CARTESIAN_POINT('',(-30.2500000000082,54.4249999999917,63.6323034204984));
#6328=CARTESIAN_POINT('Origin',(-21.2500000000082,54.4249999999916,70.6323034204982));
#6329=CARTESIAN_POINT('Origin',(-56.2499999999836,66.2500000000164,58.6323034204985));
#6330=CARTESIAN_POINT('Origin',(-21.25,21.2500000000006,70.6323034204979));
#6331=CARTESIAN_POINT('Origin',(33.7500000000164,-18.7500000000165,70.6323034204979));
#6332=CARTESIAN_POINT('',(33.7500000000164,-18.7500000000165,75.6323034204979));
#6333=CARTESIAN_POINT('',(38.7500000000164,-18.7500000000165,70.6323034204979));
#6334=CARTESIAN_POINT('Origin',(33.7500000000164,-18.7500000000165,70.6323034204979));
#6335=CARTESIAN_POINT('',(33.7500000000164,-23.7500000000165,70.6323034204978));
#6336=CARTESIAN_POINT('Origin',(33.7500000000164,-18.7500000000165,70.6323034204979));
#6337=CARTESIAN_POINT('Origin',(33.7500000000164,-18.7500000000165,70.6323034204979));
#6338=CARTESIAN_POINT('Origin',(-76.2500000000164,61.2500000000157,70.6323034204979));
#6339=CARTESIAN_POINT('',(-76.2500000000164,61.2500000000157,75.6323034204979));
#6340=CARTESIAN_POINT('',(-81.2500000000164,61.2500000000157,70.6323034204979));
#6341=CARTESIAN_POINT('Origin',(-76.2500000000164,61.2500000000157,70.6323034204979));
#6342=CARTESIAN_POINT('',(-76.2500000000164,66.2500000000157,70.6323034204979));
#6343=CARTESIAN_POINT('Origin',(-76.2500000000164,61.2500000000157,70.6323034204979));
#6344=CARTESIAN_POINT('Origin',(-76.2500000000164,61.2500000000157,70.6323034204979));
#6345=CARTESIAN_POINT('Origin',(22.5000000000164,61.2500000000158,70.6323034204979));
#6346=CARTESIAN_POINT('',(38.7500000000164,66.2500000000171,70.6323034204979));
#6347=CARTESIAN_POINT('',(22.5000000000164,66.2500000000158,70.6323034204979));
#6348=CARTESIAN_POINT('',(33.7500000000164,61.2500000000158,75.6323034204979));
#6349=CARTESIAN_POINT('',(22.5000000000164,61.2500000000158,75.6323034204979));
#6350=CARTESIAN_POINT('Origin',(33.7500000000164,61.2500000000158,70.6323034204979));
#6351=CARTESIAN_POINT('Origin',(-76.2500000000164,61.2500000000164,-8.36769657950067));
#6352=CARTESIAN_POINT('',(-76.2500000000164,66.2500000000171,-96.3676965795022));
#6353=CARTESIAN_POINT('',(-81.2500000000164,61.2500000000173,-96.3676965795022));
#6354=CARTESIAN_POINT('Origin',(-76.2500000000164,61.2500000000173,-96.3676965795013));
#6355=CARTESIAN_POINT('',(-81.2500000000164,61.2500000000164,-8.36769657950067));
#6356=CARTESIAN_POINT('',(-76.2500000000164,66.2500000000164,-8.36769657950062));
#6357=CARTESIAN_POINT('Origin',(-76.2500000000164,-18.7500000000166,70.6323034204979));
#6358=CARTESIAN_POINT('',(-76.2500000000164,-23.7500000000166,70.6323034204978));
#6359=CARTESIAN_POINT('',(-81.2500000000164,-18.7500000000166,70.6323034204979));
#6360=CARTESIAN_POINT('Origin',(-76.2500000000164,-18.7500000000166,70.6323034204979));
#6361=CARTESIAN_POINT('',(-76.2500000000164,-18.7500000000166,75.6323034204979));
#6362=CARTESIAN_POINT('Origin',(-76.2500000000164,-18.7500000000166,70.6323034204979));
#6363=CARTESIAN_POINT('Origin',(-76.2500000000164,-18.7500000000166,70.6323034204979));
#6364=CARTESIAN_POINT('Origin',(-22.5,-18.7500000000165,70.6323034204979));
#6365=CARTESIAN_POINT('',(-22.5,-18.7500000000165,75.6323034204979));
#6366=CARTESIAN_POINT('',(-22.5,-23.7500000000165,70.6323034204978));
#6367=CARTESIAN_POINT('Origin',(-76.2500000000164,42.5000000000171,70.6323034204979));
#6368=CARTESIAN_POINT('',(-81.2500000000164,42.5000000000171,70.6323034204979));
#6369=CARTESIAN_POINT('',(-76.2500000000164,42.5000000000171,75.6323034204979));
#6370=CARTESIAN_POINT('Origin',(-76.2500000000164,-18.7500000000161,26.6323034204986));
#6371=CARTESIAN_POINT('',(-81.2500000000164,-18.750000000015,-96.3676965795022));
#6372=CARTESIAN_POINT('',(-76.2500000000164,-23.7499999999828,-96.3676965795022));
#6373=CARTESIAN_POINT('Origin',(-76.2500000000164,-18.750000000015,-96.3676965795021));
#6374=CARTESIAN_POINT('',(-76.2500000000164,-23.7500000000161,26.6323034204985));
#6375=CARTESIAN_POINT('',(-81.2500000000164,-18.7500000000161,26.6323034204986));
#6376=CARTESIAN_POINT('Origin',(33.7500000000164,20.0000000000003,70.6323034204979));
#6377=CARTESIAN_POINT('',(33.7500000000164,20.0000000000003,75.6323034204979));
#6378=CARTESIAN_POINT('',(38.7500000000164,20.0000000000003,70.6323034204979));
#6379=CARTESIAN_POINT('Origin',(33.7500000000164,-18.7500000000165,63.6323034204997));
#6380=CARTESIAN_POINT('',(33.7500000000164,-23.7499999999828,-96.3676965795022));
#6381=CARTESIAN_POINT('',(38.7500000000164,-18.7500000000149,-96.3676965795021));
#6382=CARTESIAN_POINT('Origin',(33.7500000000164,-18.7500000000149,-96.3676965795021));
#6383=CARTESIAN_POINT('',(38.7500000000164,-18.7500000000165,63.6323034204997));
#6384=CARTESIAN_POINT('',(33.7500000000164,-23.7500000000165,63.6323034204997));
#6385=CARTESIAN_POINT('Origin',(23.7500000000164,66.2500000000165,-6.36769657949951));
#6386=CARTESIAN_POINT('',(38.7500000000164,66.2500000000171,-96.3676965795021));
#6387=CARTESIAN_POINT('',(38.7500000000164,66.2500000000171,75.6323034204979));
#6388=CARTESIAN_POINT('',(-66.2500000000164,66.2500000000171,-96.3676965795022));
#6389=CARTESIAN_POINT('',(-46.25,66.2500000000161,32.1323034204979));
#6390=CARTESIAN_POINT('',(-46.25,66.2500000000169,-57.8676965795021));
#6391=CARTESIAN_POINT('',(-46.25,66.2500000000167,-32.1176965795004));
#6392=CARTESIAN_POINT('',(-36.25,66.250000000017,-67.8676965795021));
#6393=CARTESIAN_POINT('Origin',(-36.25,66.2500000000165,-57.8676965795021));
#6394=CARTESIAN_POINT('',(-6.25000000000001,66.2500000000171,-67.8676965795021));
#6395=CARTESIAN_POINT('',(8.75000000000816,66.2500000000171,-67.8676965795021));
#6396=CARTESIAN_POINT('',(3.74999999999998,66.250000000017,-57.8676965795021));
#6397=CARTESIAN_POINT('Origin',(-6.25,66.2500000000165,-57.8676965795021));
#6398=CARTESIAN_POINT('',(3.74999999999999,66.2500000000161,32.1323034204979));
#6399=CARTESIAN_POINT('',(3.74999999999999,66.2500000000163,12.8823034204997));
#6400=CARTESIAN_POINT('',(-6.25000000000001,66.250000000016,42.1323034204979));
#6401=CARTESIAN_POINT('Origin',(-6.25,66.2500000000165,32.132303420498));
#6402=CARTESIAN_POINT('',(-36.25,66.250000000016,42.1323034204979));
#6403=CARTESIAN_POINT('',(-6.24999999999185,66.250000000016,42.1323034204979));
#6404=CARTESIAN_POINT('Origin',(-36.25,66.2500000000165,32.1323034204979));
#6405=CARTESIAN_POINT('Origin',(38.7500000000164,-23.7500000000165,63.6323034204996));
#6406=CARTESIAN_POINT('',(38.7500000000164,-23.7500000000159,-96.3676965795021));
#6407=CARTESIAN_POINT('',(38.7500000000164,-11.7500000000001,-89.3676965795014));
#6408=CARTESIAN_POINT('',(38.7500000000164,-10.2500000000001,-89.3676965795014));
#6409=CARTESIAN_POINT('',(38.7500000000164,-18.0000000000083,-89.3676965795014));
#6410=CARTESIAN_POINT('',(38.75,-10.2500000000001,-86.3676965795014));
#6411=CARTESIAN_POINT('',(38.75,-10.2500000000001,-96.3676965795014));
#6412=CARTESIAN_POINT('',(38.7499999999835,-13.7500000000151,-82.8676965795015));
#6413=CARTESIAN_POINT('Origin',(38.7500000000164,-10.2500000000151,-82.8676965795014));
#6414=CARTESIAN_POINT('',(38.7499999999835,-13.7500000000163,43.6323034204978));
#6415=CARTESIAN_POINT('',(38.7499999999835,-13.7500000000165,63.632303420498));
#6416=CARTESIAN_POINT('',(38.7500000000164,1.24999999998354,58.6323034204993));
#6417=CARTESIAN_POINT('Origin',(38.7500000000164,1.24999999998368,43.6323034204979));
#6418=CARTESIAN_POINT('',(38.7500000000164,41.2499999999836,58.6323034204988));
#6419=CARTESIAN_POINT('',(38.7500000000164,66.2499999999835,58.6323034204985));
#6420=CARTESIAN_POINT('',(38.7500000000164,56.2499999999837,43.6323034204984));
#6421=CARTESIAN_POINT('Origin',(38.7500000000164,41.2499999999837,43.6323034204983));
#6422=CARTESIAN_POINT('',(38.7500000000164,56.2499999999849,-82.8676965795014));
#6423=CARTESIAN_POINT('',(38.7500000000164,56.2499999999835,63.6323034204986));
#6424=CARTESIAN_POINT('',(38.75,52.7499999999999,-86.3676965795014));
#6425=CARTESIAN_POINT('Origin',(38.7500000000164,52.7499999999849,-82.8676965795014));
#6426=CARTESIAN_POINT('',(38.7500000000164,52.7499999999999,-89.3676965795014));
#6427=CARTESIAN_POINT('',(38.75,52.7499999999999,-96.3676965795014));
#6428=CARTESIAN_POINT('',(38.7500000000164,54.2499999999999,-89.3676965795014));
#6429=CARTESIAN_POINT('',(38.7500000000164,14.4999999999917,-89.3676965795014));
#6430=CARTESIAN_POINT('',(38.7500000000164,54.7499999999999,-89.8676965795014));
#6431=CARTESIAN_POINT('Origin',(38.7500000000164,54.2499999999999,-89.8676965795014));
#6432=CARTESIAN_POINT('',(38.7500000000164,54.7499999999999,-90.8676965795014));
#6433=CARTESIAN_POINT('',(38.7500000000164,54.7499999999999,-12.8676965795009));
#6434=CARTESIAN_POINT('',(38.7500000000164,54.2499999999999,-91.3676965795014));
#6435=CARTESIAN_POINT('Origin',(38.7500000000164,54.2499999999999,-90.8676965795014));
#6436=CARTESIAN_POINT('',(38.7500000000164,-11.7500000000001,-91.3676965795014));
#6437=CARTESIAN_POINT('',(38.7500000000164,15.4999999999917,-91.3676965795014));
#6438=CARTESIAN_POINT('',(38.7500000000164,-12.2500000000001,-90.8676965795014));
#6439=CARTESIAN_POINT('Origin',(38.7500000000164,-11.7500000000001,-90.8676965795014));
#6440=CARTESIAN_POINT('',(38.7500000000164,-12.2500000000001,-89.8676965795014));
#6441=CARTESIAN_POINT('',(38.7500000000164,-12.2500000000001,-13.8676965795009));
#6442=CARTESIAN_POINT('Origin',(38.7500000000164,-11.7500000000001,-89.8676965795014));
#6443=CARTESIAN_POINT('Origin',(-66.2500000000164,-23.7500000000165,63.6323034204996));
#6444=CARTESIAN_POINT('',(-66.2500000000164,-23.7499999999828,-96.3676965795022));
#6445=CARTESIAN_POINT('',(-46.25,-23.7500000000157,-57.8676965795021));
#6446=CARTESIAN_POINT('',(-46.25,-23.7500000000157,32.1323034204979));
#6447=CARTESIAN_POINT('',(-46.25,-23.7500000000159,2.88230342049879));
#6448=CARTESIAN_POINT('',(-36.25,-23.7500000000157,42.1323034204979));
#6449=CARTESIAN_POINT('Origin',(-36.25,-23.7500000000165,32.1323034204979));
#6450=CARTESIAN_POINT('',(-6.25000000000001,-23.7500000000157,42.1323034204979));
#6451=CARTESIAN_POINT('',(-51.2500000000082,-23.7500000000163,42.1323034204979));
#6452=CARTESIAN_POINT('',(3.74999999999999,-23.7500000000157,32.1323034204979));
#6453=CARTESIAN_POINT('Origin',(-6.25,-23.7500000000165,32.132303420498));
#6454=CARTESIAN_POINT('',(3.74999999999998,-23.7500000000157,-57.8676965795021));
#6455=CARTESIAN_POINT('',(3.74999999999999,-23.7500000000163,47.8823034204988));
#6456=CARTESIAN_POINT('',(-6.25000000000001,-23.7500000000157,-67.8676965795021));
#6457=CARTESIAN_POINT('Origin',(-6.25,-23.7500000000165,-57.8676965795021));
#6458=CARTESIAN_POINT('',(-36.25,-23.7500000000157,-67.8676965795021));
#6459=CARTESIAN_POINT('',(-36.2500000000082,-23.7500000000152,-67.8676965795021));
#6460=CARTESIAN_POINT('Origin',(-36.25,-23.7500000000165,-57.8676965795021));
#6461=CARTESIAN_POINT('Origin',(21.2500000000164,63.750000000017,75.6323034204979));
#6462=CARTESIAN_POINT('',(-42.6,-0.100000000000184,75.6323034204979));
#6463=CARTESIAN_POINT('',(-42.6,42.5999999999998,75.6323034204983));
#6464=CARTESIAN_POINT('',(-42.6,-0.100000000000187,75.6323034204979));
#6465=CARTESIAN_POINT('',(0.0999999999999979,42.5999999999998,75.6323034204983));
#6466=CARTESIAN_POINT('',(-42.6,42.5999999999998,75.6323034204983));
#6467=CARTESIAN_POINT('',(0.0999999999999979,-0.100000000000184,75.6323034204979));
#6468=CARTESIAN_POINT('',(0.0999999999999979,42.5999999999998,75.6323034204983));
#6469=CARTESIAN_POINT('',(0.1,-0.100000000000184,75.6323034204979));
#6470=CARTESIAN_POINT('Ctrl Pts',(-81.2500000000164,22.4573679268531,-6.60234599928671));
#6471=CARTESIAN_POINT('Ctrl Pts',(-80.2500000000164,22.4573679268531,-6.60234599928671));
#6472=CARTESIAN_POINT('Ctrl Pts',(-81.2500000000164,22.1048228374629,-6.57878396750211));
#6473=CARTESIAN_POINT('Ctrl Pts',(-80.2500000000164,22.1048228374629,-6.57878396750211));
#6474=CARTESIAN_POINT('Ctrl Pts',(-81.2500000000164,21.4191220474984,-6.53295577617539));
#6475=CARTESIAN_POINT('Ctrl Pts',(-80.2500000000164,21.4191220474984,-6.53295577617539));
#6476=CARTESIAN_POINT('Ctrl Pts',(-81.2500000000164,20.8508128590209,-6.14812161030281));
#6477=CARTESIAN_POINT('Ctrl Pts',(-80.2500000000164,20.8508128590209,-6.14812161030281));
#6478=CARTESIAN_POINT('Ctrl Pts',(-81.2500000000164,20.5746932327919,-5.96114545683676));
#6479=CARTESIAN_POINT('Ctrl Pts',(-80.2500000000164,20.5746932327919,-5.96114545683676));
#6480=CARTESIAN_POINT('',(-81.2500000000164,22.4573679268531,-6.60234599928671));
#6481=CARTESIAN_POINT('',(-81.2500000000164,20.5746932327919,-5.96114545683676));
#6482=CARTESIAN_POINT('Ctrl Pts',(-81.2500000000164,22.4573679268531,-6.60234599928671));
#6483=CARTESIAN_POINT('Ctrl Pts',(-81.2500000000164,22.1048228374629,-6.57878396750211));
#6484=CARTESIAN_POINT('Ctrl Pts',(-81.2500000000164,21.4191220474984,-6.53295577617539));
#6485=CARTESIAN_POINT('Ctrl Pts',(-81.2500000000164,20.8508128590209,-6.14812161030281));
#6486=CARTESIAN_POINT('Ctrl Pts',(-81.2500000000164,20.5746932327919,-5.96114545683676));
#6487=CARTESIAN_POINT('',(-80.2500000000164,22.4573679268531,-6.60234599928671));
#6488=CARTESIAN_POINT('',(-81.2500000000164,22.4573679268531,-6.60234599928671));
#6489=CARTESIAN_POINT('',(-80.2500000000164,20.5746932327919,-5.96114545683676));
#6490=CARTESIAN_POINT('Ctrl Pts',(-80.2500000000164,22.4573679268531,-6.60234599928671));
#6491=CARTESIAN_POINT('Ctrl Pts',(-80.2500000000164,22.1048228374629,-6.57878396750211));
#6492=CARTESIAN_POINT('Ctrl Pts',(-80.2500000000164,21.4191220474984,-6.53295577617539));
#6493=CARTESIAN_POINT('Ctrl Pts',(-80.2500000000164,20.8508128590209,-6.14812161030281));
#6494=CARTESIAN_POINT('Ctrl Pts',(-80.2500000000164,20.5746932327919,-5.96114545683676));
#6495=CARTESIAN_POINT('',(-81.2500000000164,20.5746932327919,-5.96114545683676));
#6496=CARTESIAN_POINT('Ctrl Pts',(-81.2500000000164,24.1558666527443,-6.13167672972494));
#6497=CARTESIAN_POINT('Ctrl Pts',(-80.2500000000164,24.1558666527443,-6.13167672972494));
#6498=CARTESIAN_POINT('Ctrl Pts',(-81.2500000000164,23.8890176119915,-6.26895437057987));
#6499=CARTESIAN_POINT('Ctrl Pts',(-80.2500000000164,23.8890176119915,-6.26895437057987));
#6500=CARTESIAN_POINT('Ctrl Pts',(-81.2500000000164,23.3554369473804,-6.54344924842158));
#6501=CARTESIAN_POINT('Ctrl Pts',(-80.2500000000164,23.3554369473804,-6.54344924842158));
#6502=CARTESIAN_POINT('Ctrl Pts',(-81.2500000000164,22.7566803473087,-6.5827166293213));
#6503=CARTESIAN_POINT('Ctrl Pts',(-80.2500000000164,22.7566803473087,-6.5827166293213));
#6504=CARTESIAN_POINT('Ctrl Pts',(-81.2500000000164,22.4573679268531,-6.60234599928671));
#6505=CARTESIAN_POINT('Ctrl Pts',(-80.2500000000164,22.4573679268531,-6.60234599928671));
#6506=CARTESIAN_POINT('',(-81.2500000000164,24.1558666527443,-6.13167672972494));
#6507=CARTESIAN_POINT('Ctrl Pts',(-81.2500000000164,24.1558666527443,-6.13167672972494));
#6508=CARTESIAN_POINT('Ctrl Pts',(-81.2500000000164,23.8890176119915,-6.26895437057987));
#6509=CARTESIAN_POINT('Ctrl Pts',(-81.2500000000164,23.3554369473804,-6.54344924842158));
#6510=CARTESIAN_POINT('Ctrl Pts',(-81.2500000000164,22.7566803473087,-6.5827166293213));
#6511=CARTESIAN_POINT('Ctrl Pts',(-81.2500000000164,22.4573679268531,-6.60234599928671));
#6512=CARTESIAN_POINT('',(-80.2500000000164,24.1558666527443,-6.13167672972494));
#6513=CARTESIAN_POINT('',(-81.2500000000164,24.1558666527443,-6.13167672972494));
#6514=CARTESIAN_POINT('Ctrl Pts',(-80.2500000000164,24.1558666527443,-6.13167672972494));
#6515=CARTESIAN_POINT('Ctrl Pts',(-80.2500000000164,23.8890176119915,-6.26895437057987));
#6516=CARTESIAN_POINT('Ctrl Pts',(-80.2500000000164,23.3554369473804,-6.54344924842158));
#6517=CARTESIAN_POINT('Ctrl Pts',(-80.2500000000164,22.7566803473087,-6.5827166293213));
#6518=CARTESIAN_POINT('Ctrl Pts',(-80.2500000000164,22.4573679268531,-6.60234599928671));
#6519=CARTESIAN_POINT('Ctrl Pts',(-81.2500000000164,25.3154845535926,-4.71285014967734));
#6520=CARTESIAN_POINT('Ctrl Pts',(-80.2500000000164,25.3154845535926,-4.71285014967734));
#6521=CARTESIAN_POINT('Ctrl Pts',(-81.2500000000164,25.177416912116,-5.00652787511485));
#6522=CARTESIAN_POINT('Ctrl Pts',(-80.2500000000164,25.177416912116,-5.00652787511485));
#6523=CARTESIAN_POINT('Ctrl Pts',(-81.2500000000164,24.9091596016408,-5.57712643050257));
#6524=CARTESIAN_POINT('Ctrl Pts',(-80.2500000000164,24.9091596016408,-5.57712643050257));
#6525=CARTESIAN_POINT('Ctrl Pts',(-81.2500000000164,24.4019996760271,-5.95048142992828));
#6526=CARTESIAN_POINT('Ctrl Pts',(-80.2500000000164,24.4019996760271,-5.95048142992828));
#6527=CARTESIAN_POINT('Ctrl Pts',(-81.2500000000164,24.1558666527443,-6.13167672972494));
#6528=CARTESIAN_POINT('Ctrl Pts',(-80.2500000000164,24.1558666527443,-6.13167672972494));
#6529=CARTESIAN_POINT('',(-81.2500000000164,25.3154845535926,-4.71285014967734));
#6530=CARTESIAN_POINT('Ctrl Pts',(-81.2500000000164,25.3154845535926,-4.71285014967734));
#6531=CARTESIAN_POINT('Ctrl Pts',(-81.2500000000164,25.177416912116,-5.00652787511485));
#6532=CARTESIAN_POINT('Ctrl Pts',(-81.2500000000164,24.9091596016408,-5.57712643050257));
#6533=CARTESIAN_POINT('Ctrl Pts',(-81.2500000000164,24.4019996760271,-5.95048142992828));
#6534=CARTESIAN_POINT('Ctrl Pts',(-81.2500000000164,24.1558666527443,-6.13167672972494));
#6535=CARTESIAN_POINT('',(-80.2500000000164,25.3154845535926,-4.71285014967734));
#6536=CARTESIAN_POINT('',(-81.2500000000164,25.3154845535926,-4.71285014967734));
#6537=CARTESIAN_POINT('Ctrl Pts',(-80.2500000000164,25.3154845535926,-4.71285014967734));
#6538=CARTESIAN_POINT('Ctrl Pts',(-80.2500000000164,25.177416912116,-5.00652787511485));
#6539=CARTESIAN_POINT('Ctrl Pts',(-80.2500000000164,24.9091596016408,-5.57712643050257));
#6540=CARTESIAN_POINT('Ctrl Pts',(-80.2500000000164,24.4019996760271,-5.95048142992828));
#6541=CARTESIAN_POINT('Ctrl Pts',(-80.2500000000164,24.1558666527443,-6.13167672972494));
#6542=CARTESIAN_POINT('Ctrl Pts',(-81.2500000000164,25.6838341057472,-2.48229175429159));
#6543=CARTESIAN_POINT('Ctrl Pts',(-80.2500000000164,25.6838341057472,-2.48229175429159));
#6544=CARTESIAN_POINT('Ctrl Pts',(-81.2500000000164,25.6722452569101,-2.88402415642022));
#6545=CARTESIAN_POINT('Ctrl Pts',(-80.2500000000164,25.6722452569101,-2.88402415642022));
#6546=CARTESIAN_POINT('Ctrl Pts',(-81.2500000000164,25.6503009386396,-3.64473333606128));
#6547=CARTESIAN_POINT('Ctrl Pts',(-80.2500000000164,25.6503009386396,-3.64473333606128));
#6548=CARTESIAN_POINT('Ctrl Pts',(-81.2500000000164,25.4228283192214,-4.37040669103693));
#6549=CARTESIAN_POINT('Ctrl Pts',(-80.2500000000164,25.4228283192214,-4.37040669103693));
#6550=CARTESIAN_POINT('Ctrl Pts',(-81.2500000000164,25.3154845535926,-4.71285014967734));
#6551=CARTESIAN_POINT('Ctrl Pts',(-80.2500000000164,25.3154845535926,-4.71285014967734));
#6552=CARTESIAN_POINT('',(-81.2500000000164,25.6838341057472,-2.48229175429159));
#6553=CARTESIAN_POINT('Ctrl Pts',(-81.2500000000164,25.6838341057472,-2.48229175429159));
#6554=CARTESIAN_POINT('Ctrl Pts',(-81.2500000000164,25.6722452569101,-2.88402415642022));
#6555=CARTESIAN_POINT('Ctrl Pts',(-81.2500000000164,25.6503009386396,-3.64473333606128));
#6556=CARTESIAN_POINT('Ctrl Pts',(-81.2500000000164,25.4228283192214,-4.37040669103693));
#6557=CARTESIAN_POINT('Ctrl Pts',(-81.2500000000164,25.3154845535926,-4.71285014967734));
#6558=CARTESIAN_POINT('',(-80.2500000000164,25.6838341057472,-2.48229175429159));
#6559=CARTESIAN_POINT('',(-81.2500000000164,25.6838341057472,-2.48229175429159));
#6560=CARTESIAN_POINT('Ctrl Pts',(-80.2500000000164,25.6838341057472,-2.48229175429159));
#6561=CARTESIAN_POINT('Ctrl Pts',(-80.2500000000164,25.6722452569101,-2.88402415642022));
#6562=CARTESIAN_POINT('Ctrl Pts',(-80.2500000000164,25.6503009386396,-3.64473333606128));
#6563=CARTESIAN_POINT('Ctrl Pts',(-80.2500000000164,25.4228283192214,-4.37040669103693));
#6564=CARTESIAN_POINT('Ctrl Pts',(-80.2500000000164,25.3154845535926,-4.71285014967734));
#6565=CARTESIAN_POINT('Ctrl Pts',(-81.2500000000164,25.3700561821632,-0.565511282489837));
#6566=CARTESIAN_POINT('Ctrl Pts',(-80.2500000000164,25.3700561821632,-0.565511282489837));
#6567=CARTESIAN_POINT('Ctrl Pts',(-81.2500000000164,25.4615745760686,-0.8777152298476));
#6568=CARTESIAN_POINT('Ctrl Pts',(-80.2500000000164,25.4615745760686,-0.8777152298476));
#6569=CARTESIAN_POINT('Ctrl Pts',(-81.2500000000164,25.6450758874744,-1.50370779070355));
#6570=CARTESIAN_POINT('Ctrl Pts',(-80.2500000000164,25.6450758874744,-1.50370779070355));
#6571=CARTESIAN_POINT('Ctrl Pts',(-81.2500000000164,25.6708929148558,-2.15554706786298));
#6572=CARTESIAN_POINT('Ctrl Pts',(-80.2500000000164,25.6708929148558,-2.15554706786298));
#6573=CARTESIAN_POINT('Ctrl Pts',(-81.2500000000164,25.6838341057472,-2.48229175429159));
#6574=CARTESIAN_POINT('Ctrl Pts',(-80.2500000000164,25.6838341057472,-2.48229175429159));
#6575=CARTESIAN_POINT('',(-81.2500000000164,25.3700561821632,-0.565511282489837));
#6576=CARTESIAN_POINT('Ctrl Pts',(-81.2500000000164,25.3700561821632,-0.565511282489837));
#6577=CARTESIAN_POINT('Ctrl Pts',(-81.2500000000164,25.4615745760686,-0.8777152298476));
#6578=CARTESIAN_POINT('Ctrl Pts',(-81.2500000000164,25.6450758874744,-1.50370779070355));
#6579=CARTESIAN_POINT('Ctrl Pts',(-81.2500000000164,25.6708929148558,-2.15554706786298));
#6580=CARTESIAN_POINT('Ctrl Pts',(-81.2500000000164,25.6838341057472,-2.48229175429159));
#6581=CARTESIAN_POINT('',(-80.2500000000164,25.3700561821632,-0.565511282489837));
#6582=CARTESIAN_POINT('',(-81.2500000000164,25.3700561821632,-0.565511282489837));
#6583=CARTESIAN_POINT('Ctrl Pts',(-80.2500000000164,25.3700561821632,-0.565511282489837));
#6584=CARTESIAN_POINT('Ctrl Pts',(-80.2500000000164,25.4615745760686,-0.8777152298476));
#6585=CARTESIAN_POINT('Ctrl Pts',(-80.2500000000164,25.6450758874744,-1.50370779070355));
#6586=CARTESIAN_POINT('Ctrl Pts',(-80.2500000000164,25.6708929148558,-2.15554706786298));
#6587=CARTESIAN_POINT('Ctrl Pts',(-80.2500000000164,25.6838341057472,-2.48229175429159));
#6588=CARTESIAN_POINT('Ctrl Pts',(-81.2500000000164,24.2854709923439,0.921529237224519));
#6589=CARTESIAN_POINT('Ctrl Pts',(-80.2500000000164,24.2854709923439,0.921529237224519));
#6590=CARTESIAN_POINT('Ctrl Pts',(-81.2500000000164,24.5238917416479,0.719847146000063));
#6591=CARTESIAN_POINT('Ctrl Pts',(-80.2500000000164,24.5238917416479,0.719847146000063));
#6592=CARTESIAN_POINT('Ctrl Pts',(-81.2500000000164,25.0057490317628,0.312240063873901));
#6593=CARTESIAN_POINT('Ctrl Pts',(-80.2500000000164,25.0057490317628,0.312240063873901));
#6594=CARTESIAN_POINT('Ctrl Pts',(-81.2500000000164,25.2477806729769,-0.270904128340779));
#6595=CARTESIAN_POINT('Ctrl Pts',(-80.2500000000164,25.2477806729769,-0.270904128340779));
#6596=CARTESIAN_POINT('Ctrl Pts',(-81.2500000000164,25.3700561821632,-0.565511282489837));
#6597=CARTESIAN_POINT('Ctrl Pts',(-80.2500000000164,25.3700561821632,-0.565511282489837));
#6598=CARTESIAN_POINT('',(-81.2500000000164,24.2854709923439,0.921529237224519));
#6599=CARTESIAN_POINT('Ctrl Pts',(-81.2500000000164,24.2854709923439,0.921529237224519));
#6600=CARTESIAN_POINT('Ctrl Pts',(-81.2500000000164,24.5238917416479,0.719847146000063));
#6601=CARTESIAN_POINT('Ctrl Pts',(-81.2500000000164,25.0057490317628,0.312240063873901));
#6602=CARTESIAN_POINT('Ctrl Pts',(-81.2500000000164,25.2477806729769,-0.270904128340779));
#6603=CARTESIAN_POINT('Ctrl Pts',(-81.2500000000164,25.3700561821632,-0.565511282489837));
#6604=CARTESIAN_POINT('',(-80.2500000000164,24.2854709923439,0.921529237224519));
#6605=CARTESIAN_POINT('',(-81.2500000000164,24.2854709923439,0.921529237224519));
#6606=CARTESIAN_POINT('Ctrl Pts',(-80.2500000000164,24.2854709923439,0.921529237224519));
#6607=CARTESIAN_POINT('Ctrl Pts',(-80.2500000000164,24.5238917416479,0.719847146000063));
#6608=CARTESIAN_POINT('Ctrl Pts',(-80.2500000000164,25.0057490317628,0.312240063873901));
#6609=CARTESIAN_POINT('Ctrl Pts',(-80.2500000000164,25.2477806729769,-0.270904128340779));
#6610=CARTESIAN_POINT('Ctrl Pts',(-80.2500000000164,25.3700561821632,-0.565511282489837));
#6611=CARTESIAN_POINT('Ctrl Pts',(-81.2500000000164,22.3550482094459,1.47405237336343));
#6612=CARTESIAN_POINT('Ctrl Pts',(-80.2500000000164,22.3550482094459,1.47405237336343));
#6613=CARTESIAN_POINT('Ctrl Pts',(-81.2500000000164,22.7163257453266,1.45607229802455));
#6614=CARTESIAN_POINT('Ctrl Pts',(-80.2500000000164,22.7163257453266,1.45607229802455));
#6615=CARTESIAN_POINT('Ctrl Pts',(-81.2500000000164,23.4040237264385,1.42184691647503));
#6616=CARTESIAN_POINT('Ctrl Pts',(-80.2500000000164,23.4040237264385,1.42184691647503));
#6617=CARTESIAN_POINT('Ctrl Pts',(-81.2500000000164,24.0017542177437,1.08256952145138));
#6618=CARTESIAN_POINT('Ctrl Pts',(-80.2500000000164,24.0017542177437,1.08256952145138));
#6619=CARTESIAN_POINT('Ctrl Pts',(-81.2500000000164,24.2854709923439,0.921529237224519));
#6620=CARTESIAN_POINT('Ctrl Pts',(-80.2500000000164,24.2854709923439,0.921529237224519));
#6621=CARTESIAN_POINT('',(-81.2500000000164,22.3550482094459,1.47405237336343));
#6622=CARTESIAN_POINT('Ctrl Pts',(-81.2500000000164,22.3550482094459,1.47405237336343));
#6623=CARTESIAN_POINT('Ctrl Pts',(-81.2500000000164,22.7163257453266,1.45607229802455));
#6624=CARTESIAN_POINT('Ctrl Pts',(-81.2500000000164,23.4040237264385,1.42184691647503));
#6625=CARTESIAN_POINT('Ctrl Pts',(-81.2500000000164,24.0017542177437,1.08256952145138));
#6626=CARTESIAN_POINT('Ctrl Pts',(-81.2500000000164,24.2854709923439,0.921529237224519));
#6627=CARTESIAN_POINT('',(-80.2500000000164,22.3550482094459,1.47405237336343));
#6628=CARTESIAN_POINT('',(-81.2500000000164,22.3550482094459,1.47405237336343));
#6629=CARTESIAN_POINT('Ctrl Pts',(-80.2500000000164,22.3550482094459,1.47405237336343));
#6630=CARTESIAN_POINT('Ctrl Pts',(-80.2500000000164,22.7163257453266,1.45607229802455));
#6631=CARTESIAN_POINT('Ctrl Pts',(-80.2500000000164,23.4040237264385,1.42184691647503));
#6632=CARTESIAN_POINT('Ctrl Pts',(-80.2500000000164,24.0017542177437,1.08256952145138));
#6633=CARTESIAN_POINT('Ctrl Pts',(-80.2500000000164,24.2854709923439,0.921529237224519));
#6634=CARTESIAN_POINT('Ctrl Pts',(-81.2500000000164,20.6906552612953,0.976098481609284));
#6635=CARTESIAN_POINT('Ctrl Pts',(-80.2500000000164,20.6906552612953,0.976098481609284));
#6636=CARTESIAN_POINT('Ctrl Pts',(-81.2500000000164,20.933262908875,1.12123045656194));
#6637=CARTESIAN_POINT('Ctrl Pts',(-80.2500000000164,20.933262908875,1.12123045656194));
#6638=CARTESIAN_POINT('Ctrl Pts',(-81.2500000000164,21.4448504039142,1.42727069996252));
#6639=CARTESIAN_POINT('Ctrl Pts',(-80.2500000000164,21.4448504039142,1.42727069996252));
#6640=CARTESIAN_POINT('Ctrl Pts',(-81.2500000000164,22.0413983120441,1.45793162798994));
#6641=CARTESIAN_POINT('Ctrl Pts',(-80.2500000000164,22.0413983120441,1.45793162798994));
#6642=CARTESIAN_POINT('Ctrl Pts',(-81.2500000000164,22.3550482094459,1.47405237336343));
#6643=CARTESIAN_POINT('Ctrl Pts',(-80.2500000000164,22.3550482094459,1.47405237336343));
#6644=CARTESIAN_POINT('',(-81.2500000000164,20.6906552612953,0.976098481609284));
#6645=CARTESIAN_POINT('Ctrl Pts',(-81.2500000000164,20.6906552612953,0.976098481609284));
#6646=CARTESIAN_POINT('Ctrl Pts',(-81.2500000000164,20.933262908875,1.12123045656194));
#6647=CARTESIAN_POINT('Ctrl Pts',(-81.2500000000164,21.4448504039142,1.42727069996252));
#6648=CARTESIAN_POINT('Ctrl Pts',(-81.2500000000164,22.0413983120441,1.45793162798994));
#6649=CARTESIAN_POINT('Ctrl Pts',(-81.2500000000164,22.3550482094459,1.47405237336343));
#6650=CARTESIAN_POINT('',(-80.2500000000164,20.6906552612953,0.976098481609284));
#6651=CARTESIAN_POINT('',(-81.2500000000164,20.6906552612953,0.976098481609284));
#6652=CARTESIAN_POINT('Ctrl Pts',(-80.2500000000164,20.6906552612953,0.976098481609284));
#6653=CARTESIAN_POINT('Ctrl Pts',(-80.2500000000164,20.933262908875,1.12123045656194));
#6654=CARTESIAN_POINT('Ctrl Pts',(-80.2500000000164,21.4448504039142,1.42727069996252));
#6655=CARTESIAN_POINT('Ctrl Pts',(-80.2500000000164,22.0413983120441,1.45793162798994));
#6656=CARTESIAN_POINT('Ctrl Pts',(-80.2500000000164,22.3550482094459,1.47405237336343));
#6657=CARTESIAN_POINT('Ctrl Pts',(-81.2500000000164,19.6811051666908,-0.613259371326507));
#6658=CARTESIAN_POINT('Ctrl Pts',(-80.2500000000164,19.6811051666908,-0.613259371326507));
#6659=CARTESIAN_POINT('Ctrl Pts',(-81.2500000000164,19.7990448392386,-0.28309816058778));
#6660=CARTESIAN_POINT('Ctrl Pts',(-80.2500000000164,19.7990448392386,-0.28309816058778));
#6661=CARTESIAN_POINT('Ctrl Pts',(-81.2500000000164,20.0161918859097,0.32478492309822));
#6662=CARTESIAN_POINT('Ctrl Pts',(-80.2500000000164,20.0161918859097,0.32478492309822));
#6663=CARTESIAN_POINT('Ctrl Pts',(-81.2500000000164,20.479146472367,0.771849374836782));
#6664=CARTESIAN_POINT('Ctrl Pts',(-80.2500000000164,20.479146472367,0.771849374836782));
#6665=CARTESIAN_POINT('Ctrl Pts',(-81.2500000000164,20.6906552612953,0.976098481609284));
#6666=CARTESIAN_POINT('Ctrl Pts',(-80.2500000000164,20.6906552612953,0.976098481609284));
#6667=CARTESIAN_POINT('',(-81.2500000000164,19.6811051666908,-0.613259371326507));
#6668=CARTESIAN_POINT('Ctrl Pts',(-81.2500000000164,19.6811051666908,-0.613259371326507));
#6669=CARTESIAN_POINT('Ctrl Pts',(-81.2500000000164,19.7990448392386,-0.28309816058778));
#6670=CARTESIAN_POINT('Ctrl Pts',(-81.2500000000164,20.0161918859097,0.32478492309822));
#6671=CARTESIAN_POINT('Ctrl Pts',(-81.2500000000164,20.479146472367,0.771849374836782));
#6672=CARTESIAN_POINT('Ctrl Pts',(-81.2500000000164,20.6906552612953,0.976098481609284));
#6673=CARTESIAN_POINT('',(-80.2500000000164,19.6811051666908,-0.613259371326507));
#6674=CARTESIAN_POINT('',(-81.2500000000164,19.6811051666908,-0.613259371326507));
#6675=CARTESIAN_POINT('Ctrl Pts',(-80.2500000000164,19.6811051666908,-0.613259371326507));
#6676=CARTESIAN_POINT('Ctrl Pts',(-80.2500000000164,19.7990448392386,-0.28309816058778));
#6677=CARTESIAN_POINT('Ctrl Pts',(-80.2500000000164,20.0161918859097,0.32478492309822));
#6678=CARTESIAN_POINT('Ctrl Pts',(-80.2500000000164,20.479146472367,0.771849374836782));
#6679=CARTESIAN_POINT('Ctrl Pts',(-80.2500000000164,20.6906552612953,0.976098481609284));
#6680=CARTESIAN_POINT('Origin',(-81.2500000000164,18.3782406151466,-0.306302603290618));
#6681=CARTESIAN_POINT('',(-81.2500000000164,18.3782406151466,-0.306302603290618));
#6682=CARTESIAN_POINT('',(-81.2500000000164,20.8615179204116,-0.891366319129361));
#6683=CARTESIAN_POINT('',(-80.2500000000164,18.3782406151466,-0.306302603290618));
#6684=CARTESIAN_POINT('',(-81.2500000000164,18.3782406151466,-0.306302603290618));
#6685=CARTESIAN_POINT('',(-80.2500000000164,18.3782406151466,-0.306302603290618));
#6686=CARTESIAN_POINT('Ctrl Pts',(-81.2500000000164,19.8038883507423,1.84240192551798));
#6687=CARTESIAN_POINT('Ctrl Pts',(-80.2500000000164,19.8038883507423,1.84240192551798));
#6688=CARTESIAN_POINT('Ctrl Pts',(-81.2500000000164,19.4866786876153,1.55472773541231));
#6689=CARTESIAN_POINT('Ctrl Pts',(-80.2500000000164,19.4866786876153,1.55472773541231));
#6690=CARTESIAN_POINT('Ctrl Pts',(-81.2500000000164,18.8307209655381,0.959846404932296));
#6691=CARTESIAN_POINT('Ctrl Pts',(-80.2500000000164,18.8307209655381,0.959846404932296));
#6692=CARTESIAN_POINT('Ctrl Pts',(-81.2500000000164,18.5323332557362,0.124885720993797));
#6693=CARTESIAN_POINT('Ctrl Pts',(-80.2500000000164,18.5323332557362,0.124885720993797));
#6694=CARTESIAN_POINT('Ctrl Pts',(-81.2500000000164,18.3782406151466,-0.306302603290618));
#6695=CARTESIAN_POINT('Ctrl Pts',(-80.2500000000164,18.3782406151466,-0.306302603290618));
#6696=CARTESIAN_POINT('',(-81.2500000000164,19.8038883507423,1.84240192551798));
#6697=CARTESIAN_POINT('Ctrl Pts',(-81.2500000000164,19.8038883507423,1.84240192551798));
#6698=CARTESIAN_POINT('Ctrl Pts',(-81.2500000000164,19.4866786876153,1.55472773541231));
#6699=CARTESIAN_POINT('Ctrl Pts',(-81.2500000000164,18.8307209655381,0.959846404932296));
#6700=CARTESIAN_POINT('Ctrl Pts',(-81.2500000000164,18.5323332557362,0.124885720993797));
#6701=CARTESIAN_POINT('Ctrl Pts',(-81.2500000000164,18.3782406151466,-0.306302603290618));
#6702=CARTESIAN_POINT('',(-80.2500000000164,19.8038883507423,1.84240192551798));
#6703=CARTESIAN_POINT('',(-81.2500000000164,19.8038883507423,1.84240192551798));
#6704=CARTESIAN_POINT('Ctrl Pts',(-80.2500000000164,19.8038883507423,1.84240192551798));
#6705=CARTESIAN_POINT('Ctrl Pts',(-80.2500000000164,19.4866786876153,1.55472773541231));
#6706=CARTESIAN_POINT('Ctrl Pts',(-80.2500000000164,18.8307209655381,0.959846404932296));
#6707=CARTESIAN_POINT('Ctrl Pts',(-80.2500000000164,18.5323332557362,0.124885720993797));
#6708=CARTESIAN_POINT('Ctrl Pts',(-80.2500000000164,18.3782406151466,-0.306302603290618));
#6709=CARTESIAN_POINT('Ctrl Pts',(-81.2500000000164,22.3277635872535,2.60638565201944));
#6710=CARTESIAN_POINT('Ctrl Pts',(-80.2500000000164,22.3277635872535,2.60638565201944));
#6711=CARTESIAN_POINT('Ctrl Pts',(-81.2500000000164,21.8556027995084,2.5804694015673));
#6712=CARTESIAN_POINT('Ctrl Pts',(-80.2500000000164,21.8556027995084,2.5804694015673));
#6713=CARTESIAN_POINT('Ctrl Pts',(-81.2500000000164,20.9506485336632,2.53079771766194));
#6714=CARTESIAN_POINT('Ctrl Pts',(-80.2500000000164,20.9506485336632,2.53079771766194));
#6715=CARTESIAN_POINT('Ctrl Pts',(-81.2500000000164,20.1748927724349,2.06511447393369));
#6716=CARTESIAN_POINT('Ctrl Pts',(-80.2500000000164,20.1748927724349,2.06511447393369));
#6717=CARTESIAN_POINT('Ctrl Pts',(-81.2500000000164,19.8038883507423,1.84240192551798));
#6718=CARTESIAN_POINT('Ctrl Pts',(-80.2500000000164,19.8038883507423,1.84240192551798));
#6719=CARTESIAN_POINT('',(-81.2500000000164,22.3277635872535,2.60638565201944));
#6720=CARTESIAN_POINT('Ctrl Pts',(-81.2500000000164,22.3277635872535,2.60638565201944));
#6721=CARTESIAN_POINT('Ctrl Pts',(-81.2500000000164,21.8556027995084,2.5804694015673));
#6722=CARTESIAN_POINT('Ctrl Pts',(-81.2500000000164,20.9506485336632,2.53079771766194));
#6723=CARTESIAN_POINT('Ctrl Pts',(-81.2500000000164,20.1748927724349,2.06511447393369));
#6724=CARTESIAN_POINT('Ctrl Pts',(-81.2500000000164,19.8038883507423,1.84240192551798));
#6725=CARTESIAN_POINT('',(-80.2500000000164,22.3277635872535,2.60638565201944));
#6726=CARTESIAN_POINT('',(-81.2500000000164,22.3277635872535,2.60638565201944));
#6727=CARTESIAN_POINT('Ctrl Pts',(-80.2500000000164,22.3277635872535,2.60638565201944));
#6728=CARTESIAN_POINT('Ctrl Pts',(-80.2500000000164,21.8556027995084,2.5804694015673));
#6729=CARTESIAN_POINT('Ctrl Pts',(-80.2500000000164,20.9506485336632,2.53079771766194));
#6730=CARTESIAN_POINT('Ctrl Pts',(-80.2500000000164,20.1748927724349,2.06511447393369));
#6731=CARTESIAN_POINT('Ctrl Pts',(-80.2500000000164,19.8038883507423,1.84240192551798));
#6732=CARTESIAN_POINT('Ctrl Pts',(-81.2500000000164,24.7561378777198,1.99929088730997));
#6733=CARTESIAN_POINT('Ctrl Pts',(-80.2500000000164,24.7561378777198,1.99929088730997));
#6734=CARTESIAN_POINT('Ctrl Pts',(-81.2500000000164,24.3759649430136,2.17635156903099));
#6735=CARTESIAN_POINT('Ctrl Pts',(-80.2500000000164,24.3759649430136,2.17635156903099));
#6736=CARTESIAN_POINT('Ctrl Pts',(-81.2500000000164,23.6058532917555,2.53502122045797));
#6737=CARTESIAN_POINT('Ctrl Pts',(-80.2500000000164,23.6058532917555,2.53502122045797));
#6738=CARTESIAN_POINT('Ctrl Pts',(-81.2500000000164,22.7573799839558,2.58239724977181));
#6739=CARTESIAN_POINT('Ctrl Pts',(-80.2500000000164,22.7573799839558,2.58239724977181));
#6740=CARTESIAN_POINT('Ctrl Pts',(-81.2500000000164,22.3277635872535,2.60638565201944));
#6741=CARTESIAN_POINT('Ctrl Pts',(-80.2500000000164,22.3277635872535,2.60638565201944));
#6742=CARTESIAN_POINT('',(-81.2500000000164,24.7561378777198,1.99929088730997));
#6743=CARTESIAN_POINT('Ctrl Pts',(-81.2500000000164,24.7561378777198,1.99929088730997));
#6744=CARTESIAN_POINT('Ctrl Pts',(-81.2500000000164,24.3759649430136,2.17635156903099));
#6745=CARTESIAN_POINT('Ctrl Pts',(-81.2500000000164,23.6058532917555,2.53502122045797));
#6746=CARTESIAN_POINT('Ctrl Pts',(-81.2500000000164,22.7573799839558,2.58239724977181));
#6747=CARTESIAN_POINT('Ctrl Pts',(-81.2500000000164,22.3277635872535,2.60638565201944));
#6748=CARTESIAN_POINT('',(-80.2500000000164,24.7561378777198,1.99929088730997));
#6749=CARTESIAN_POINT('',(-81.2500000000164,24.7561378777198,1.99929088730997));
#6750=CARTESIAN_POINT('Ctrl Pts',(-80.2500000000164,24.7561378777198,1.99929088730997));
#6751=CARTESIAN_POINT('Ctrl Pts',(-80.2500000000164,24.3759649430136,2.17635156903099));
#6752=CARTESIAN_POINT('Ctrl Pts',(-80.2500000000164,23.6058532917555,2.53502122045797));
#6753=CARTESIAN_POINT('Ctrl Pts',(-80.2500000000164,22.7573799839558,2.58239724977181));
#6754=CARTESIAN_POINT('Ctrl Pts',(-80.2500000000164,22.3277635872535,2.60638565201944));
#6755=CARTESIAN_POINT('Ctrl Pts',(-81.2500000000164,26.4546389877967,0.232580605937898));
#6756=CARTESIAN_POINT('Ctrl Pts',(-80.2500000000164,26.4546389877967,0.232580605937898));
#6757=CARTESIAN_POINT('Ctrl Pts',(-81.2500000000164,26.2361514026603,0.596505699144307));
#6758=CARTESIAN_POINT('Ctrl Pts',(-80.2500000000164,26.2361514026603,0.596505699144307));
#6759=CARTESIAN_POINT('Ctrl Pts',(-81.2500000000164,25.8045978642945,1.31532531342691));
#6760=CARTESIAN_POINT('Ctrl Pts',(-80.2500000000164,25.8045978642945,1.31532531342691));
#6761=CARTESIAN_POINT('Ctrl Pts',(-81.2500000000164,25.1026851499867,1.77321988127379));
#6762=CARTESIAN_POINT('Ctrl Pts',(-80.2500000000164,25.1026851499867,1.77321988127379));
#6763=CARTESIAN_POINT('Ctrl Pts',(-81.2500000000164,24.7561378777198,1.99929088730997));
#6764=CARTESIAN_POINT('Ctrl Pts',(-80.2500000000164,24.7561378777198,1.99929088730997));
#6765=CARTESIAN_POINT('',(-81.2500000000164,26.4546389877967,0.232580605937898));
#6766=CARTESIAN_POINT('Ctrl Pts',(-81.2500000000164,26.4546389877967,0.232580605937898));
#6767=CARTESIAN_POINT('Ctrl Pts',(-81.2500000000164,26.2361514026603,0.596505699144307));
#6768=CARTESIAN_POINT('Ctrl Pts',(-81.2500000000164,25.8045978642945,1.31532531342691));
#6769=CARTESIAN_POINT('Ctrl Pts',(-81.2500000000164,25.1026851499867,1.77321988127379));
#6770=CARTESIAN_POINT('Ctrl Pts',(-81.2500000000164,24.7561378777198,1.99929088730997));
#6771=CARTESIAN_POINT('',(-80.2500000000164,26.4546389877967,0.232580605937898));
#6772=CARTESIAN_POINT('',(-81.2500000000164,26.4546389877967,0.232580605937898));
#6773=CARTESIAN_POINT('Ctrl Pts',(-80.2500000000164,26.4546389877967,0.232580605937898));
#6774=CARTESIAN_POINT('Ctrl Pts',(-80.2500000000164,26.2361514026603,0.596505699144307));
#6775=CARTESIAN_POINT('Ctrl Pts',(-80.2500000000164,25.8045978642945,1.31532531342691));
#6776=CARTESIAN_POINT('Ctrl Pts',(-80.2500000000164,25.1026851499867,1.77321988127379));
#6777=CARTESIAN_POINT('Ctrl Pts',(-80.2500000000164,24.7561378777198,1.99929088730997));
#6778=CARTESIAN_POINT('Ctrl Pts',(-81.2500000000164,27.0480890572242,-2.4891105256539));
#6779=CARTESIAN_POINT('Ctrl Pts',(-80.2500000000164,27.0480890572242,-2.4891105256539));
#6780=CARTESIAN_POINT('Ctrl Pts',(-81.2500000000164,27.0283782185141,-1.9952960321684));
#6781=CARTESIAN_POINT('Ctrl Pts',(-80.2500000000164,27.0283782185141,-1.9952960321684));
#6782=CARTESIAN_POINT('Ctrl Pts',(-81.2500000000164,26.9907337496976,-1.05219134877607));
#6783=CARTESIAN_POINT('Ctrl Pts',(-80.2500000000164,26.9907337496976,-1.05219134877607));
#6784=CARTESIAN_POINT('Ctrl Pts',(-81.2500000000164,26.6276230471332,-0.181982422546043));
#6785=CARTESIAN_POINT('Ctrl Pts',(-80.2500000000164,26.6276230471332,-0.181982422546043));
#6786=CARTESIAN_POINT('Ctrl Pts',(-81.2500000000164,26.4546389877967,0.232580605937898));
#6787=CARTESIAN_POINT('Ctrl Pts',(-80.2500000000164,26.4546389877967,0.232580605937898));
#6788=CARTESIAN_POINT('',(-81.2500000000164,27.0480890572242,-2.4891105256539));
#6789=CARTESIAN_POINT('Ctrl Pts',(-81.2500000000164,27.0480890572242,-2.4891105256539));
#6790=CARTESIAN_POINT('Ctrl Pts',(-81.2500000000164,27.0283782185141,-1.9952960321684));
#6791=CARTESIAN_POINT('Ctrl Pts',(-81.2500000000164,26.9907337496976,-1.05219134877607));
#6792=CARTESIAN_POINT('Ctrl Pts',(-81.2500000000164,26.6276230471332,-0.181982422546043));
#6793=CARTESIAN_POINT('Ctrl Pts',(-81.2500000000164,26.4546389877967,0.232580605937898));
#6794=CARTESIAN_POINT('',(-80.2500000000164,27.0480890572242,-2.4891105256539));
#6795=CARTESIAN_POINT('',(-81.2500000000164,27.0480890572242,-2.4891105256539));
#6796=CARTESIAN_POINT('Ctrl Pts',(-80.2500000000164,27.0480890572242,-2.4891105256539));
#6797=CARTESIAN_POINT('Ctrl Pts',(-80.2500000000164,27.0283782185141,-1.9952960321684));
#6798=CARTESIAN_POINT('Ctrl Pts',(-80.2500000000164,26.9907337496976,-1.05219134877607));
#6799=CARTESIAN_POINT('Ctrl Pts',(-80.2500000000164,26.6276230471332,-0.181982422546043));
#6800=CARTESIAN_POINT('Ctrl Pts',(-80.2500000000164,26.4546389877967,0.232580605937898));
#6801=CARTESIAN_POINT('Ctrl Pts',(-81.2500000000164,26.5228529274635,-5.16987472395712));
#6802=CARTESIAN_POINT('Ctrl Pts',(-80.2500000000164,26.5228529274635,-5.16987472395712));
#6803=CARTESIAN_POINT('Ctrl Pts',(-81.2500000000164,26.6760377876961,-4.74274848079451));
#6804=CARTESIAN_POINT('Ctrl Pts',(-80.2500000000164,26.6760377876961,-4.74274848079451));
#6805=CARTESIAN_POINT('Ctrl Pts',(-81.2500000000164,26.9868999459376,-3.87596970390037));
#6806=CARTESIAN_POINT('Ctrl Pts',(-80.2500000000164,26.9868999459376,-3.87596970390037));
#6807=CARTESIAN_POINT('Ctrl Pts',(-81.2500000000164,27.0274971228492,-2.95582940071889));
#6808=CARTESIAN_POINT('Ctrl Pts',(-80.2500000000164,27.0274971228492,-2.95582940071889));
#6809=CARTESIAN_POINT('Ctrl Pts',(-81.2500000000164,27.0480890572242,-2.4891105256539));
#6810=CARTESIAN_POINT('Ctrl Pts',(-80.2500000000164,27.0480890572242,-2.4891105256539));
#6811=CARTESIAN_POINT('',(-81.2500000000164,26.5228529274635,-5.16987472395712));
#6812=CARTESIAN_POINT('Ctrl Pts',(-81.2500000000164,26.5228529274635,-5.16987472395712));
#6813=CARTESIAN_POINT('Ctrl Pts',(-81.2500000000164,26.6760377876961,-4.74274848079451));
#6814=CARTESIAN_POINT('Ctrl Pts',(-81.2500000000164,26.9868999459376,-3.87596970390037));
#6815=CARTESIAN_POINT('Ctrl Pts',(-81.2500000000164,27.0274971228492,-2.95582940071889));
#6816=CARTESIAN_POINT('Ctrl Pts',(-81.2500000000164,27.0480890572242,-2.4891105256539));
#6817=CARTESIAN_POINT('',(-80.2500000000164,26.5228529274635,-5.16987472395712));
#6818=CARTESIAN_POINT('',(-81.2500000000164,26.5228529274635,-5.16987472395712));
#6819=CARTESIAN_POINT('Ctrl Pts',(-80.2500000000164,26.5228529274635,-5.16987472395712));
#6820=CARTESIAN_POINT('Ctrl Pts',(-80.2500000000164,26.6760377876961,-4.74274848079451));
#6821=CARTESIAN_POINT('Ctrl Pts',(-80.2500000000164,26.9868999459376,-3.87596970390037));
#6822=CARTESIAN_POINT('Ctrl Pts',(-80.2500000000164,27.0274971228492,-2.95582940071889));
#6823=CARTESIAN_POINT('Ctrl Pts',(-80.2500000000164,27.0480890572242,-2.4891105256539));
#6824=CARTESIAN_POINT('Ctrl Pts',(-81.2500000000164,24.9812431633644,-7.07983404021078));
#6825=CARTESIAN_POINT('Ctrl Pts',(-80.2500000000164,24.9812431633644,-7.07983404021078));
#6826=CARTESIAN_POINT('Ctrl Pts',(-81.2500000000164,25.3004257914606,-6.82869394816828));
#6827=CARTESIAN_POINT('Ctrl Pts',(-80.2500000000164,25.3004257914606,-6.82869394816828));
#6828=CARTESIAN_POINT('Ctrl Pts',(-81.2500000000164,25.959340946812,-6.31024463985169));
#6829=CARTESIAN_POINT('Ctrl Pts',(-80.2500000000164,25.959340946812,-6.31024463985169));
#6830=CARTESIAN_POINT('Ctrl Pts',(-81.2500000000164,26.3311503353885,-5.55782010277325));
#6831=CARTESIAN_POINT('Ctrl Pts',(-80.2500000000164,26.3311503353885,-5.55782010277325));
#6832=CARTESIAN_POINT('Ctrl Pts',(-81.2500000000164,26.5228529274635,-5.16987472395712));
#6833=CARTESIAN_POINT('Ctrl Pts',(-80.2500000000164,26.5228529274635,-5.16987472395712));
#6834=CARTESIAN_POINT('',(-81.2500000000164,24.9812431633644,-7.07983404021078));
#6835=CARTESIAN_POINT('Ctrl Pts',(-81.2500000000164,24.9812431633644,-7.07983404021078));
#6836=CARTESIAN_POINT('Ctrl Pts',(-81.2500000000164,25.3004257914606,-6.82869394816828));
#6837=CARTESIAN_POINT('Ctrl Pts',(-81.2500000000164,25.959340946812,-6.31024463985169));
#6838=CARTESIAN_POINT('Ctrl Pts',(-81.2500000000164,26.3311503353885,-5.55782010277325));
#6839=CARTESIAN_POINT('Ctrl Pts',(-81.2500000000164,26.5228529274635,-5.16987472395712));
#6840=CARTESIAN_POINT('',(-80.2500000000164,24.9812431633644,-7.07983404021078));
#6841=CARTESIAN_POINT('',(-81.2500000000164,24.9812431633644,-7.07983404021078));
#6842=CARTESIAN_POINT('Ctrl Pts',(-80.2500000000164,24.9812431633644,-7.07983404021078));
#6843=CARTESIAN_POINT('Ctrl Pts',(-80.2500000000164,25.3004257914606,-6.82869394816828));
#6844=CARTESIAN_POINT('Ctrl Pts',(-80.2500000000164,25.959340946812,-6.31024463985169));
#6845=CARTESIAN_POINT('Ctrl Pts',(-80.2500000000164,26.3311503353885,-5.55782010277325));
#6846=CARTESIAN_POINT('Ctrl Pts',(-80.2500000000164,26.5228529274635,-5.16987472395712));
#6847=CARTESIAN_POINT('Ctrl Pts',(-81.2500000000164,22.3482270538978,-7.73467689375693));
#6848=CARTESIAN_POINT('Ctrl Pts',(-80.2500000000164,22.3482270538978,-7.73467689375693));
#6849=CARTESIAN_POINT('Ctrl Pts',(-81.2500000000164,22.8466441097354,-7.71679668138117));
#6850=CARTESIAN_POINT('Ctrl Pts',(-80.2500000000164,22.8466441097354,-7.71679668138117));
#6851=CARTESIAN_POINT('Ctrl Pts',(-81.2500000000164,23.7725274967176,-7.68358154277279));
#6852=CARTESIAN_POINT('Ctrl Pts',(-80.2500000000164,23.7725274967176,-7.68358154277279));
#6853=CARTESIAN_POINT('Ctrl Pts',(-81.2500000000164,24.5994606540115,-7.27053251703548));
#6854=CARTESIAN_POINT('Ctrl Pts',(-80.2500000000164,24.5994606540115,-7.27053251703548));
#6855=CARTESIAN_POINT('Ctrl Pts',(-81.2500000000164,24.9812431633644,-7.07983404021078));
#6856=CARTESIAN_POINT('Ctrl Pts',(-80.2500000000164,24.9812431633644,-7.07983404021078));
#6857=CARTESIAN_POINT('',(-81.2500000000164,22.3482270538978,-7.73467689375693));
#6858=CARTESIAN_POINT('Ctrl Pts',(-81.2500000000164,22.3482270538978,-7.73467689375693));
#6859=CARTESIAN_POINT('Ctrl Pts',(-81.2500000000164,22.8466441097354,-7.71679668138117));
#6860=CARTESIAN_POINT('Ctrl Pts',(-81.2500000000164,23.7725274967176,-7.68358154277279));
#6861=CARTESIAN_POINT('Ctrl Pts',(-81.2500000000164,24.5994606540115,-7.27053251703548));
#6862=CARTESIAN_POINT('Ctrl Pts',(-81.2500000000164,24.9812431633644,-7.07983404021078));
#6863=CARTESIAN_POINT('',(-80.2500000000164,22.3482270538978,-7.73467689375693));
#6864=CARTESIAN_POINT('',(-81.2500000000164,22.3482270538978,-7.73467689375693));
#6865=CARTESIAN_POINT('Ctrl Pts',(-80.2500000000164,22.3482270538978,-7.73467689375693));
#6866=CARTESIAN_POINT('Ctrl Pts',(-80.2500000000164,22.8466441097354,-7.71679668138117));
#6867=CARTESIAN_POINT('Ctrl Pts',(-80.2500000000164,23.7725274967176,-7.68358154277279));
#6868=CARTESIAN_POINT('Ctrl Pts',(-80.2500000000164,24.5994606540115,-7.27053251703548));
#6869=CARTESIAN_POINT('Ctrl Pts',(-80.2500000000164,24.9812431633644,-7.07983404021078));
#6870=CARTESIAN_POINT('Ctrl Pts',(-81.2500000000164,19.708392173069,-6.88201814513022));
#6871=CARTESIAN_POINT('Ctrl Pts',(-80.2500000000164,19.708392173069,-6.88201814513022));
#6872=CARTESIAN_POINT('Ctrl Pts',(-81.2500000000164,20.096320753792,-7.13062689663991));
#6873=CARTESIAN_POINT('Ctrl Pts',(-80.2500000000164,20.096320753792,-7.13062689663991));
#6874=CARTESIAN_POINT('Ctrl Pts',(-81.2500000000164,20.9001398143601,-7.64576412296916));
#6875=CARTESIAN_POINT('Ctrl Pts',(-80.2500000000164,20.9001398143601,-7.64576412296916));
#6876=CARTESIAN_POINT('Ctrl Pts',(-81.2500000000164,21.8544654844796,-7.70435986033046));
#6877=CARTESIAN_POINT('Ctrl Pts',(-80.2500000000164,21.8544654844796,-7.70435986033046));
#6878=CARTESIAN_POINT('Ctrl Pts',(-81.2500000000164,22.3482270538978,-7.73467689375693));
#6879=CARTESIAN_POINT('Ctrl Pts',(-80.2500000000164,22.3482270538978,-7.73467689375693));
#6880=CARTESIAN_POINT('',(-81.2500000000164,19.708392173069,-6.88201814513022));
#6881=CARTESIAN_POINT('Ctrl Pts',(-81.2500000000164,19.708392173069,-6.88201814513022));
#6882=CARTESIAN_POINT('Ctrl Pts',(-81.2500000000164,20.096320753792,-7.13062689663991));
#6883=CARTESIAN_POINT('Ctrl Pts',(-81.2500000000164,20.9001398143601,-7.64576412296916));
#6884=CARTESIAN_POINT('Ctrl Pts',(-81.2500000000164,21.8544654844796,-7.70435986033046));
#6885=CARTESIAN_POINT('Ctrl Pts',(-81.2500000000164,22.3482270538978,-7.73467689375693));
#6886=CARTESIAN_POINT('',(-80.2500000000164,19.708392173069,-6.88201814513022));
#6887=CARTESIAN_POINT('',(-81.2500000000164,19.708392173069,-6.88201814513022));
#6888=CARTESIAN_POINT('Ctrl Pts',(-80.2500000000164,19.708392173069,-6.88201814513022));
#6889=CARTESIAN_POINT('Ctrl Pts',(-80.2500000000164,20.096320753792,-7.13062689663991));
#6890=CARTESIAN_POINT('Ctrl Pts',(-80.2500000000164,20.9001398143601,-7.64576412296916));
#6891=CARTESIAN_POINT('Ctrl Pts',(-80.2500000000164,21.8544654844796,-7.70435986033046));
#6892=CARTESIAN_POINT('Ctrl Pts',(-80.2500000000164,22.3482270538978,-7.73467689375693));
#6893=CARTESIAN_POINT('Ctrl Pts',(-81.2500000000164,18.2077093422584,-4.39224868635947));
#6894=CARTESIAN_POINT('Ctrl Pts',(-80.2500000000164,18.2077093422584,-4.39224868635947));
#6895=CARTESIAN_POINT('Ctrl Pts',(-81.2500000000164,18.3638354607462,-4.89497989746762));
#6896=CARTESIAN_POINT('Ctrl Pts',(-80.2500000000164,18.3638354607462,-4.89497989746762));
#6897=CARTESIAN_POINT('Ctrl Pts',(-81.2500000000164,18.660450758003,-5.850090862036));
#6898=CARTESIAN_POINT('Ctrl Pts',(-80.2500000000164,18.660450758003,-5.850090862036));
#6899=CARTESIAN_POINT('Ctrl Pts',(-81.2500000000164,19.3715746914927,-6.55034774479614));
#6900=CARTESIAN_POINT('Ctrl Pts',(-80.2500000000164,19.3715746914927,-6.55034774479614));
#6901=CARTESIAN_POINT('Ctrl Pts',(-81.2500000000164,19.708392173069,-6.88201814513022));
#6902=CARTESIAN_POINT('Ctrl Pts',(-80.2500000000164,19.708392173069,-6.88201814513022));
#6903=CARTESIAN_POINT('',(-81.2500000000164,18.2077093422584,-4.39224868635947));
#6904=CARTESIAN_POINT('Ctrl Pts',(-81.2500000000164,18.2077093422584,-4.39224868635947));
#6905=CARTESIAN_POINT('Ctrl Pts',(-81.2500000000164,18.3638354607462,-4.89497989746762));
#6906=CARTESIAN_POINT('Ctrl Pts',(-81.2500000000164,18.660450758003,-5.850090862036));
#6907=CARTESIAN_POINT('Ctrl Pts',(-81.2500000000164,19.3715746914927,-6.55034774479614));
#6908=CARTESIAN_POINT('Ctrl Pts',(-81.2500000000164,19.708392173069,-6.88201814513022));
#6909=CARTESIAN_POINT('',(-80.2500000000164,18.2077093422584,-4.39224868635947));
#6910=CARTESIAN_POINT('',(-81.2500000000164,18.2077093422584,-4.39224868635947));
#6911=CARTESIAN_POINT('Ctrl Pts',(-80.2500000000164,18.2077093422584,-4.39224868635947));
#6912=CARTESIAN_POINT('Ctrl Pts',(-80.2500000000164,18.3638354607462,-4.89497989746762));
#6913=CARTESIAN_POINT('Ctrl Pts',(-80.2500000000164,18.660450758003,-5.850090862036));
#6914=CARTESIAN_POINT('Ctrl Pts',(-80.2500000000164,19.3715746914927,-6.55034774479614));
#6915=CARTESIAN_POINT('Ctrl Pts',(-80.2500000000164,19.708392173069,-6.88201814513022));
#6916=CARTESIAN_POINT('Origin',(-81.2500000000164,19.5310373604469,-4.05800729613119));
#6917=CARTESIAN_POINT('',(-81.2500000000164,19.5310373604469,-4.05800729613119));
#6918=CARTESIAN_POINT('',(-81.2500000000164,19.5899228744001,-4.04313420663448));
#6919=CARTESIAN_POINT('',(-80.2500000000164,19.5310373604469,-4.05800729613119));
#6920=CARTESIAN_POINT('',(-81.2500000000164,19.5310373604469,-4.05800729613119));
#6921=CARTESIAN_POINT('',(-80.2500000000164,19.5310373604469,-4.05800729613119));
#6922=CARTESIAN_POINT('Ctrl Pts',(-81.2500000000164,20.5746932327919,-5.96114545683676));
#6923=CARTESIAN_POINT('Ctrl Pts',(-80.2500000000164,20.5746932327919,-5.96114545683676));
#6924=CARTESIAN_POINT('Ctrl Pts',(-81.2500000000164,20.3359797546483,-5.70880111072522));
#6925=CARTESIAN_POINT('Ctrl Pts',(-80.2500000000164,20.3359797546483,-5.70880111072522));
#6926=CARTESIAN_POINT('Ctrl Pts',(-81.2500000000164,19.8235786262691,-5.16714117307433));
#6927=CARTESIAN_POINT('Ctrl Pts',(-80.2500000000164,19.8235786262691,-5.16714117307433));
#6928=CARTESIAN_POINT('Ctrl Pts',(-81.2500000000164,19.6328896369555,-4.44416755288008));
#6929=CARTESIAN_POINT('Ctrl Pts',(-80.2500000000164,19.6328896369555,-4.44416755288008));
#6930=CARTESIAN_POINT('Ctrl Pts',(-81.2500000000164,19.5310373604469,-4.05800729613119));
#6931=CARTESIAN_POINT('Ctrl Pts',(-80.2500000000164,19.5310373604469,-4.05800729613119));
#6932=CARTESIAN_POINT('Ctrl Pts',(-81.2500000000164,20.5746932327919,-5.96114545683676));
#6933=CARTESIAN_POINT('Ctrl Pts',(-81.2500000000164,20.3359797546483,-5.70880111072522));
#6934=CARTESIAN_POINT('Ctrl Pts',(-81.2500000000164,19.8235786262691,-5.16714117307433));
#6935=CARTESIAN_POINT('Ctrl Pts',(-81.2500000000164,19.6328896369555,-4.44416755288008));
#6936=CARTESIAN_POINT('Ctrl Pts',(-81.2500000000164,19.5310373604469,-4.05800729613119));
#6937=CARTESIAN_POINT('Ctrl Pts',(-80.2500000000164,20.5746932327919,-5.96114545683676));
#6938=CARTESIAN_POINT('Ctrl Pts',(-80.2500000000164,20.3359797546483,-5.70880111072522));
#6939=CARTESIAN_POINT('Ctrl Pts',(-80.2500000000164,19.8235786262691,-5.16714117307433));
#6940=CARTESIAN_POINT('Ctrl Pts',(-80.2500000000164,19.6328896369555,-4.44416755288008));
#6941=CARTESIAN_POINT('Ctrl Pts',(-80.2500000000164,19.5310373604469,-4.05800729613119));
#6942=CARTESIAN_POINT('Origin',(-80.2500000000164,21.2499997764997,-10.3676930032235));
#6943=CARTESIAN_POINT('Origin',(-81.2500000000164,42.71998658778,-21.1112132630807));
#6944=CARTESIAN_POINT('',(-81.2500000000164,42.71998658778,-21.1112132630807));
#6945=CARTESIAN_POINT('',(-81.2500000000164,42.71998658778,-19.2490020356637));
#6946=CARTESIAN_POINT('',(-81.2500000000164,42.71998658778,-15.7394549212914));
#6947=CARTESIAN_POINT('',(-80.2500000000164,42.71998658778,-21.1112132630807));
#6948=CARTESIAN_POINT('',(-81.2500000000164,42.71998658778,-21.1112132630807));
#6949=CARTESIAN_POINT('',(-80.2500000000164,42.71998658778,-19.2490020356637));
#6950=CARTESIAN_POINT('',(-80.2500000000164,42.71998658778,-21.1112132630807));
#6951=CARTESIAN_POINT('',(-81.2500000000164,42.71998658778,-19.2490020356637));
#6952=CARTESIAN_POINT('Ctrl Pts',(-81.2500000000164,43.9614595472984,-21.8206277451974));
#6953=CARTESIAN_POINT('Ctrl Pts',(-80.2500000000164,43.9614595472984,-21.8206277451974));
#6954=CARTESIAN_POINT('Ctrl Pts',(-81.2500000000164,43.715476147045,-21.7162568870889));
#6955=CARTESIAN_POINT('Ctrl Pts',(-80.2500000000164,43.715476147045,-21.7162568870889));
#6956=CARTESIAN_POINT('Ctrl Pts',(-81.2500000000164,43.273166530234,-21.5285847343802));
#6957=CARTESIAN_POINT('Ctrl Pts',(-80.2500000000164,43.273166530234,-21.5285847343802));
#6958=CARTESIAN_POINT('Ctrl Pts',(-81.2500000000164,42.8900423840617,-21.2395195020637));
#6959=CARTESIAN_POINT('Ctrl Pts',(-80.2500000000164,42.8900423840617,-21.2395195020637));
#6960=CARTESIAN_POINT('Ctrl Pts',(-81.2500000000164,42.71998658778,-21.1112132630807));
#6961=CARTESIAN_POINT('Ctrl Pts',(-80.2500000000164,42.71998658778,-21.1112132630807));
#6962=CARTESIAN_POINT('',(-81.2500000000164,43.9614595472984,-21.8206277451974));
#6963=CARTESIAN_POINT('Ctrl Pts',(-81.2500000000164,43.9614595472984,-21.8206277451974));
#6964=CARTESIAN_POINT('Ctrl Pts',(-81.2500000000164,43.715476147045,-21.7162568870889));
#6965=CARTESIAN_POINT('Ctrl Pts',(-81.2500000000164,43.273166530234,-21.5285847343802));
#6966=CARTESIAN_POINT('Ctrl Pts',(-81.2500000000164,42.8900423840617,-21.2395195020637));
#6967=CARTESIAN_POINT('Ctrl Pts',(-81.2500000000164,42.71998658778,-21.1112132630807));
#6968=CARTESIAN_POINT('',(-80.2500000000164,43.9614595472984,-21.8206277451974));
#6969=CARTESIAN_POINT('',(-81.2500000000164,43.9614595472984,-21.8206277451974));
#6970=CARTESIAN_POINT('Ctrl Pts',(-80.2500000000164,43.9614595472984,-21.8206277451974));
#6971=CARTESIAN_POINT('Ctrl Pts',(-80.2500000000164,43.715476147045,-21.7162568870889));
#6972=CARTESIAN_POINT('Ctrl Pts',(-80.2500000000164,43.273166530234,-21.5285847343802));
#6973=CARTESIAN_POINT('Ctrl Pts',(-80.2500000000164,42.8900423840617,-21.2395195020637));
#6974=CARTESIAN_POINT('Ctrl Pts',(-80.2500000000164,42.71998658778,-21.1112132630807));
#6975=CARTESIAN_POINT('Ctrl Pts',(-81.2500000000164,45.6394954025917,-22.1480479798775));
#6976=CARTESIAN_POINT('Ctrl Pts',(-80.2500000000164,45.6394954025917,-22.1480479798775));
#6977=CARTESIAN_POINT('Ctrl Pts',(-81.2500000000164,45.3538279717538,-22.1340508498963));
#6978=CARTESIAN_POINT('Ctrl Pts',(-80.2500000000164,45.3538279717538,-22.1340508498963));
#6979=CARTESIAN_POINT('Ctrl Pts',(-81.2500000000164,44.7787381478438,-22.105872604331));
#6980=CARTESIAN_POINT('Ctrl Pts',(-80.2500000000164,44.7787381478438,-22.105872604331));
#6981=CARTESIAN_POINT('Ctrl Pts',(-81.2500000000164,44.2350690160023,-21.9161223468008));
#6982=CARTESIAN_POINT('Ctrl Pts',(-80.2500000000164,44.2350690160023,-21.9161223468008));
#6983=CARTESIAN_POINT('Ctrl Pts',(-81.2500000000164,43.9614595472984,-21.8206277451974));
#6984=CARTESIAN_POINT('Ctrl Pts',(-80.2500000000164,43.9614595472984,-21.8206277451974));
#6985=CARTESIAN_POINT('',(-81.2500000000164,45.6394954025917,-22.1480479798775));
#6986=CARTESIAN_POINT('Ctrl Pts',(-81.2500000000164,45.6394954025917,-22.1480479798775));
#6987=CARTESIAN_POINT('Ctrl Pts',(-81.2500000000164,45.3538279717538,-22.1340508498963));
#6988=CARTESIAN_POINT('Ctrl Pts',(-81.2500000000164,44.7787381478438,-22.105872604331));
#6989=CARTESIAN_POINT('Ctrl Pts',(-81.2500000000164,44.2350690160023,-21.9161223468008));
#6990=CARTESIAN_POINT('Ctrl Pts',(-81.2500000000164,43.9614595472984,-21.8206277451974));
#6991=CARTESIAN_POINT('',(-80.2500000000164,45.6394954025917,-22.1480479798775));
#6992=CARTESIAN_POINT('',(-81.2500000000164,45.6394954025917,-22.1480479798775));
#6993=CARTESIAN_POINT('Ctrl Pts',(-80.2500000000164,45.6394954025917,-22.1480479798775));
#6994=CARTESIAN_POINT('Ctrl Pts',(-80.2500000000164,45.3538279717538,-22.1340508498963));
#6995=CARTESIAN_POINT('Ctrl Pts',(-80.2500000000164,44.7787381478438,-22.105872604331));
#6996=CARTESIAN_POINT('Ctrl Pts',(-80.2500000000164,44.2350690160023,-21.9161223468008));
#6997=CARTESIAN_POINT('Ctrl Pts',(-80.2500000000164,43.9614595472984,-21.8206277451974));
#6998=CARTESIAN_POINT('Ctrl Pts',(-81.2500000000164,47.5085265934639,-21.7114844880562));
#6999=CARTESIAN_POINT('Ctrl Pts',(-80.2500000000164,47.5085265934639,-21.7114844880562));
#7000=CARTESIAN_POINT('Ctrl Pts',(-81.2500000000164,47.2103693733082,-21.8388165803566));
#7001=CARTESIAN_POINT('Ctrl Pts',(-80.2500000000164,47.2103693733082,-21.8388165803566));
#7002=CARTESIAN_POINT('Ctrl Pts',(-81.2500000000164,46.6129834998775,-22.0939383350299));
#7003=CARTESIAN_POINT('Ctrl Pts',(-80.2500000000164,46.6129834998775,-22.0939383350299));
#7004=CARTESIAN_POINT('Ctrl Pts',(-81.2500000000164,45.964379200092,-22.1299898783471));
#7005=CARTESIAN_POINT('Ctrl Pts',(-80.2500000000164,45.964379200092,-22.1299898783471));
#7006=CARTESIAN_POINT('Ctrl Pts',(-81.2500000000164,45.6394954025917,-22.1480479798775));
#7007=CARTESIAN_POINT('Ctrl Pts',(-80.2500000000164,45.6394954025917,-22.1480479798775));
#7008=CARTESIAN_POINT('',(-81.2500000000164,47.5085265934639,-21.7114844880562));
#7009=CARTESIAN_POINT('Ctrl Pts',(-81.2500000000164,47.5085265934639,-21.7114844880562));
#7010=CARTESIAN_POINT('Ctrl Pts',(-81.2500000000164,47.2103693733082,-21.8388165803566));
#7011=CARTESIAN_POINT('Ctrl Pts',(-81.2500000000164,46.6129834998775,-22.0939383350299));
#7012=CARTESIAN_POINT('Ctrl Pts',(-81.2500000000164,45.964379200092,-22.1299898783471));
#7013=CARTESIAN_POINT('Ctrl Pts',(-81.2500000000164,45.6394954025917,-22.1480479798775));
#7014=CARTESIAN_POINT('',(-80.2500000000164,47.5085265934639,-21.7114844880562));
#7015=CARTESIAN_POINT('',(-81.2500000000164,47.5085265934639,-21.7114844880562));
#7016=CARTESIAN_POINT('Ctrl Pts',(-80.2500000000164,47.5085265934639,-21.7114844880562));
#7017=CARTESIAN_POINT('Ctrl Pts',(-80.2500000000164,47.2103693733082,-21.8388165803566));
#7018=CARTESIAN_POINT('Ctrl Pts',(-80.2500000000164,46.6129834998775,-22.0939383350299));
#7019=CARTESIAN_POINT('Ctrl Pts',(-80.2500000000164,45.964379200092,-22.1299898783471));
#7020=CARTESIAN_POINT('Ctrl Pts',(-80.2500000000164,45.6394954025917,-22.1480479798775));
#7021=CARTESIAN_POINT('Ctrl Pts',(-81.2500000000164,48.8523192703895,-20.3745141587716));
#7022=CARTESIAN_POINT('Ctrl Pts',(-80.2500000000164,48.8523192703895,-20.3745141587716));
#7023=CARTESIAN_POINT('Ctrl Pts',(-81.2500000000164,48.6815964487584,-20.6547105453792));
#7024=CARTESIAN_POINT('Ctrl Pts',(-80.2500000000164,48.6815964487584,-20.6547105453792));
#7025=CARTESIAN_POINT('Ctrl Pts',(-81.2500000000164,48.3429504549838,-21.210508433958));
#7026=CARTESIAN_POINT('Ctrl Pts',(-80.2500000000164,48.3429504549838,-21.210508433958));
#7027=CARTESIAN_POINT('Ctrl Pts',(-81.2500000000164,47.7851306806564,-21.5454153827256));
#7028=CARTESIAN_POINT('Ctrl Pts',(-80.2500000000164,47.7851306806564,-21.5454153827256));
#7029=CARTESIAN_POINT('Ctrl Pts',(-81.2500000000164,47.5085265934639,-21.7114844880562));
#7030=CARTESIAN_POINT('Ctrl Pts',(-80.2500000000164,47.5085265934639,-21.7114844880562));
#7031=CARTESIAN_POINT('',(-81.2500000000164,48.8523192703895,-20.3745141587716));
#7032=CARTESIAN_POINT('Ctrl Pts',(-81.2500000000164,48.8523192703895,-20.3745141587716));
#7033=CARTESIAN_POINT('Ctrl Pts',(-81.2500000000164,48.6815964487584,-20.6547105453792));
#7034=CARTESIAN_POINT('Ctrl Pts',(-81.2500000000164,48.3429504549838,-21.210508433958));
#7035=CARTESIAN_POINT('Ctrl Pts',(-81.2500000000164,47.7851306806564,-21.5454153827256));
#7036=CARTESIAN_POINT('Ctrl Pts',(-81.2500000000164,47.5085265934639,-21.7114844880562));
#7037=CARTESIAN_POINT('',(-80.2500000000164,48.8523192703895,-20.3745141587716));
#7038=CARTESIAN_POINT('',(-81.2500000000164,48.8523192703895,-20.3745141587716));
#7039=CARTESIAN_POINT('Ctrl Pts',(-80.2500000000164,48.8523192703895,-20.3745141587716));
#7040=CARTESIAN_POINT('Ctrl Pts',(-80.2500000000164,48.6815964487584,-20.6547105453792));
#7041=CARTESIAN_POINT('Ctrl Pts',(-80.2500000000164,48.3429504549838,-21.210508433958));
#7042=CARTESIAN_POINT('Ctrl Pts',(-80.2500000000164,47.7851306806564,-21.5454153827256));
#7043=CARTESIAN_POINT('Ctrl Pts',(-80.2500000000164,47.5085265934639,-21.7114844880562));
#7044=CARTESIAN_POINT('Ctrl Pts',(-81.2500000000164,49.3093450367622,-18.1371369920235));
#7045=CARTESIAN_POINT('Ctrl Pts',(-80.2500000000164,49.3093450367622,-18.1371369920235));
#7046=CARTESIAN_POINT('Ctrl Pts',(-81.2500000000164,49.2964837582559,-18.5517903873588));
#7047=CARTESIAN_POINT('Ctrl Pts',(-80.2500000000164,49.2964837582559,-18.5517903873588));
#7048=CARTESIAN_POINT('Ctrl Pts',(-81.2500000000164,49.2725027507872,-19.3249488385664));
#7049=CARTESIAN_POINT('Ctrl Pts',(-80.2500000000164,49.2725027507872,-19.3249488385664));
#7050=CARTESIAN_POINT('Ctrl Pts',(-81.2500000000164,48.985431190297,-20.0420173773451));
#7051=CARTESIAN_POINT('Ctrl Pts',(-80.2500000000164,48.985431190297,-20.0420173773451));
#7052=CARTESIAN_POINT('Ctrl Pts',(-81.2500000000164,48.8523192703895,-20.3745141587716));
#7053=CARTESIAN_POINT('Ctrl Pts',(-80.2500000000164,48.8523192703895,-20.3745141587716));
#7054=CARTESIAN_POINT('',(-81.2500000000164,49.3093450367622,-18.1371369920235));
#7055=CARTESIAN_POINT('Ctrl Pts',(-81.2500000000164,49.3093450367622,-18.1371369920235));
#7056=CARTESIAN_POINT('Ctrl Pts',(-81.2500000000164,49.2964837582559,-18.5517903873588));
#7057=CARTESIAN_POINT('Ctrl Pts',(-81.2500000000164,49.2725027507872,-19.3249488385664));
#7058=CARTESIAN_POINT('Ctrl Pts',(-81.2500000000164,48.985431190297,-20.0420173773451));
#7059=CARTESIAN_POINT('Ctrl Pts',(-81.2500000000164,48.8523192703895,-20.3745141587716));
#7060=CARTESIAN_POINT('',(-80.2500000000164,49.3093450367622,-18.1371369920235));
#7061=CARTESIAN_POINT('',(-81.2500000000164,49.3093450367622,-18.1371369920235));
#7062=CARTESIAN_POINT('Ctrl Pts',(-80.2500000000164,49.3093450367622,-18.1371369920235));
#7063=CARTESIAN_POINT('Ctrl Pts',(-80.2500000000164,49.2964837582559,-18.5517903873588));
#7064=CARTESIAN_POINT('Ctrl Pts',(-80.2500000000164,49.2725027507872,-19.3249488385664));
#7065=CARTESIAN_POINT('Ctrl Pts',(-80.2500000000164,48.985431190297,-20.0420173773451));
#7066=CARTESIAN_POINT('Ctrl Pts',(-80.2500000000164,48.8523192703895,-20.3745141587716));
#7067=CARTESIAN_POINT('Ctrl Pts',(-81.2500000000164,48.9273531735115,-16.1248555741768));
#7068=CARTESIAN_POINT('Ctrl Pts',(-80.2500000000164,48.9273531735115,-16.1248555741768));
#7069=CARTESIAN_POINT('Ctrl Pts',(-81.2500000000164,49.0387549364335,-16.4441108721018));
#7070=CARTESIAN_POINT('Ctrl Pts',(-80.2500000000164,49.0387549364335,-16.4441108721018));
#7071=CARTESIAN_POINT('Ctrl Pts',(-81.2500000000164,49.2661143108446,-17.0956776239171));
#7072=CARTESIAN_POINT('Ctrl Pts',(-80.2500000000164,49.2661143108446,-17.0956776239171));
#7073=CARTESIAN_POINT('Ctrl Pts',(-81.2500000000164,49.2947435695286,-17.7853771148598));
#7074=CARTESIAN_POINT('Ctrl Pts',(-80.2500000000164,49.2947435695286,-17.7853771148598));
#7075=CARTESIAN_POINT('Ctrl Pts',(-81.2500000000164,49.3093450367622,-18.1371369920235));
#7076=CARTESIAN_POINT('Ctrl Pts',(-80.2500000000164,49.3093450367622,-18.1371369920235));
#7077=CARTESIAN_POINT('',(-81.2500000000164,48.9273531735115,-16.1248555741768));
#7078=CARTESIAN_POINT('Ctrl Pts',(-81.2500000000164,48.9273531735115,-16.1248555741768));
#7079=CARTESIAN_POINT('Ctrl Pts',(-81.2500000000164,49.0387549364335,-16.4441108721018));
#7080=CARTESIAN_POINT('Ctrl Pts',(-81.2500000000164,49.2661143108446,-17.0956776239171));
#7081=CARTESIAN_POINT('Ctrl Pts',(-81.2500000000164,49.2947435695286,-17.7853771148598));
#7082=CARTESIAN_POINT('Ctrl Pts',(-81.2500000000164,49.3093450367622,-18.1371369920235));
#7083=CARTESIAN_POINT('',(-80.2500000000164,48.9273531735115,-16.1248555741768));
#7084=CARTESIAN_POINT('',(-81.2500000000164,48.9273531735115,-16.1248555741768));
#7085=CARTESIAN_POINT('Ctrl Pts',(-80.2500000000164,48.9273531735115,-16.1248555741768));
#7086=CARTESIAN_POINT('Ctrl Pts',(-80.2500000000164,49.0387549364335,-16.4441108721018));
#7087=CARTESIAN_POINT('Ctrl Pts',(-80.2500000000164,49.2661143108446,-17.0956776239171));
#7088=CARTESIAN_POINT('Ctrl Pts',(-80.2500000000164,49.2947435695286,-17.7853771148598));
#7089=CARTESIAN_POINT('Ctrl Pts',(-80.2500000000164,49.3093450367622,-18.1371369920235));
#7090=CARTESIAN_POINT('Ctrl Pts',(-81.2500000000164,48.2997952401809,-15.1357713304024));
#7091=CARTESIAN_POINT('Ctrl Pts',(-80.2500000000164,48.2997952401809,-15.1357713304024));
#7092=CARTESIAN_POINT('Ctrl Pts',(-81.2500000000164,48.42623059752,-15.2887551721906));
#7093=CARTESIAN_POINT('Ctrl Pts',(-80.2500000000164,48.42623059752,-15.2887551721906));
#7094=CARTESIAN_POINT('Ctrl Pts',(-81.2500000000164,48.6769606742724,-15.5921327336632));
#7095=CARTESIAN_POINT('Ctrl Pts',(-80.2500000000164,48.6769606742724,-15.5921327336632));
#7096=CARTESIAN_POINT('Ctrl Pts',(-81.2500000000164,48.8443654197567,-15.9482948862871));
#7097=CARTESIAN_POINT('Ctrl Pts',(-80.2500000000164,48.8443654197567,-15.9482948862871));
#7098=CARTESIAN_POINT('Ctrl Pts',(-81.2500000000164,48.9273531735115,-16.1248555741768));
#7099=CARTESIAN_POINT('Ctrl Pts',(-80.2500000000164,48.9273531735115,-16.1248555741768));
#7100=CARTESIAN_POINT('',(-81.2500000000164,48.2997952401809,-15.1357713304024));
#7101=CARTESIAN_POINT('Ctrl Pts',(-81.2500000000164,48.2997952401809,-15.1357713304024));
#7102=CARTESIAN_POINT('Ctrl Pts',(-81.2500000000164,48.42623059752,-15.2887551721906));
#7103=CARTESIAN_POINT('Ctrl Pts',(-81.2500000000164,48.6769606742724,-15.5921327336632));
#7104=CARTESIAN_POINT('Ctrl Pts',(-81.2500000000164,48.8443654197567,-15.9482948862871));
#7105=CARTESIAN_POINT('Ctrl Pts',(-81.2500000000164,48.9273531735115,-16.1248555741768));
#7106=CARTESIAN_POINT('',(-80.2500000000164,48.2997952401809,-15.1357713304024));
#7107=CARTESIAN_POINT('',(-81.2500000000164,48.2997952401809,-15.1357713304024));
#7108=CARTESIAN_POINT('Ctrl Pts',(-80.2500000000164,48.2997952401809,-15.1357713304024));
#7109=CARTESIAN_POINT('Ctrl Pts',(-80.2500000000164,48.42623059752,-15.2887551721906));
#7110=CARTESIAN_POINT('Ctrl Pts',(-80.2500000000164,48.6769606742724,-15.5921327336632));
#7111=CARTESIAN_POINT('Ctrl Pts',(-80.2500000000164,48.8443654197567,-15.9482948862871));
#7112=CARTESIAN_POINT('Ctrl Pts',(-80.2500000000164,48.9273531735115,-16.1248555741768));
#7113=CARTESIAN_POINT('Ctrl Pts',(-81.2500000000164,47.2288541495971,-14.4127145371895));
#7114=CARTESIAN_POINT('Ctrl Pts',(-80.2500000000164,47.2288541495971,-14.4127145371895));
#7115=CARTESIAN_POINT('Ctrl Pts',(-81.2500000000164,47.435736513214,-14.5076538551448));
#7116=CARTESIAN_POINT('Ctrl Pts',(-80.2500000000164,47.435736513214,-14.5076538551448));
#7117=CARTESIAN_POINT('Ctrl Pts',(-81.2500000000164,47.8328171575125,-14.6898760846469));
#7118=CARTESIAN_POINT('Ctrl Pts',(-80.2500000000164,47.8328171575125,-14.6898760846469));
#7119=CARTESIAN_POINT('Ctrl Pts',(-81.2500000000164,48.1485580262071,-14.991362080386));
#7120=CARTESIAN_POINT('Ctrl Pts',(-80.2500000000164,48.1485580262071,-14.991362080386));
#7121=CARTESIAN_POINT('Ctrl Pts',(-81.2500000000164,48.2997952401809,-15.1357713304024));
#7122=CARTESIAN_POINT('Ctrl Pts',(-80.2500000000164,48.2997952401809,-15.1357713304024));
#7123=CARTESIAN_POINT('',(-81.2500000000164,47.2288541495971,-14.4127145371895));
#7124=CARTESIAN_POINT('Ctrl Pts',(-81.2500000000164,47.2288541495971,-14.4127145371895));
#7125=CARTESIAN_POINT('Ctrl Pts',(-81.2500000000164,47.435736513214,-14.5076538551448));
#7126=CARTESIAN_POINT('Ctrl Pts',(-81.2500000000164,47.8328171575125,-14.6898760846469));
#7127=CARTESIAN_POINT('Ctrl Pts',(-81.2500000000164,48.1485580262071,-14.991362080386));
#7128=CARTESIAN_POINT('Ctrl Pts',(-81.2500000000164,48.2997952401809,-15.1357713304024));
#7129=CARTESIAN_POINT('',(-80.2500000000164,47.2288541495971,-14.4127145371895));
#7130=CARTESIAN_POINT('',(-81.2500000000164,47.2288541495971,-14.4127145371895));
#7131=CARTESIAN_POINT('Ctrl Pts',(-80.2500000000164,47.2288541495971,-14.4127145371895));
#7132=CARTESIAN_POINT('Ctrl Pts',(-80.2500000000164,47.435736513214,-14.5076538551448));
#7133=CARTESIAN_POINT('Ctrl Pts',(-80.2500000000164,47.8328171575125,-14.6898760846469));
#7134=CARTESIAN_POINT('Ctrl Pts',(-80.2500000000164,48.1485580262071,-14.991362080386));
#7135=CARTESIAN_POINT('Ctrl Pts',(-80.2500000000164,48.2997952401809,-15.1357713304024));
#7136=CARTESIAN_POINT('Ctrl Pts',(-81.2500000000164,45.659958869236,-14.1330400071602));
#7137=CARTESIAN_POINT('Ctrl Pts',(-80.2500000000164,45.659958869236,-14.1330400071602));
#7138=CARTESIAN_POINT('Ctrl Pts',(-81.2500000000164,45.9446184213084,-14.1416369022813));
#7139=CARTESIAN_POINT('Ctrl Pts',(-80.2500000000164,45.9446184213084,-14.1416369022813));
#7140=CARTESIAN_POINT('Ctrl Pts',(-81.2500000000164,46.4817873573833,-14.1578597374965));
#7141=CARTESIAN_POINT('Ctrl Pts',(-80.2500000000164,46.4817873573833,-14.1578597374965));
#7142=CARTESIAN_POINT('Ctrl Pts',(-81.2500000000164,46.9899703272679,-14.3312215712003));
#7143=CARTESIAN_POINT('Ctrl Pts',(-80.2500000000164,46.9899703272679,-14.3312215712003));
#7144=CARTESIAN_POINT('Ctrl Pts',(-81.2500000000164,47.2288541495971,-14.4127145371895));
#7145=CARTESIAN_POINT('Ctrl Pts',(-80.2500000000164,47.2288541495971,-14.4127145371895));
#7146=CARTESIAN_POINT('',(-81.2500000000164,45.659958869236,-14.1330400071602));
#7147=CARTESIAN_POINT('Ctrl Pts',(-81.2500000000164,45.659958869236,-14.1330400071602));
#7148=CARTESIAN_POINT('Ctrl Pts',(-81.2500000000164,45.9446184213084,-14.1416369022813));
#7149=CARTESIAN_POINT('Ctrl Pts',(-81.2500000000164,46.4817873573833,-14.1578597374965));
#7150=CARTESIAN_POINT('Ctrl Pts',(-81.2500000000164,46.9899703272679,-14.3312215712003));
#7151=CARTESIAN_POINT('Ctrl Pts',(-81.2500000000164,47.2288541495971,-14.4127145371895));
#7152=CARTESIAN_POINT('',(-80.2500000000164,45.659958869236,-14.1330400071602));
#7153=CARTESIAN_POINT('',(-81.2500000000164,45.659958869236,-14.1330400071602));
#7154=CARTESIAN_POINT('Ctrl Pts',(-80.2500000000164,45.659958869236,-14.1330400071602));
#7155=CARTESIAN_POINT('Ctrl Pts',(-80.2500000000164,45.9446184213084,-14.1416369022813));
#7156=CARTESIAN_POINT('Ctrl Pts',(-80.2500000000164,46.4817873573833,-14.1578597374965));
#7157=CARTESIAN_POINT('Ctrl Pts',(-80.2500000000164,46.9899703272679,-14.3312215712003));
#7158=CARTESIAN_POINT('Ctrl Pts',(-80.2500000000164,47.2288541495971,-14.4127145371895));
#7159=CARTESIAN_POINT('Ctrl Pts',(-81.2500000000164,44.2820598185234,-14.3990722260934));
#7160=CARTESIAN_POINT('Ctrl Pts',(-80.2500000000164,44.2820598185234,-14.3990722260934));
#7161=CARTESIAN_POINT('Ctrl Pts',(-81.2500000000164,44.4981698586641,-14.3214987565148));
#7162=CARTESIAN_POINT('Ctrl Pts',(-80.2500000000164,44.4981698586641,-14.3214987565148));
#7163=CARTESIAN_POINT('Ctrl Pts',(-81.2500000000164,44.9435046136917,-14.1616442580892));
#7164=CARTESIAN_POINT('Ctrl Pts',(-80.2500000000164,44.9435046136917,-14.1616442580892));
#7165=CARTESIAN_POINT('Ctrl Pts',(-81.2500000000164,45.416497721952,-14.142760130524));
#7166=CARTESIAN_POINT('Ctrl Pts',(-80.2500000000164,45.416497721952,-14.142760130524));
#7167=CARTESIAN_POINT('Ctrl Pts',(-81.2500000000164,45.659958869236,-14.1330400071602));
#7168=CARTESIAN_POINT('Ctrl Pts',(-80.2500000000164,45.659958869236,-14.1330400071602));
#7169=CARTESIAN_POINT('',(-81.2500000000164,44.2820598185234,-14.3990722260934));
#7170=CARTESIAN_POINT('Ctrl Pts',(-81.2500000000164,44.2820598185234,-14.3990722260934));
#7171=CARTESIAN_POINT('Ctrl Pts',(-81.2500000000164,44.4981698586641,-14.3214987565148));
#7172=CARTESIAN_POINT('Ctrl Pts',(-81.2500000000164,44.9435046136917,-14.1616442580892));
#7173=CARTESIAN_POINT('Ctrl Pts',(-81.2500000000164,45.416497721952,-14.142760130524));
#7174=CARTESIAN_POINT('Ctrl Pts',(-81.2500000000164,45.659958869236,-14.1330400071602));
#7175=CARTESIAN_POINT('',(-80.2500000000164,44.2820598185234,-14.3990722260934));
#7176=CARTESIAN_POINT('',(-81.2500000000164,44.2820598185234,-14.3990722260934));
#7177=CARTESIAN_POINT('Ctrl Pts',(-80.2500000000164,44.2820598185234,-14.3990722260934));
#7178=CARTESIAN_POINT('Ctrl Pts',(-80.2500000000164,44.4981698586641,-14.3214987565148));
#7179=CARTESIAN_POINT('Ctrl Pts',(-80.2500000000164,44.9435046136917,-14.1616442580892));
#7180=CARTESIAN_POINT('Ctrl Pts',(-80.2500000000164,45.416497721952,-14.142760130524));
#7181=CARTESIAN_POINT('Ctrl Pts',(-80.2500000000164,45.659958869236,-14.1330400071602));
#7182=CARTESIAN_POINT('Ctrl Pts',(-81.2500000000164,43.327080756443,-15.0948443971139));
#7183=CARTESIAN_POINT('Ctrl Pts',(-80.2500000000164,43.327080756443,-15.0948443971139));
#7184=CARTESIAN_POINT('Ctrl Pts',(-81.2500000000164,43.4554155313498,-14.9546965765903));
#7185=CARTESIAN_POINT('Ctrl Pts',(-80.2500000000164,43.4554155313498,-14.9546965765903));
#7186=CARTESIAN_POINT('Ctrl Pts',(-81.2500000000164,43.7264114506107,-14.658755842812));
#7187=CARTESIAN_POINT('Ctrl Pts',(-80.2500000000164,43.7264114506107,-14.658755842812));
#7188=CARTESIAN_POINT('Ctrl Pts',(-81.2500000000164,44.0904290233614,-14.4886313444784));
#7189=CARTESIAN_POINT('Ctrl Pts',(-80.2500000000164,44.0904290233614,-14.4886313444784));
#7190=CARTESIAN_POINT('Ctrl Pts',(-81.2500000000164,44.2820598185234,-14.3990722260934));
#7191=CARTESIAN_POINT('Ctrl Pts',(-80.2500000000164,44.2820598185234,-14.3990722260934));
#7192=CARTESIAN_POINT('',(-81.2500000000164,43.327080756443,-15.0948443971139));
#7193=CARTESIAN_POINT('Ctrl Pts',(-81.2500000000164,43.327080756443,-15.0948443971139));
#7194=CARTESIAN_POINT('Ctrl Pts',(-81.2500000000164,43.4554155313498,-14.9546965765903));
#7195=CARTESIAN_POINT('Ctrl Pts',(-81.2500000000164,43.7264114506107,-14.658755842812));
#7196=CARTESIAN_POINT('Ctrl Pts',(-81.2500000000164,44.0904290233614,-14.4886313444784));
#7197=CARTESIAN_POINT('Ctrl Pts',(-81.2500000000164,44.2820598185234,-14.3990722260934));
#7198=CARTESIAN_POINT('',(-80.2500000000164,43.327080756443,-15.0948443971139));
#7199=CARTESIAN_POINT('',(-81.2500000000164,43.327080756443,-15.0948443971139));
#7200=CARTESIAN_POINT('Ctrl Pts',(-80.2500000000164,43.327080756443,-15.0948443971139));
#7201=CARTESIAN_POINT('Ctrl Pts',(-80.2500000000164,43.4554155313498,-14.9546965765903));
#7202=CARTESIAN_POINT('Ctrl Pts',(-80.2500000000164,43.7264114506107,-14.658755842812));
#7203=CARTESIAN_POINT('Ctrl Pts',(-80.2500000000164,44.0904290233614,-14.4886313444784));
#7204=CARTESIAN_POINT('Ctrl Pts',(-80.2500000000164,44.2820598185234,-14.3990722260934));
#7205=CARTESIAN_POINT('Ctrl Pts',(-81.2500000000164,42.7677352726631,-16.295386847065));
#7206=CARTESIAN_POINT('Ctrl Pts',(-80.2500000000164,42.7677352726631,-16.295386847065));
#7207=CARTESIAN_POINT('Ctrl Pts',(-81.2500000000164,42.8410918790314,-16.06288111115));
#7208=CARTESIAN_POINT('Ctrl Pts',(-80.2500000000164,42.8410918790314,-16.06288111115));
#7209=CARTESIAN_POINT('Ctrl Pts',(-81.2500000000164,42.9752136968087,-15.6377784041359));
#7210=CARTESIAN_POINT('Ctrl Pts',(-80.2500000000164,42.9752136968087,-15.6377784041359));
#7211=CARTESIAN_POINT('Ctrl Pts',(-81.2500000000164,43.2173696260728,-15.2641296484492));
#7212=CARTESIAN_POINT('Ctrl Pts',(-80.2500000000164,43.2173696260728,-15.2641296484492));
#7213=CARTESIAN_POINT('Ctrl Pts',(-81.2500000000164,43.327080756443,-15.0948443971139));
#7214=CARTESIAN_POINT('Ctrl Pts',(-80.2500000000164,43.327080756443,-15.0948443971139));
#7215=CARTESIAN_POINT('',(-81.2500000000164,42.7677352726631,-16.295386847065));
#7216=CARTESIAN_POINT('Ctrl Pts',(-81.2500000000164,42.7677352726631,-16.295386847065));
#7217=CARTESIAN_POINT('Ctrl Pts',(-81.2500000000164,42.8410918790314,-16.06288111115));
#7218=CARTESIAN_POINT('Ctrl Pts',(-81.2500000000164,42.9752136968087,-15.6377784041359));
#7219=CARTESIAN_POINT('Ctrl Pts',(-81.2500000000164,43.2173696260728,-15.2641296484492));
#7220=CARTESIAN_POINT('Ctrl Pts',(-81.2500000000164,43.327080756443,-15.0948443971139));
#7221=CARTESIAN_POINT('',(-80.2500000000164,42.7677352726631,-16.295386847065));
#7222=CARTESIAN_POINT('',(-81.2500000000164,42.7677352726631,-16.295386847065));
#7223=CARTESIAN_POINT('Ctrl Pts',(-80.2500000000164,42.7677352726631,-16.295386847065));
#7224=CARTESIAN_POINT('Ctrl Pts',(-80.2500000000164,42.8410918790314,-16.06288111115));
#7225=CARTESIAN_POINT('Ctrl Pts',(-80.2500000000164,42.9752136968087,-15.6377784041359));
#7226=CARTESIAN_POINT('Ctrl Pts',(-80.2500000000164,43.2173696260728,-15.2641296484492));
#7227=CARTESIAN_POINT('Ctrl Pts',(-80.2500000000164,43.327080756443,-15.0948443971139));
#7228=CARTESIAN_POINT('Origin',(-81.2500000000164,41.5740104019813,-15.9679666123849));
#7229=CARTESIAN_POINT('',(-81.2500000000164,41.5740104019813,-15.9679666123849));
#7230=CARTESIAN_POINT('',(-81.2500000000164,31.4087261153108,-13.1797866485784));
#7231=CARTESIAN_POINT('',(-80.2500000000164,41.5740104019813,-15.9679666123849));
#7232=CARTESIAN_POINT('',(-81.2500000000164,41.5740104019813,-15.9679666123849));
#7233=CARTESIAN_POINT('',(-80.2500000000164,41.5740104019813,-15.9679666123849));
#7234=CARTESIAN_POINT('Ctrl Pts',(-81.2500000000164,42.3311729729347,-14.3308606706124));
#7235=CARTESIAN_POINT('Ctrl Pts',(-80.2500000000164,42.3311729729347,-14.3308606706124));
#7236=CARTESIAN_POINT('Ctrl Pts',(-81.2500000000164,42.1726708597443,-14.566031430943));
#7237=CARTESIAN_POINT('Ctrl Pts',(-80.2500000000164,42.1726708597443,-14.566031430943));
#7238=CARTESIAN_POINT('Ctrl Pts',(-81.2500000000164,41.8326895736651,-15.0704641854095));
#7239=CARTESIAN_POINT('Ctrl Pts',(-80.2500000000164,41.8326895736651,-15.0704641854095));
#7240=CARTESIAN_POINT('Ctrl Pts',(-81.2500000000164,41.6640361773078,-15.6556169503693));
#7241=CARTESIAN_POINT('Ctrl Pts',(-80.2500000000164,41.6640361773078,-15.6556169503693));
#7242=CARTESIAN_POINT('Ctrl Pts',(-81.2500000000164,41.5740104019813,-15.9679666123849));
#7243=CARTESIAN_POINT('Ctrl Pts',(-80.2500000000164,41.5740104019813,-15.9679666123849));
#7244=CARTESIAN_POINT('',(-81.2500000000164,42.3311729729347,-14.3308606706124));
#7245=CARTESIAN_POINT('Ctrl Pts',(-81.2500000000164,42.3311729729347,-14.3308606706124));
#7246=CARTESIAN_POINT('Ctrl Pts',(-81.2500000000164,42.1726708597443,-14.566031430943));
#7247=CARTESIAN_POINT('Ctrl Pts',(-81.2500000000164,41.8326895736651,-15.0704641854095));
#7248=CARTESIAN_POINT('Ctrl Pts',(-81.2500000000164,41.6640361773078,-15.6556169503693));
#7249=CARTESIAN_POINT('Ctrl Pts',(-81.2500000000164,41.5740104019813,-15.9679666123849));
#7250=CARTESIAN_POINT('',(-80.2500000000164,42.3311729729347,-14.3308606706124));
#7251=CARTESIAN_POINT('',(-81.2500000000164,42.3311729729347,-14.3308606706124));
#7252=CARTESIAN_POINT('Ctrl Pts',(-80.2500000000164,42.3311729729347,-14.3308606706124));
#7253=CARTESIAN_POINT('Ctrl Pts',(-80.2500000000164,42.1726708597443,-14.566031430943));
#7254=CARTESIAN_POINT('Ctrl Pts',(-80.2500000000164,41.8326895736651,-15.0704641854095));
#7255=CARTESIAN_POINT('Ctrl Pts',(-80.2500000000164,41.6640361773078,-15.6556169503693));
#7256=CARTESIAN_POINT('Ctrl Pts',(-80.2500000000164,41.5740104019813,-15.9679666123849));
#7257=CARTESIAN_POINT('Ctrl Pts',(-81.2500000000164,43.7090720236473,-13.3554139695626));
#7258=CARTESIAN_POINT('Ctrl Pts',(-80.2500000000164,43.7090720236473,-13.3554139695626));
#7259=CARTESIAN_POINT('Ctrl Pts',(-81.2500000000164,43.4356955833476,-13.4780866501381));
#7260=CARTESIAN_POINT('Ctrl Pts',(-80.2500000000164,43.4356955833476,-13.4780866501381));
#7261=CARTESIAN_POINT('Ctrl Pts',(-81.2500000000164,42.9118375514601,-13.7131583664212));
#7262=CARTESIAN_POINT('Ctrl Pts',(-80.2500000000164,42.9118375514601,-13.7131583664212));
#7263=CARTESIAN_POINT('Ctrl Pts',(-81.2500000000164,42.5190050086439,-14.1310477570141));
#7264=CARTESIAN_POINT('Ctrl Pts',(-80.2500000000164,42.5190050086439,-14.1310477570141));
#7265=CARTESIAN_POINT('Ctrl Pts',(-81.2500000000164,42.3311729729347,-14.3308606706124));
#7266=CARTESIAN_POINT('Ctrl Pts',(-80.2500000000164,42.3311729729347,-14.3308606706124));
#7267=CARTESIAN_POINT('',(-81.2500000000164,43.7090720236473,-13.3554139695626));
#7268=CARTESIAN_POINT('Ctrl Pts',(-81.2500000000164,43.7090720236473,-13.3554139695626));
#7269=CARTESIAN_POINT('Ctrl Pts',(-81.2500000000164,43.4356955833476,-13.4780866501381));
#7270=CARTESIAN_POINT('Ctrl Pts',(-81.2500000000164,42.9118375514601,-13.7131583664212));
#7271=CARTESIAN_POINT('Ctrl Pts',(-81.2500000000164,42.5190050086439,-14.1310477570141));
#7272=CARTESIAN_POINT('Ctrl Pts',(-81.2500000000164,42.3311729729347,-14.3308606706124));
#7273=CARTESIAN_POINT('',(-80.2500000000164,43.7090720236473,-13.3554139695626));
#7274=CARTESIAN_POINT('',(-81.2500000000164,43.7090720236473,-13.3554139695626));
#7275=CARTESIAN_POINT('Ctrl Pts',(-80.2500000000164,43.7090720236473,-13.3554139695626));
#7276=CARTESIAN_POINT('Ctrl Pts',(-80.2500000000164,43.4356955833476,-13.4780866501381));
#7277=CARTESIAN_POINT('Ctrl Pts',(-80.2500000000164,42.9118375514601,-13.7131583664212));
#7278=CARTESIAN_POINT('Ctrl Pts',(-80.2500000000164,42.5190050086439,-14.1310477570141));
#7279=CARTESIAN_POINT('Ctrl Pts',(-80.2500000000164,42.3311729729347,-14.3308606706124));
#7280=CARTESIAN_POINT('Ctrl Pts',(-81.2500000000164,45.6667806208305,-13.00070911269));
#7281=CARTESIAN_POINT('Ctrl Pts',(-80.2500000000164,45.6667806208305,-13.00070911269));
#7282=CARTESIAN_POINT('Ctrl Pts',(-81.2500000000164,45.3197269555469,-13.0132378831115));
#7283=CARTESIAN_POINT('Ctrl Pts',(-80.2500000000164,45.3197269555469,-13.0132378831115));
#7284=CARTESIAN_POINT('Ctrl Pts',(-81.2500000000164,44.6497761396282,-13.0374233645109));
#7285=CARTESIAN_POINT('Ctrl Pts',(-80.2500000000164,44.6497761396282,-13.0374233645109));
#7286=CARTESIAN_POINT('Ctrl Pts',(-81.2500000000164,44.015010786553,-13.2519960609211));
#7287=CARTESIAN_POINT('Ctrl Pts',(-80.2500000000164,44.015010786553,-13.2519960609211));
#7288=CARTESIAN_POINT('Ctrl Pts',(-81.2500000000164,43.7090720236473,-13.3554139695626));
#7289=CARTESIAN_POINT('Ctrl Pts',(-80.2500000000164,43.7090720236473,-13.3554139695626));
#7290=CARTESIAN_POINT('',(-81.2500000000164,45.6667806208305,-13.00070911269));
#7291=CARTESIAN_POINT('Ctrl Pts',(-81.2500000000164,45.6667806208305,-13.00070911269));
#7292=CARTESIAN_POINT('Ctrl Pts',(-81.2500000000164,45.3197269555469,-13.0132378831115));
#7293=CARTESIAN_POINT('Ctrl Pts',(-81.2500000000164,44.6497761396282,-13.0374233645109));
#7294=CARTESIAN_POINT('Ctrl Pts',(-81.2500000000164,44.015010786553,-13.2519960609211));
#7295=CARTESIAN_POINT('Ctrl Pts',(-81.2500000000164,43.7090720236473,-13.3554139695626));
#7296=CARTESIAN_POINT('',(-80.2500000000164,45.6667806208305,-13.00070911269));
#7297=CARTESIAN_POINT('',(-81.2500000000164,45.6667806208305,-13.00070911269));
#7298=CARTESIAN_POINT('Ctrl Pts',(-80.2500000000164,45.6667806208305,-13.00070911269));
#7299=CARTESIAN_POINT('Ctrl Pts',(-80.2500000000164,45.3197269555469,-13.0132378831115));
#7300=CARTESIAN_POINT('Ctrl Pts',(-80.2500000000164,44.6497761396282,-13.0374233645109));
#7301=CARTESIAN_POINT('Ctrl Pts',(-80.2500000000164,44.015010786553,-13.2519960609211));
#7302=CARTESIAN_POINT('Ctrl Pts',(-80.2500000000164,43.7090720236473,-13.3554139695626));
#7303=CARTESIAN_POINT('Ctrl Pts',(-81.2500000000164,48.3066166937523,-13.6146226487618));
#7304=CARTESIAN_POINT('Ctrl Pts',(-80.2500000000164,48.3066166937523,-13.6146226487618));
#7305=CARTESIAN_POINT('Ctrl Pts',(-81.2500000000164,47.9016900623772,-13.4356301324774));
#7306=CARTESIAN_POINT('Ctrl Pts',(-80.2500000000164,47.9016900623772,-13.4356301324774));
#7307=CARTESIAN_POINT('Ctrl Pts',(-81.2500000000164,47.0613403857795,-13.0641645594123));
#7308=CARTESIAN_POINT('Ctrl Pts',(-80.2500000000164,47.0613403857795,-13.0641645594123));
#7309=CARTESIAN_POINT('Ctrl Pts',(-81.2500000000164,46.1427458528921,-13.0223665469455));
#7310=CARTESIAN_POINT('Ctrl Pts',(-80.2500000000164,46.1427458528921,-13.0223665469455));
#7311=CARTESIAN_POINT('Ctrl Pts',(-81.2500000000164,45.6667806208305,-13.00070911269));
#7312=CARTESIAN_POINT('Ctrl Pts',(-80.2500000000164,45.6667806208305,-13.00070911269));
#7313=CARTESIAN_POINT('',(-81.2500000000164,48.3066166937523,-13.6146226487618));
#7314=CARTESIAN_POINT('Ctrl Pts',(-81.2500000000164,48.3066166937523,-13.6146226487618));
#7315=CARTESIAN_POINT('Ctrl Pts',(-81.2500000000164,47.9016900623772,-13.4356301324774));
#7316=CARTESIAN_POINT('Ctrl Pts',(-81.2500000000164,47.0613403857795,-13.0641645594123));
#7317=CARTESIAN_POINT('Ctrl Pts',(-81.2500000000164,46.1427458528921,-13.0223665469455));
#7318=CARTESIAN_POINT('Ctrl Pts',(-81.2500000000164,45.6667806208305,-13.00070911269));
#7319=CARTESIAN_POINT('',(-80.2500000000164,48.3066166937523,-13.6146226487618));
#7320=CARTESIAN_POINT('',(-81.2500000000164,48.3066166937523,-13.6146226487618));
#7321=CARTESIAN_POINT('Ctrl Pts',(-80.2500000000164,48.3066166937523,-13.6146226487618));
#7322=CARTESIAN_POINT('Ctrl Pts',(-80.2500000000164,47.9016900623772,-13.4356301324774));
#7323=CARTESIAN_POINT('Ctrl Pts',(-80.2500000000164,47.0613403857795,-13.0641645594123));
#7324=CARTESIAN_POINT('Ctrl Pts',(-80.2500000000164,46.1427458528921,-13.0223665469455));
#7325=CARTESIAN_POINT('Ctrl Pts',(-80.2500000000164,45.6667806208305,-13.00070911269));
#7326=CARTESIAN_POINT('Ctrl Pts',(-81.2500000000164,50.066507458704,-15.4972997270089));
#7327=CARTESIAN_POINT('Ctrl Pts',(-80.2500000000164,50.066507458704,-15.4972997270089));
#7328=CARTESIAN_POINT('Ctrl Pts',(-81.2500000000164,49.8440172141529,-15.1040146332946));
#7329=CARTESIAN_POINT('Ctrl Pts',(-80.2500000000164,49.8440172141529,-15.1040146332946));
#7330=CARTESIAN_POINT('Ctrl Pts',(-81.2500000000164,49.40850859911,-14.3341874131117));
#7331=CARTESIAN_POINT('Ctrl Pts',(-80.2500000000164,49.40850859911,-14.3341874131117));
#7332=CARTESIAN_POINT('Ctrl Pts',(-81.2500000000164,48.6685495406081,-13.8509744382541));
#7333=CARTESIAN_POINT('Ctrl Pts',(-80.2500000000164,48.6685495406081,-13.8509744382541));
#7334=CARTESIAN_POINT('Ctrl Pts',(-81.2500000000164,48.3066166937523,-13.6146226487618));
#7335=CARTESIAN_POINT('Ctrl Pts',(-80.2500000000164,48.3066166937523,-13.6146226487618));
#7336=CARTESIAN_POINT('',(-81.2500000000164,50.066507458704,-15.4972997270089));
#7337=CARTESIAN_POINT('Ctrl Pts',(-81.2500000000164,50.066507458704,-15.4972997270089));
#7338=CARTESIAN_POINT('Ctrl Pts',(-81.2500000000164,49.8440172141529,-15.1040146332946));
#7339=CARTESIAN_POINT('Ctrl Pts',(-81.2500000000164,49.40850859911,-14.3341874131117));
#7340=CARTESIAN_POINT('Ctrl Pts',(-81.2500000000164,48.6685495406081,-13.8509744382541));
#7341=CARTESIAN_POINT('Ctrl Pts',(-81.2500000000164,48.3066166937523,-13.6146226487618));
#7342=CARTESIAN_POINT('',(-80.2500000000164,50.066507458704,-15.4972997270089));
#7343=CARTESIAN_POINT('',(-81.2500000000164,50.066507458704,-15.4972997270089));
#7344=CARTESIAN_POINT('Ctrl Pts',(-80.2500000000164,50.066507458704,-15.4972997270089));
#7345=CARTESIAN_POINT('Ctrl Pts',(-80.2500000000164,49.8440172141529,-15.1040146332946));
#7346=CARTESIAN_POINT('Ctrl Pts',(-80.2500000000164,49.40850859911,-14.3341874131117));
#7347=CARTESIAN_POINT('Ctrl Pts',(-80.2500000000164,48.6685495406081,-13.8509744382541));
#7348=CARTESIAN_POINT('Ctrl Pts',(-80.2500000000164,48.3066166937523,-13.6146226487618));
#7349=CARTESIAN_POINT('Ctrl Pts',(-81.2500000000164,50.673601627367,-18.2189908586007));
#7350=CARTESIAN_POINT('Ctrl Pts',(-80.2500000000164,50.673601627367,-18.2189908586007));
#7351=CARTESIAN_POINT('Ctrl Pts',(-81.2500000000164,50.6494148610211,-17.7429660381355));
#7352=CARTESIAN_POINT('Ctrl Pts',(-80.2500000000164,50.6494148610211,-17.7429660381355));
#7353=CARTESIAN_POINT('Ctrl Pts',(-81.2500000000164,50.6015573461784,-16.8010722527021));
#7354=CARTESIAN_POINT('Ctrl Pts',(-80.2500000000164,50.6015573461784,-16.8010722527021));
#7355=CARTESIAN_POINT('Ctrl Pts',(-81.2500000000164,50.243570772258,-15.9287553518472));
#7356=CARTESIAN_POINT('Ctrl Pts',(-80.2500000000164,50.243570772258,-15.9287553518472));
#7357=CARTESIAN_POINT('Ctrl Pts',(-81.2500000000164,50.066507458704,-15.4972997270089));
#7358=CARTESIAN_POINT('Ctrl Pts',(-80.2500000000164,50.066507458704,-15.4972997270089));
#7359=CARTESIAN_POINT('',(-81.2500000000164,50.673601627367,-18.2189908586007));
#7360=CARTESIAN_POINT('Ctrl Pts',(-81.2500000000164,50.673601627367,-18.2189908586007));
#7361=CARTESIAN_POINT('Ctrl Pts',(-81.2500000000164,50.6494148610211,-17.7429660381355));
#7362=CARTESIAN_POINT('Ctrl Pts',(-81.2500000000164,50.6015573461784,-16.8010722527021));
#7363=CARTESIAN_POINT('Ctrl Pts',(-81.2500000000164,50.243570772258,-15.9287553518472));
#7364=CARTESIAN_POINT('Ctrl Pts',(-81.2500000000164,50.066507458704,-15.4972997270089));
#7365=CARTESIAN_POINT('',(-80.2500000000164,50.673601627367,-18.2189908586007));
#7366=CARTESIAN_POINT('',(-81.2500000000164,50.673601627367,-18.2189908586007));
#7367=CARTESIAN_POINT('Ctrl Pts',(-80.2500000000164,50.673601627367,-18.2189908586007));
#7368=CARTESIAN_POINT('Ctrl Pts',(-80.2500000000164,50.6494148610211,-17.7429660381355));
#7369=CARTESIAN_POINT('Ctrl Pts',(-80.2500000000164,50.6015573461784,-16.8010722527021));
#7370=CARTESIAN_POINT('Ctrl Pts',(-80.2500000000164,50.243570772258,-15.9287553518472));
#7371=CARTESIAN_POINT('Ctrl Pts',(-80.2500000000164,50.066507458704,-15.4972997270089));
#7372=CARTESIAN_POINT('Ctrl Pts',(-81.2500000000164,50.0596863031559,-20.8861127458077));
#7373=CARTESIAN_POINT('Ctrl Pts',(-80.2500000000164,50.0596863031559,-20.8861127458077));
#7374=CARTESIAN_POINT('Ctrl Pts',(-81.2500000000164,50.2387154961538,-20.470858780286));
#7375=CARTESIAN_POINT('Ctrl Pts',(-80.2500000000164,50.2387154961538,-20.470858780286));
#7376=CARTESIAN_POINT('Ctrl Pts',(-81.2500000000164,50.6056836568701,-19.619684838171));
#7377=CARTESIAN_POINT('Ctrl Pts',(-80.2500000000164,50.6056836568701,-19.619684838171));
#7378=CARTESIAN_POINT('Ctrl Pts',(-81.2500000000164,50.6505987993069,-18.6933855223572));
#7379=CARTESIAN_POINT('Ctrl Pts',(-80.2500000000164,50.6505987993069,-18.6933855223572));
#7380=CARTESIAN_POINT('Ctrl Pts',(-81.2500000000164,50.673601627367,-18.2189908586007));
#7381=CARTESIAN_POINT('Ctrl Pts',(-80.2500000000164,50.673601627367,-18.2189908586007));
#7382=CARTESIAN_POINT('',(-81.2500000000164,50.0596863031559,-20.8861127458077));
#7383=CARTESIAN_POINT('Ctrl Pts',(-81.2500000000164,50.0596863031559,-20.8861127458077));
#7384=CARTESIAN_POINT('Ctrl Pts',(-81.2500000000164,50.2387154961538,-20.470858780286));
#7385=CARTESIAN_POINT('Ctrl Pts',(-81.2500000000164,50.6056836568701,-19.619684838171));
#7386=CARTESIAN_POINT('Ctrl Pts',(-81.2500000000164,50.6505987993069,-18.6933855223572));
#7387=CARTESIAN_POINT('Ctrl Pts',(-81.2500000000164,50.673601627367,-18.2189908586007));
#7388=CARTESIAN_POINT('',(-80.2500000000164,50.0596863031559,-20.8861127458077));
#7389=CARTESIAN_POINT('',(-81.2500000000164,50.0596863031559,-20.8861127458077));
#7390=CARTESIAN_POINT('Ctrl Pts',(-80.2500000000164,50.0596863031559,-20.8861127458077));
#7391=CARTESIAN_POINT('Ctrl Pts',(-80.2500000000164,50.2387154961538,-20.470858780286));
#7392=CARTESIAN_POINT('Ctrl Pts',(-80.2500000000164,50.6056836568701,-19.619684838171));
#7393=CARTESIAN_POINT('Ctrl Pts',(-80.2500000000164,50.6505987993069,-18.6933855223572));
#7394=CARTESIAN_POINT('Ctrl Pts',(-80.2500000000164,50.673601627367,-18.2189908586007));
#7395=CARTESIAN_POINT('Ctrl Pts',(-81.2500000000164,48.2452251017265,-22.7142158112984));
#7396=CARTESIAN_POINT('Ctrl Pts',(-80.2500000000164,48.2452251017265,-22.7142158112984));
#7397=CARTESIAN_POINT('Ctrl Pts',(-81.2500000000164,48.6206464735984,-22.4800656688665));
#7398=CARTESIAN_POINT('Ctrl Pts',(-80.2500000000164,48.6206464735984,-22.4800656688665));
#7399=CARTESIAN_POINT('Ctrl Pts',(-81.2500000000164,49.3691831970717,-22.0132036478183));
#7400=CARTESIAN_POINT('Ctrl Pts',(-80.2500000000164,49.3691831970717,-22.0132036478183));
#7401=CARTESIAN_POINT('Ctrl Pts',(-81.2500000000164,49.8299918061424,-21.2610373124675));
#7402=CARTESIAN_POINT('Ctrl Pts',(-80.2500000000164,49.8299918061424,-21.2610373124675));
#7403=CARTESIAN_POINT('Ctrl Pts',(-81.2500000000164,50.0596863031559,-20.8861127458077));
#7404=CARTESIAN_POINT('Ctrl Pts',(-80.2500000000164,50.0596863031559,-20.8861127458077));
#7405=CARTESIAN_POINT('',(-81.2500000000164,48.2452251017265,-22.7142158112984));
#7406=CARTESIAN_POINT('Ctrl Pts',(-81.2500000000164,48.2452251017265,-22.7142158112984));
#7407=CARTESIAN_POINT('Ctrl Pts',(-81.2500000000164,48.6206464735984,-22.4800656688665));
#7408=CARTESIAN_POINT('Ctrl Pts',(-81.2500000000164,49.3691831970717,-22.0132036478183));
#7409=CARTESIAN_POINT('Ctrl Pts',(-81.2500000000164,49.8299918061424,-21.2610373124675));
#7410=CARTESIAN_POINT('Ctrl Pts',(-81.2500000000164,50.0596863031559,-20.8861127458077));
#7411=CARTESIAN_POINT('',(-80.2500000000164,48.2452251017265,-22.7142158112984));
#7412=CARTESIAN_POINT('',(-81.2500000000164,48.2452251017265,-22.7142158112984));
#7413=CARTESIAN_POINT('Ctrl Pts',(-80.2500000000164,48.2452251017265,-22.7142158112984));
#7414=CARTESIAN_POINT('Ctrl Pts',(-80.2500000000164,48.6206464735984,-22.4800656688665));
#7415=CARTESIAN_POINT('Ctrl Pts',(-80.2500000000164,49.3691831970717,-22.0132036478183));
#7416=CARTESIAN_POINT('Ctrl Pts',(-80.2500000000164,49.8299918061424,-21.2610373124675));
#7417=CARTESIAN_POINT('Ctrl Pts',(-80.2500000000164,50.0596863031559,-20.8861127458077));
#7418=CARTESIAN_POINT('Ctrl Pts',(-81.2500000000164,45.5644609034233,-23.3417716584664));
#7419=CARTESIAN_POINT('Ctrl Pts',(-80.2500000000164,45.5644609034233,-23.3417716584664));
#7420=CARTESIAN_POINT('Ctrl Pts',(-81.2500000000164,46.0401454759958,-23.3178632897586));
#7421=CARTESIAN_POINT('Ctrl Pts',(-80.2500000000164,46.0401454759958,-23.3178632897586));
#7422=CARTESIAN_POINT('Ctrl Pts',(-81.2500000000164,46.9721708051456,-23.271018791326));
#7423=CARTESIAN_POINT('Ctrl Pts',(-80.2500000000164,46.9721708051456,-23.271018791326));
#7424=CARTESIAN_POINT('Ctrl Pts',(-81.2500000000164,47.826786069804,-22.897230864592));
#7425=CARTESIAN_POINT('Ctrl Pts',(-80.2500000000164,47.826786069804,-22.897230864592));
#7426=CARTESIAN_POINT('Ctrl Pts',(-81.2500000000164,48.2452251017265,-22.7142158112984));
#7427=CARTESIAN_POINT('Ctrl Pts',(-80.2500000000164,48.2452251017265,-22.7142158112984));
#7428=CARTESIAN_POINT('',(-81.2500000000164,45.5644609034233,-23.3417716584664));
#7429=CARTESIAN_POINT('Ctrl Pts',(-81.2500000000164,45.5644609034233,-23.3417716584664));
#7430=CARTESIAN_POINT('Ctrl Pts',(-81.2500000000164,46.0401454759958,-23.3178632897586));
#7431=CARTESIAN_POINT('Ctrl Pts',(-81.2500000000164,46.9721708051456,-23.271018791326));
#7432=CARTESIAN_POINT('Ctrl Pts',(-81.2500000000164,47.826786069804,-22.897230864592));
#7433=CARTESIAN_POINT('Ctrl Pts',(-81.2500000000164,48.2452251017265,-22.7142158112984));
#7434=CARTESIAN_POINT('',(-80.2500000000164,45.5644609034233,-23.3417716584664));
#7435=CARTESIAN_POINT('',(-81.2500000000164,45.5644609034233,-23.3417716584664));
#7436=CARTESIAN_POINT('Ctrl Pts',(-80.2500000000164,45.5644609034233,-23.3417716584664));
#7437=CARTESIAN_POINT('Ctrl Pts',(-80.2500000000164,46.0401454759958,-23.3178632897586));
#7438=CARTESIAN_POINT('Ctrl Pts',(-80.2500000000164,46.9721708051456,-23.271018791326));
#7439=CARTESIAN_POINT('Ctrl Pts',(-80.2500000000164,47.826786069804,-22.897230864592));
#7440=CARTESIAN_POINT('Ctrl Pts',(-80.2500000000164,48.2452251017265,-22.7142158112984));
#7441=CARTESIAN_POINT('Ctrl Pts',(-81.2500000000164,43.4362210333519,-22.9529586396676));
#7442=CARTESIAN_POINT('Ctrl Pts',(-80.2500000000164,43.4362210333519,-22.9529586396676));
#7443=CARTESIAN_POINT('Ctrl Pts',(-81.2500000000164,43.7834260439194,-23.0663619887064));
#7444=CARTESIAN_POINT('Ctrl Pts',(-80.2500000000164,43.7834260439194,-23.0663619887064));
#7445=CARTESIAN_POINT('Ctrl Pts',(-81.2500000000164,44.4752679631125,-23.2923298988864));
#7446=CARTESIAN_POINT('Ctrl Pts',(-80.2500000000164,44.4752679631125,-23.2923298988864));
#7447=CARTESIAN_POINT('Ctrl Pts',(-81.2500000000164,45.2022961608636,-23.3253319061808));
#7448=CARTESIAN_POINT('Ctrl Pts',(-80.2500000000164,45.2022961608636,-23.3253319061808));
#7449=CARTESIAN_POINT('Ctrl Pts',(-81.2500000000164,45.5644609034233,-23.3417716584664));
#7450=CARTESIAN_POINT('Ctrl Pts',(-80.2500000000164,45.5644609034233,-23.3417716584664));
#7451=CARTESIAN_POINT('',(-81.2500000000164,43.4362210333519,-22.9529586396676));
#7452=CARTESIAN_POINT('Ctrl Pts',(-81.2500000000164,43.4362210333519,-22.9529586396676));
#7453=CARTESIAN_POINT('Ctrl Pts',(-81.2500000000164,43.7834260439194,-23.0663619887064));
#7454=CARTESIAN_POINT('Ctrl Pts',(-81.2500000000164,44.4752679631125,-23.2923298988864));
#7455=CARTESIAN_POINT('Ctrl Pts',(-81.2500000000164,45.2022961608636,-23.3253319061808));
#7456=CARTESIAN_POINT('Ctrl Pts',(-81.2500000000164,45.5644609034233,-23.3417716584664));
#7457=CARTESIAN_POINT('',(-80.2500000000164,43.4362210333519,-22.9529586396676));
#7458=CARTESIAN_POINT('',(-81.2500000000164,43.4362210333519,-22.9529586396676));
#7459=CARTESIAN_POINT('Ctrl Pts',(-80.2500000000164,43.4362210333519,-22.9529586396676));
#7460=CARTESIAN_POINT('Ctrl Pts',(-80.2500000000164,43.7834260439194,-23.0663619887064));
#7461=CARTESIAN_POINT('Ctrl Pts',(-80.2500000000164,44.4752679631125,-23.2923298988864));
#7462=CARTESIAN_POINT('Ctrl Pts',(-80.2500000000164,45.2022961608636,-23.3253319061808));
#7463=CARTESIAN_POINT('Ctrl Pts',(-80.2500000000164,45.5644609034233,-23.3417716584664));
#7464=CARTESIAN_POINT('Ctrl Pts',(-81.2500000000164,41.4239425957374,-21.7797008119088));
#7465=CARTESIAN_POINT('Ctrl Pts',(-80.2500000000164,41.4239425957374,-21.7797008119088));
#7466=CARTESIAN_POINT('Ctrl Pts',(-81.2500000000164,41.7461996033786,-22.02088181284));
#7467=CARTESIAN_POINT('Ctrl Pts',(-80.2500000000164,41.7461996033786,-22.02088181284));
#7468=CARTESIAN_POINT('Ctrl Pts',(-81.2500000000164,42.3721010732822,-22.4893139630066));
#7469=CARTESIAN_POINT('Ctrl Pts',(-80.2500000000164,42.3721010732822,-22.4893139630066));
#7470=CARTESIAN_POINT('Ctrl Pts',(-81.2500000000164,43.0886167656369,-22.8015049743307));
#7471=CARTESIAN_POINT('Ctrl Pts',(-80.2500000000164,43.0886167656369,-22.8015049743307));
#7472=CARTESIAN_POINT('Ctrl Pts',(-81.2500000000164,43.4362210333519,-22.9529586396676));
#7473=CARTESIAN_POINT('Ctrl Pts',(-80.2500000000164,43.4362210333519,-22.9529586396676));
#7474=CARTESIAN_POINT('',(-81.2500000000164,41.4239425957374,-21.7797008119088));
#7475=CARTESIAN_POINT('Ctrl Pts',(-81.2500000000164,41.4239425957374,-21.7797008119088));
#7476=CARTESIAN_POINT('Ctrl Pts',(-81.2500000000164,41.7461996033786,-22.02088181284));
#7477=CARTESIAN_POINT('Ctrl Pts',(-81.2500000000164,42.3721010732822,-22.4893139630066));
#7478=CARTESIAN_POINT('Ctrl Pts',(-81.2500000000164,43.0886167656369,-22.8015049743307));
#7479=CARTESIAN_POINT('Ctrl Pts',(-81.2500000000164,43.4362210333519,-22.9529586396676));
#7480=CARTESIAN_POINT('',(-80.2500000000164,41.4239425957374,-21.7797008119088));
#7481=CARTESIAN_POINT('',(-81.2500000000164,41.4239425957374,-21.7797008119088));
#7482=CARTESIAN_POINT('Ctrl Pts',(-80.2500000000164,41.4239425957374,-21.7797008119088));
#7483=CARTESIAN_POINT('Ctrl Pts',(-80.2500000000164,41.7461996033786,-22.02088181284));
#7484=CARTESIAN_POINT('Ctrl Pts',(-80.2500000000164,42.3721010732822,-22.4893139630066));
#7485=CARTESIAN_POINT('Ctrl Pts',(-80.2500000000164,43.0886167656369,-22.8015049743307));
#7486=CARTESIAN_POINT('Ctrl Pts',(-80.2500000000164,43.4362210333519,-22.9529586396676));
#7487=CARTESIAN_POINT('Origin',(-81.2500000000164,41.4239425957374,-18.068920668171));
#7488=CARTESIAN_POINT('',(-81.2500000000164,41.4239425957374,-18.068920668171));
#7489=CARTESIAN_POINT('',(-81.2500000000164,41.4239425957374,-14.2183086238366));
#7490=CARTESIAN_POINT('',(-80.2500000000164,41.4239425957374,-18.068920668171));
#7491=CARTESIAN_POINT('',(-81.2500000000164,41.4239425957374,-18.068920668171));
#7492=CARTESIAN_POINT('',(-80.2500000000164,41.4239425957374,-18.068920668171));
#7493=CARTESIAN_POINT('Origin',(-81.2500000000164,45.659958869236,-18.0757442079049));
#7494=CARTESIAN_POINT('',(-81.2500000000164,45.659958869236,-18.0757442079049));
#7495=CARTESIAN_POINT('',(-81.2500000000164,33.448802908731,-18.0560740030441));
#7496=CARTESIAN_POINT('',(-80.2500000000164,45.659958869236,-18.0757442079049));
#7497=CARTESIAN_POINT('',(-81.2500000000164,45.659958869236,-18.0757442079049));
#7498=CARTESIAN_POINT('',(-80.2500000000164,45.659958869236,-18.0757442079049));
#7499=CARTESIAN_POINT('Origin',(-81.2500000000164,45.659958869236,-19.2490020356637));
#7500=CARTESIAN_POINT('',(-81.2500000000164,45.659958869236,-19.2490020356637));
#7501=CARTESIAN_POINT('',(-81.2500000000164,45.659958869236,-14.8083493075829));
#7502=CARTESIAN_POINT('',(-80.2500000000164,45.659958869236,-19.2490020356637));
#7503=CARTESIAN_POINT('',(-81.2500000000164,45.659958869236,-19.2490020356637));
#7504=CARTESIAN_POINT('',(-80.2500000000164,45.659958869236,-19.2490020356637));
#7505=CARTESIAN_POINT('Origin',(-81.2500000000164,42.71998658778,-19.2490020356637));
#7506=CARTESIAN_POINT('',(-81.2500000000164,31.9849932938985,-19.2490020356637));
#7507=CARTESIAN_POINT('',(-80.2500000000164,42.71998658778,-19.2490020356637));
#7508=CARTESIAN_POINT('Origin',(-80.2500000000164,21.2499997764997,-10.3676930032235));
#7509=CARTESIAN_POINT('Origin',(-81.2500000000164,34.9641866982154,-14.276286657856));
#7510=CARTESIAN_POINT('',(-81.2500000000164,34.9641866982154,-14.276286657856));
#7511=CARTESIAN_POINT('',(-81.2500000000164,38.1292624771766,-14.276286657856));
#7512=CARTESIAN_POINT('',(-81.2500000000164,28.1070933491163,-14.276286657856));
#7513=CARTESIAN_POINT('',(-80.2500000000164,34.9641866982154,-14.276286657856));
#7514=CARTESIAN_POINT('',(-81.2500000000164,34.9641866982154,-14.276286657856));
#7515=CARTESIAN_POINT('',(-80.2500000000164,38.1292624771766,-14.276286657856));
#7516=CARTESIAN_POINT('',(-80.2500000000164,34.9641866982154,-14.276286657856));
#7517=CARTESIAN_POINT('',(-81.2500000000164,38.1292624771766,-14.276286657856));
#7518=CARTESIAN_POINT('Ctrl Pts',(-81.2500000000164,33.3407218754463,-14.7333160005074));
#7519=CARTESIAN_POINT('Ctrl Pts',(-80.2500000000164,33.3407218754463,-14.7333160005074));
#7520=CARTESIAN_POINT('Ctrl Pts',(-81.2500000000164,33.5556013014801,-14.6005893696945));
#7521=CARTESIAN_POINT('Ctrl Pts',(-80.2500000000164,33.5556013014801,-14.6005893696945));
#7522=CARTESIAN_POINT('Ctrl Pts',(-81.2500000000164,34.0497756841437,-14.2953479510273));
#7523=CARTESIAN_POINT('Ctrl Pts',(-80.2500000000164,34.0497756841437,-14.2953479510273));
#7524=CARTESIAN_POINT('Ctrl Pts',(-81.2500000000164,34.6339985814502,-14.2831695719925));
#7525=CARTESIAN_POINT('Ctrl Pts',(-80.2500000000164,34.6339985814502,-14.2831695719925));
#7526=CARTESIAN_POINT('Ctrl Pts',(-81.2500000000164,34.9641866982154,-14.276286657856));
#7527=CARTESIAN_POINT('Ctrl Pts',(-80.2500000000164,34.9641866982154,-14.276286657856));
#7528=CARTESIAN_POINT('',(-81.2500000000164,33.3407218754463,-14.7333160005074));
#7529=CARTESIAN_POINT('Ctrl Pts',(-81.2500000000164,33.3407218754463,-14.7333160005074));
#7530=CARTESIAN_POINT('Ctrl Pts',(-81.2500000000164,33.5556013014801,-14.6005893696945));
#7531=CARTESIAN_POINT('Ctrl Pts',(-81.2500000000164,34.0497756841437,-14.2953479510273));
#7532=CARTESIAN_POINT('Ctrl Pts',(-81.2500000000164,34.6339985814502,-14.2831695719925));
#7533=CARTESIAN_POINT('Ctrl Pts',(-81.2500000000164,34.9641866982154,-14.276286657856));
#7534=CARTESIAN_POINT('',(-80.2500000000164,33.3407218754463,-14.7333160005074));
#7535=CARTESIAN_POINT('',(-81.2500000000164,33.3407218754463,-14.7333160005074));
#7536=CARTESIAN_POINT('Ctrl Pts',(-80.2500000000164,33.3407218754463,-14.7333160005074));
#7537=CARTESIAN_POINT('Ctrl Pts',(-80.2500000000164,33.5556013014801,-14.6005893696945));
#7538=CARTESIAN_POINT('Ctrl Pts',(-80.2500000000164,34.0497756841437,-14.2953479510273));
#7539=CARTESIAN_POINT('Ctrl Pts',(-80.2500000000164,34.6339985814502,-14.2831695719925));
#7540=CARTESIAN_POINT('Ctrl Pts',(-80.2500000000164,34.9641866982154,-14.276286657856));
#7541=CARTESIAN_POINT('Ctrl Pts',(-81.2500000000164,32.8223045170478,-15.8997550569039));
#7542=CARTESIAN_POINT('Ctrl Pts',(-80.2500000000164,32.8223045170478,-15.8997550569039));
#7543=CARTESIAN_POINT('Ctrl Pts',(-81.2500000000164,32.8432507332581,-15.6743789507789));
#7544=CARTESIAN_POINT('Ctrl Pts',(-80.2500000000164,32.8432507332581,-15.6743789507789));
#7545=CARTESIAN_POINT('Ctrl Pts',(-81.2500000000164,32.8848317129876,-15.226977892457));
#7546=CARTESIAN_POINT('Ctrl Pts',(-80.2500000000164,32.8848317129876,-15.226977892457));
#7547=CARTESIAN_POINT('Ctrl Pts',(-81.2500000000164,33.1895192183393,-14.8970462055477));
#7548=CARTESIAN_POINT('Ctrl Pts',(-80.2500000000164,33.1895192183393,-14.8970462055477));
#7549=CARTESIAN_POINT('Ctrl Pts',(-81.2500000000164,33.3407218754463,-14.7333160005074));
#7550=CARTESIAN_POINT('Ctrl Pts',(-80.2500000000164,33.3407218754463,-14.7333160005074));
#7551=CARTESIAN_POINT('',(-81.2500000000164,32.8223045170478,-15.8997550569039));
#7552=CARTESIAN_POINT('Ctrl Pts',(-81.2500000000164,32.8223045170478,-15.8997550569039));
#7553=CARTESIAN_POINT('Ctrl Pts',(-81.2500000000164,32.8432507332581,-15.6743789507789));
#7554=CARTESIAN_POINT('Ctrl Pts',(-81.2500000000164,32.8848317129876,-15.226977892457));
#7555=CARTESIAN_POINT('Ctrl Pts',(-81.2500000000164,33.1895192183393,-14.8970462055477));
#7556=CARTESIAN_POINT('Ctrl Pts',(-81.2500000000164,33.3407218754463,-14.7333160005074));
#7557=CARTESIAN_POINT('',(-80.2500000000164,32.8223045170478,-15.8997550569039));
#7558=CARTESIAN_POINT('',(-81.2500000000164,32.8223045170478,-15.8997550569039));
#7559=CARTESIAN_POINT('Ctrl Pts',(-80.2500000000164,32.8223045170478,-15.8997550569039));
#7560=CARTESIAN_POINT('Ctrl Pts',(-80.2500000000164,32.8432507332581,-15.6743789507789));
#7561=CARTESIAN_POINT('Ctrl Pts',(-80.2500000000164,32.8848317129876,-15.226977892457));
#7562=CARTESIAN_POINT('Ctrl Pts',(-80.2500000000164,33.1895192183393,-14.8970462055477));
#7563=CARTESIAN_POINT('Ctrl Pts',(-80.2500000000164,33.3407218754463,-14.7333160005074));
#7564=CARTESIAN_POINT('Ctrl Pts',(-81.2500000000164,33.0883343517952,-16.8001618943673));
#7565=CARTESIAN_POINT('Ctrl Pts',(-80.2500000000164,33.0883343517952,-16.8001618943673));
#7566=CARTESIAN_POINT('Ctrl Pts',(-81.2500000000164,33.0107432164124,-16.6590444265472));
#7567=CARTESIAN_POINT('Ctrl Pts',(-80.2500000000164,33.0107432164124,-16.6590444265472));
#7568=CARTESIAN_POINT('Ctrl Pts',(-81.2500000000164,32.8563624651535,-16.378267239948));
#7569=CARTESIAN_POINT('Ctrl Pts',(-80.2500000000164,32.8563624651535,-16.378267239948));
#7570=CARTESIAN_POINT('Ctrl Pts',(-81.2500000000164,32.833617804235,-16.0587060815676));
#7571=CARTESIAN_POINT('Ctrl Pts',(-80.2500000000164,32.833617804235,-16.0587060815676));
#7572=CARTESIAN_POINT('Ctrl Pts',(-81.2500000000164,32.8223045170478,-15.8997550569039));
#7573=CARTESIAN_POINT('Ctrl Pts',(-80.2500000000164,32.8223045170478,-15.8997550569039));
#7574=CARTESIAN_POINT('',(-81.2500000000164,33.0883343517952,-16.8001618943673));
#7575=CARTESIAN_POINT('Ctrl Pts',(-81.2500000000164,33.0883343517952,-16.8001618943673));
#7576=CARTESIAN_POINT('Ctrl Pts',(-81.2500000000164,33.0107432164124,-16.6590444265472));
#7577=CARTESIAN_POINT('Ctrl Pts',(-81.2500000000164,32.8563624651535,-16.378267239948));
#7578=CARTESIAN_POINT('Ctrl Pts',(-81.2500000000164,32.833617804235,-16.0587060815676));
#7579=CARTESIAN_POINT('Ctrl Pts',(-81.2500000000164,32.8223045170478,-15.8997550569039));
#7580=CARTESIAN_POINT('',(-80.2500000000164,33.0883343517952,-16.8001618943673));
#7581=CARTESIAN_POINT('',(-81.2500000000164,33.0883343517952,-16.8001618943673));
#7582=CARTESIAN_POINT('Ctrl Pts',(-80.2500000000164,33.0883343517952,-16.8001618943673));
#7583=CARTESIAN_POINT('Ctrl Pts',(-80.2500000000164,33.0107432164124,-16.6590444265472));
#7584=CARTESIAN_POINT('Ctrl Pts',(-80.2500000000164,32.8563624651535,-16.378267239948));
#7585=CARTESIAN_POINT('Ctrl Pts',(-80.2500000000164,32.833617804235,-16.0587060815676));
#7586=CARTESIAN_POINT('Ctrl Pts',(-80.2500000000164,32.8223045170478,-15.8997550569039));
#7587=CARTESIAN_POINT('Ctrl Pts',(-81.2500000000164,33.8659603893928,-17.4004331193429));
#7588=CARTESIAN_POINT('Ctrl Pts',(-80.2500000000164,33.8659603893928,-17.4004331193429));
#7589=CARTESIAN_POINT('Ctrl Pts',(-81.2500000000164,33.7071034323446,-17.3298484245639));
#7590=CARTESIAN_POINT('Ctrl Pts',(-80.2500000000164,33.7071034323446,-17.3298484245639));
#7591=CARTESIAN_POINT('Ctrl Pts',(-81.2500000000164,33.3987120931302,-17.1928213219719));
#7592=CARTESIAN_POINT('Ctrl Pts',(-80.2500000000164,33.3987120931302,-17.1928213219719));
#7593=CARTESIAN_POINT('Ctrl Pts',(-81.2500000000164,33.1896873477543,-16.9283837481901));
#7594=CARTESIAN_POINT('Ctrl Pts',(-80.2500000000164,33.1896873477543,-16.9283837481901));
#7595=CARTESIAN_POINT('Ctrl Pts',(-81.2500000000164,33.0883343517952,-16.8001618943673));
#7596=CARTESIAN_POINT('Ctrl Pts',(-80.2500000000164,33.0883343517952,-16.8001618943673));
#7597=CARTESIAN_POINT('',(-81.2500000000164,33.8659603893928,-17.4004331193429));
#7598=CARTESIAN_POINT('Ctrl Pts',(-81.2500000000164,33.8659603893928,-17.4004331193429));
#7599=CARTESIAN_POINT('Ctrl Pts',(-81.2500000000164,33.7071034323446,-17.3298484245639));
#7600=CARTESIAN_POINT('Ctrl Pts',(-81.2500000000164,33.3987120931302,-17.1928213219719));
#7601=CARTESIAN_POINT('Ctrl Pts',(-81.2500000000164,33.1896873477543,-16.9283837481901));
#7602=CARTESIAN_POINT('Ctrl Pts',(-81.2500000000164,33.0883343517952,-16.8001618943673));
#7603=CARTESIAN_POINT('',(-80.2500000000164,33.8659603893928,-17.4004331193429));
#7604=CARTESIAN_POINT('',(-81.2500000000164,33.8659603893928,-17.4004331193429));
#7605=CARTESIAN_POINT('Ctrl Pts',(-80.2500000000164,33.8659603893928,-17.4004331193429));
#7606=CARTESIAN_POINT('Ctrl Pts',(-80.2500000000164,33.7071034323446,-17.3298484245639));
#7607=CARTESIAN_POINT('Ctrl Pts',(-80.2500000000164,33.3987120931302,-17.1928213219719));
#7608=CARTESIAN_POINT('Ctrl Pts',(-80.2500000000164,33.1896873477543,-16.9283837481901));
#7609=CARTESIAN_POINT('Ctrl Pts',(-80.2500000000164,33.0883343517952,-16.8001618943673));
#7610=CARTESIAN_POINT('Ctrl Pts',(-81.2500000000164,35.2847869694404,-17.5846114716988));
#7611=CARTESIAN_POINT('Ctrl Pts',(-80.2500000000164,35.2847869694404,-17.5846114716988));
#7612=CARTESIAN_POINT('Ctrl Pts',(-81.2500000000164,35.0135930141433,-17.5817305118061));
#7613=CARTESIAN_POINT('Ctrl Pts',(-80.2500000000164,35.0135930141433,-17.5817305118061));
#7614=CARTESIAN_POINT('Ctrl Pts',(-81.2500000000164,34.5327358272417,-17.5766222479877));
#7615=CARTESIAN_POINT('Ctrl Pts',(-80.2500000000164,34.5327358272417,-17.5766222479877));
#7616=CARTESIAN_POINT('Ctrl Pts',(-81.2500000000164,34.0684139147445,-17.453929556371));
#7617=CARTESIAN_POINT('Ctrl Pts',(-80.2500000000164,34.0684139147445,-17.453929556371));
#7618=CARTESIAN_POINT('Ctrl Pts',(-81.2500000000164,33.8659603893928,-17.4004331193429));
#7619=CARTESIAN_POINT('Ctrl Pts',(-80.2500000000164,33.8659603893928,-17.4004331193429));
#7620=CARTESIAN_POINT('',(-81.2500000000164,35.2847869694404,-17.5846114716988));
#7621=CARTESIAN_POINT('Ctrl Pts',(-81.2500000000164,35.2847869694404,-17.5846114716988));
#7622=CARTESIAN_POINT('Ctrl Pts',(-81.2500000000164,35.0135930141433,-17.5817305118061));
#7623=CARTESIAN_POINT('Ctrl Pts',(-81.2500000000164,34.5327358272417,-17.5766222479877));
#7624=CARTESIAN_POINT('Ctrl Pts',(-81.2500000000164,34.0684139147445,-17.453929556371));
#7625=CARTESIAN_POINT('Ctrl Pts',(-81.2500000000164,33.8659603893928,-17.4004331193429));
#7626=CARTESIAN_POINT('',(-80.2500000000164,35.2847869694404,-17.5846114716988));
#7627=CARTESIAN_POINT('',(-81.2500000000164,35.2847869694404,-17.5846114716988));
#7628=CARTESIAN_POINT('Ctrl Pts',(-80.2500000000164,35.2847869694404,-17.5846114716988));
#7629=CARTESIAN_POINT('Ctrl Pts',(-80.2500000000164,35.0135930141433,-17.5817305118061));
#7630=CARTESIAN_POINT('Ctrl Pts',(-80.2500000000164,34.5327358272417,-17.5766222479877));
#7631=CARTESIAN_POINT('Ctrl Pts',(-80.2500000000164,34.0684139147445,-17.453929556371));
#7632=CARTESIAN_POINT('Ctrl Pts',(-80.2500000000164,33.8659603893928,-17.4004331193429));
#7633=CARTESIAN_POINT('Origin',(-81.2500000000164,38.1292624771766,-17.5846114716988));
#7634=CARTESIAN_POINT('',(-81.2500000000164,38.1292624771766,-17.5846114716988));
#7635=CARTESIAN_POINT('',(-81.2500000000164,29.6896312385969,-17.5846114716988));
#7636=CARTESIAN_POINT('',(-80.2500000000164,38.1292624771766,-17.5846114716988));
#7637=CARTESIAN_POINT('',(-81.2500000000164,38.1292624771766,-17.5846114716988));
#7638=CARTESIAN_POINT('',(-80.2500000000164,38.1292624771766,-17.5846114716988));
#7639=CARTESIAN_POINT('Origin',(-81.2500000000164,38.1292624771766,-14.276286657856));
#7640=CARTESIAN_POINT('',(-81.2500000000164,38.1292624771766,-12.3219916186791));
#7641=CARTESIAN_POINT('',(-80.2500000000164,38.1292624771766,-14.276286657856));
#7642=CARTESIAN_POINT('Origin',(-81.2500000000164,38.1292624771766,-18.7305846772652));
#7643=CARTESIAN_POINT('',(-81.2500000000164,38.1292624771766,-18.7305846772652));
#7644=CARTESIAN_POINT('',(-81.2500000000164,38.1292624771766,-23.1712403855782));
#7645=CARTESIAN_POINT('',(-81.2500000000164,38.1292624771766,-14.5491406283837));
#7646=CARTESIAN_POINT('',(-80.2500000000164,38.1292624771766,-18.7305846772652));
#7647=CARTESIAN_POINT('',(-81.2500000000164,38.1292624771766,-18.7305846772652));
#7648=CARTESIAN_POINT('',(-80.2500000000164,38.1292624771766,-23.1712403855782));
#7649=CARTESIAN_POINT('',(-80.2500000000164,38.1292624771766,-18.7305846772652));
#7650=CARTESIAN_POINT('',(-81.2500000000164,38.1292624771766,-23.1712403855782));
#7651=CARTESIAN_POINT('Origin',(-81.2500000000164,36.5944738686256,-18.7305846772652));
#7652=CARTESIAN_POINT('',(-81.2500000000164,36.5944738686256,-18.7305846772652));
#7653=CARTESIAN_POINT('',(-81.2500000000164,28.9222369343214,-18.7305846772652));
#7654=CARTESIAN_POINT('',(-80.2500000000164,36.5944738686256,-18.7305846772652));
#7655=CARTESIAN_POINT('',(-81.2500000000164,36.5944738686256,-18.7305846772652));
#7656=CARTESIAN_POINT('',(-80.2500000000164,36.5944738686256,-18.7305846772652));
#7657=CARTESIAN_POINT('Ctrl Pts',(-81.2500000000164,35.8577747643165,-18.7783351502877));
#7658=CARTESIAN_POINT('Ctrl Pts',(-80.2500000000164,35.8577747643165,-18.7783351502877));
#7659=CARTESIAN_POINT('Ctrl Pts',(-81.2500000000164,35.9565457477164,-18.7645289135005));
#7660=CARTESIAN_POINT('Ctrl Pts',(-80.2500000000164,35.9565457477164,-18.7645289135005));
#7661=CARTESIAN_POINT('Ctrl Pts',(-81.2500000000164,36.2007682743448,-18.7303914176963));
#7662=CARTESIAN_POINT('Ctrl Pts',(-80.2500000000164,36.2007682743448,-18.7303914176963));
#7663=CARTESIAN_POINT('Ctrl Pts',(-81.2500000000164,36.4475174999689,-18.7305125403059));
#7664=CARTESIAN_POINT('Ctrl Pts',(-80.2500000000164,36.4475174999689,-18.7305125403059));
#7665=CARTESIAN_POINT('Ctrl Pts',(-81.2500000000164,36.5944738686256,-18.7305846772652));
#7666=CARTESIAN_POINT('Ctrl Pts',(-80.2500000000164,36.5944738686256,-18.7305846772652));
#7667=CARTESIAN_POINT('',(-81.2500000000164,35.8577747643165,-18.7783351502877));
#7668=CARTESIAN_POINT('Ctrl Pts',(-81.2500000000164,35.8577747643165,-18.7783351502877));
#7669=CARTESIAN_POINT('Ctrl Pts',(-81.2500000000164,35.9565457477164,-18.7645289135005));
#7670=CARTESIAN_POINT('Ctrl Pts',(-81.2500000000164,36.2007682743448,-18.7303914176963));
#7671=CARTESIAN_POINT('Ctrl Pts',(-81.2500000000164,36.4475174999689,-18.7305125403059));
#7672=CARTESIAN_POINT('Ctrl Pts',(-81.2500000000164,36.5944738686256,-18.7305846772652));
#7673=CARTESIAN_POINT('',(-80.2500000000164,35.8577747643165,-18.7783351502877));
#7674=CARTESIAN_POINT('',(-81.2500000000164,35.8577747643165,-18.7783351502877));
#7675=CARTESIAN_POINT('Ctrl Pts',(-80.2500000000164,35.8577747643165,-18.7783351502877));
#7676=CARTESIAN_POINT('Ctrl Pts',(-80.2500000000164,35.9565457477164,-18.7645289135005));
#7677=CARTESIAN_POINT('Ctrl Pts',(-80.2500000000164,36.2007682743448,-18.7303914176963));
#7678=CARTESIAN_POINT('Ctrl Pts',(-80.2500000000164,36.4475174999689,-18.7305125403059));
#7679=CARTESIAN_POINT('Ctrl Pts',(-80.2500000000164,36.5944738686256,-18.7305846772652));
#7680=CARTESIAN_POINT('Ctrl Pts',(-81.2500000000164,35.257502347248,-19.0443626008492));
#7681=CARTESIAN_POINT('Ctrl Pts',(-80.2500000000164,35.257502347248,-19.0443626008492));
#7682=CARTESIAN_POINT('Ctrl Pts',(-81.2500000000164,35.3544372568302,-18.9858817700996));
#7683=CARTESIAN_POINT('Ctrl Pts',(-80.2500000000164,35.3544372568302,-18.9858817700996));
#7684=CARTESIAN_POINT('Ctrl Pts',(-81.2500000000164,35.5433775043006,-18.871894119193));
#7685=CARTESIAN_POINT('Ctrl Pts',(-80.2500000000164,35.5433775043006,-18.871894119193));
#7686=CARTESIAN_POINT('Ctrl Pts',(-81.2500000000164,35.7548145198907,-18.8089742668825));
#7687=CARTESIAN_POINT('Ctrl Pts',(-80.2500000000164,35.7548145198907,-18.8089742668825));
#7688=CARTESIAN_POINT('Ctrl Pts',(-81.2500000000164,35.8577747643165,-18.7783351502877));
#7689=CARTESIAN_POINT('Ctrl Pts',(-80.2500000000164,35.8577747643165,-18.7783351502877));
#7690=CARTESIAN_POINT('',(-81.2500000000164,35.257502347248,-19.0443626008492));
#7691=CARTESIAN_POINT('Ctrl Pts',(-81.2500000000164,35.257502347248,-19.0443626008492));
#7692=CARTESIAN_POINT('Ctrl Pts',(-81.2500000000164,35.3544372568302,-18.9858817700996));
#7693=CARTESIAN_POINT('Ctrl Pts',(-81.2500000000164,35.5433775043006,-18.871894119193));
#7694=CARTESIAN_POINT('Ctrl Pts',(-81.2500000000164,35.7548145198907,-18.8089742668825));
#7695=CARTESIAN_POINT('Ctrl Pts',(-81.2500000000164,35.8577747643165,-18.7783351502877));
#7696=CARTESIAN_POINT('',(-80.2500000000164,35.257502347248,-19.0443626008492));
#7697=CARTESIAN_POINT('',(-81.2500000000164,35.257502347248,-19.0443626008492));
#7698=CARTESIAN_POINT('Ctrl Pts',(-80.2500000000164,35.257502347248,-19.0443626008492));
#7699=CARTESIAN_POINT('Ctrl Pts',(-80.2500000000164,35.3544372568302,-18.9858817700996));
#7700=CARTESIAN_POINT('Ctrl Pts',(-80.2500000000164,35.5433775043006,-18.871894119193));
#7701=CARTESIAN_POINT('Ctrl Pts',(-80.2500000000164,35.7548145198907,-18.8089742668825));
#7702=CARTESIAN_POINT('Ctrl Pts',(-80.2500000000164,35.8577747643165,-18.7783351502877));
#7703=CARTESIAN_POINT('Ctrl Pts',(-81.2500000000164,34.5821960270576,-19.7128501496773));
#7704=CARTESIAN_POINT('Ctrl Pts',(-80.2500000000164,34.5821960270576,-19.7128501496773));
#7705=CARTESIAN_POINT('Ctrl Pts',(-81.2500000000164,34.6952822232246,-19.571658438804));
#7706=CARTESIAN_POINT('Ctrl Pts',(-80.2500000000164,34.6952822232246,-19.571658438804));
#7707=CARTESIAN_POINT('Ctrl Pts',(-81.2500000000164,34.8948583103096,-19.322481349645));
#7708=CARTESIAN_POINT('Ctrl Pts',(-80.2500000000164,34.8948583103096,-19.322481349645));
#7709=CARTESIAN_POINT('Ctrl Pts',(-81.2500000000164,35.1478596577684,-19.128449706955));
#7710=CARTESIAN_POINT('Ctrl Pts',(-80.2500000000164,35.1478596577684,-19.128449706955));
#7711=CARTESIAN_POINT('Ctrl Pts',(-81.2500000000164,35.257502347248,-19.0443626008492));
#7712=CARTESIAN_POINT('Ctrl Pts',(-80.2500000000164,35.257502347248,-19.0443626008492));
#7713=CARTESIAN_POINT('',(-81.2500000000164,34.5821960270576,-19.7128501496773));
#7714=CARTESIAN_POINT('Ctrl Pts',(-81.2500000000164,34.5821960270576,-19.7128501496773));
#7715=CARTESIAN_POINT('Ctrl Pts',(-81.2500000000164,34.6952822232246,-19.571658438804));
#7716=CARTESIAN_POINT('Ctrl Pts',(-81.2500000000164,34.8948583103096,-19.322481349645));
#7717=CARTESIAN_POINT('Ctrl Pts',(-81.2500000000164,35.1478596577684,-19.128449706955));
#7718=CARTESIAN_POINT('Ctrl Pts',(-81.2500000000164,35.257502347248,-19.0443626008492));
#7719=CARTESIAN_POINT('',(-80.2500000000164,34.5821960270576,-19.7128501496773));
#7720=CARTESIAN_POINT('',(-81.2500000000164,34.5821960270576,-19.7128501496773));
#7721=CARTESIAN_POINT('Ctrl Pts',(-80.2500000000164,34.5821960270576,-19.7128501496773));
#7722=CARTESIAN_POINT('Ctrl Pts',(-80.2500000000164,34.6952822232246,-19.571658438804));
#7723=CARTESIAN_POINT('Ctrl Pts',(-80.2500000000164,34.8948583103096,-19.322481349645));
#7724=CARTESIAN_POINT('Ctrl Pts',(-80.2500000000164,35.1478596577684,-19.128449706955));
#7725=CARTESIAN_POINT('Ctrl Pts',(-80.2500000000164,35.257502347248,-19.0443626008492));
#7726=CARTESIAN_POINT('Ctrl Pts',(-81.2500000000164,33.6272163689308,-21.0907474122506));
#7727=CARTESIAN_POINT('Ctrl Pts',(-80.2500000000164,33.6272163689308,-21.0907474122506));
#7728=CARTESIAN_POINT('Ctrl Pts',(-81.2500000000164,33.8001496773739,-20.8235645454252));
#7729=CARTESIAN_POINT('Ctrl Pts',(-80.2500000000164,33.8001496773739,-20.8235645454252));
#7730=CARTESIAN_POINT('Ctrl Pts',(-81.2500000000164,34.1039765877484,-20.3541503784071));
#7731=CARTESIAN_POINT('Ctrl Pts',(-80.2500000000164,34.1039765877484,-20.3541503784071));
#7732=CARTESIAN_POINT('Ctrl Pts',(-81.2500000000164,34.438204972684,-19.9059445505203));
#7733=CARTESIAN_POINT('Ctrl Pts',(-80.2500000000164,34.438204972684,-19.9059445505203));
#7734=CARTESIAN_POINT('Ctrl Pts',(-81.2500000000164,34.5821960270576,-19.7128501496773));
#7735=CARTESIAN_POINT('Ctrl Pts',(-80.2500000000164,34.5821960270576,-19.7128501496773));
#7736=CARTESIAN_POINT('',(-81.2500000000164,33.6272163689308,-21.0907474122506));
#7737=CARTESIAN_POINT('Ctrl Pts',(-81.2500000000164,33.6272163689308,-21.0907474122506));
#7738=CARTESIAN_POINT('Ctrl Pts',(-81.2500000000164,33.8001496773739,-20.8235645454252));
#7739=CARTESIAN_POINT('Ctrl Pts',(-81.2500000000164,34.1039765877484,-20.3541503784071));
#7740=CARTESIAN_POINT('Ctrl Pts',(-81.2500000000164,34.438204972684,-19.9059445505203));
#7741=CARTESIAN_POINT('Ctrl Pts',(-81.2500000000164,34.5821960270576,-19.7128501496773));
#7742=CARTESIAN_POINT('',(-80.2500000000164,33.6272163689308,-21.0907474122506));
#7743=CARTESIAN_POINT('',(-81.2500000000164,33.6272163689308,-21.0907474122506));
#7744=CARTESIAN_POINT('Ctrl Pts',(-80.2500000000164,33.6272163689308,-21.0907474122506));
#7745=CARTESIAN_POINT('Ctrl Pts',(-80.2500000000164,33.8001496773739,-20.8235645454252));
#7746=CARTESIAN_POINT('Ctrl Pts',(-80.2500000000164,34.1039765877484,-20.3541503784071));
#7747=CARTESIAN_POINT('Ctrl Pts',(-80.2500000000164,34.438204972684,-19.9059445505203));
#7748=CARTESIAN_POINT('Ctrl Pts',(-80.2500000000164,34.5821960270576,-19.7128501496773));
#7749=CARTESIAN_POINT('Origin',(-81.2500000000164,32.3038871586494,-23.1712403855782));
#7750=CARTESIAN_POINT('',(-81.2500000000164,32.3038871586494,-23.1712403855782));
#7751=CARTESIAN_POINT('',(-81.2500000000164,33.6109403072997,-21.116336080281));
#7752=CARTESIAN_POINT('',(-80.2500000000164,32.3038871586494,-23.1712403855782));
#7753=CARTESIAN_POINT('',(-81.2500000000164,32.3038871586494,-23.1712403855782));
#7754=CARTESIAN_POINT('',(-80.2500000000164,32.3038871586494,-23.1712403855782));
#7755=CARTESIAN_POINT('Origin',(-81.2500000000164,30.6394954025917,-23.1712403855782));
#7756=CARTESIAN_POINT('',(-81.2500000000164,30.6394954025917,-23.1712403855782));
#7757=CARTESIAN_POINT('',(-81.2500000000164,25.9447477013044,-23.1712403855782));
#7758=CARTESIAN_POINT('',(-80.2500000000164,30.6394954025917,-23.1712403855782));
#7759=CARTESIAN_POINT('',(-81.2500000000164,30.6394954025917,-23.1712403855782));
#7760=CARTESIAN_POINT('',(-80.2500000000164,30.6394954025917,-23.1712403855782));
#7761=CARTESIAN_POINT('Origin',(-81.2500000000164,32.3789210617714,-20.4495492539864));
#7762=CARTESIAN_POINT('',(-81.2500000000164,32.3789210617714,-20.4495492539864));
#7763=CARTESIAN_POINT('',(-81.2500000000164,33.0526171379038,-19.3954124323745));
#7764=CARTESIAN_POINT('',(-80.2500000000164,32.3789210617714,-20.4495492539864));
#7765=CARTESIAN_POINT('',(-81.2500000000164,32.3789210617714,-20.4495492539864));
#7766=CARTESIAN_POINT('',(-80.2500000000164,32.3789210617714,-20.4495492539864));
#7767=CARTESIAN_POINT('Ctrl Pts',(-81.2500000000164,33.477147370594,-19.1193976960641));
#7768=CARTESIAN_POINT('Ctrl Pts',(-80.2500000000164,33.477147370594,-19.1193976960641));
#7769=CARTESIAN_POINT('Ctrl Pts',(-81.2500000000164,33.2826830700468,-19.3136785024374));
#7770=CARTESIAN_POINT('Ctrl Pts',(-80.2500000000164,33.2826830700468,-19.3136785024374));
#7771=CARTESIAN_POINT('Ctrl Pts',(-81.2500000000164,32.8741688691988,-19.7218072342016));
#7772=CARTESIAN_POINT('Ctrl Pts',(-80.2500000000164,32.8741688691988,-19.7218072342016));
#7773=CARTESIAN_POINT('Ctrl Pts',(-81.2500000000164,32.5491970921567,-20.1993370967287));
#7774=CARTESIAN_POINT('Ctrl Pts',(-80.2500000000164,32.5491970921567,-20.1993370967287));
#7775=CARTESIAN_POINT('Ctrl Pts',(-81.2500000000164,32.3789210617714,-20.4495492539864));
#7776=CARTESIAN_POINT('Ctrl Pts',(-80.2500000000164,32.3789210617714,-20.4495492539864));
#7777=CARTESIAN_POINT('',(-81.2500000000164,33.477147370594,-19.1193976960641));
#7778=CARTESIAN_POINT('Ctrl Pts',(-81.2500000000164,33.477147370594,-19.1193976960641));
#7779=CARTESIAN_POINT('Ctrl Pts',(-81.2500000000164,33.2826830700468,-19.3136785024374));
#7780=CARTESIAN_POINT('Ctrl Pts',(-81.2500000000164,32.8741688691988,-19.7218072342016));
#7781=CARTESIAN_POINT('Ctrl Pts',(-81.2500000000164,32.5491970921567,-20.1993370967287));
#7782=CARTESIAN_POINT('Ctrl Pts',(-81.2500000000164,32.3789210617714,-20.4495492539864));
#7783=CARTESIAN_POINT('',(-80.2500000000164,33.477147370594,-19.1193976960641));
#7784=CARTESIAN_POINT('',(-81.2500000000164,33.477147370594,-19.1193976960641));
#7785=CARTESIAN_POINT('Ctrl Pts',(-80.2500000000164,33.477147370594,-19.1193976960641));
#7786=CARTESIAN_POINT('Ctrl Pts',(-80.2500000000164,33.2826830700468,-19.3136785024374));
#7787=CARTESIAN_POINT('Ctrl Pts',(-80.2500000000164,32.8741688691988,-19.7218072342016));
#7788=CARTESIAN_POINT('Ctrl Pts',(-80.2500000000164,32.5491970921567,-20.1993370967287));
#7789=CARTESIAN_POINT('Ctrl Pts',(-80.2500000000164,32.3789210617714,-20.4495492539864));
#7790=CARTESIAN_POINT('Ctrl Pts',(-81.2500000000164,34.2752380669288,-18.6214461884957));
#7791=CARTESIAN_POINT('Ctrl Pts',(-80.2500000000164,34.2752380669288,-18.6214461884957));
#7792=CARTESIAN_POINT('Ctrl Pts',(-81.2500000000164,34.1175921494774,-18.6993386274346));
#7793=CARTESIAN_POINT('Ctrl Pts',(-80.2500000000164,34.1175921494774,-18.6993386274346));
#7794=CARTESIAN_POINT('Ctrl Pts',(-81.2500000000164,33.8348674902993,-18.8390321482537));
#7795=CARTESIAN_POINT('Ctrl Pts',(-80.2500000000164,33.8348674902993,-18.8390321482537));
#7796=CARTESIAN_POINT('Ctrl Pts',(-81.2500000000164,33.5868649020412,-19.0334058434561));
#7797=CARTESIAN_POINT('Ctrl Pts',(-80.2500000000164,33.5868649020412,-19.0334058434561));
#7798=CARTESIAN_POINT('Ctrl Pts',(-81.2500000000164,33.477147370594,-19.1193976960641));
#7799=CARTESIAN_POINT('Ctrl Pts',(-80.2500000000164,33.477147370594,-19.1193976960641));
#7800=CARTESIAN_POINT('',(-81.2500000000164,34.2752380669288,-18.6214461884957));
#7801=CARTESIAN_POINT('Ctrl Pts',(-81.2500000000164,34.2752380669288,-18.6214461884957));
#7802=CARTESIAN_POINT('Ctrl Pts',(-81.2500000000164,34.1175921494774,-18.6993386274346));
#7803=CARTESIAN_POINT('Ctrl Pts',(-81.2500000000164,33.8348674902993,-18.8390321482537));
#7804=CARTESIAN_POINT('Ctrl Pts',(-81.2500000000164,33.5868649020412,-19.0334058434561));
#7805=CARTESIAN_POINT('Ctrl Pts',(-81.2500000000164,33.477147370594,-19.1193976960641));
#7806=CARTESIAN_POINT('',(-80.2500000000164,34.2752380669288,-18.6214461884957));
#7807=CARTESIAN_POINT('',(-81.2500000000164,34.2752380669288,-18.6214461884957));
#7808=CARTESIAN_POINT('Ctrl Pts',(-80.2500000000164,34.2752380669288,-18.6214461884957));
#7809=CARTESIAN_POINT('Ctrl Pts',(-80.2500000000164,34.1175921494774,-18.6993386274346));
#7810=CARTESIAN_POINT('Ctrl Pts',(-80.2500000000164,33.8348674902993,-18.8390321482537));
#7811=CARTESIAN_POINT('Ctrl Pts',(-80.2500000000164,33.5868649020412,-19.0334058434561));
#7812=CARTESIAN_POINT('Ctrl Pts',(-80.2500000000164,33.477147370594,-19.1193976960641));
#7813=CARTESIAN_POINT('Ctrl Pts',(-81.2500000000164,32.1469981968574,-17.6937499604684));
#7814=CARTESIAN_POINT('Ctrl Pts',(-80.2500000000164,32.1469981968574,-17.6937499604684));
#7815=CARTESIAN_POINT('Ctrl Pts',(-81.2500000000164,32.428016191826,-17.9171598260115));
#7816=CARTESIAN_POINT('Ctrl Pts',(-80.2500000000164,32.428016191826,-17.9171598260115));
#7817=CARTESIAN_POINT('Ctrl Pts',(-81.2500000000164,33.0521249227548,-18.4133275097811));
#7818=CARTESIAN_POINT('Ctrl Pts',(-80.2500000000164,33.0521249227548,-18.4133275097811));
#7819=CARTESIAN_POINT('Ctrl Pts',(-81.2500000000164,33.8413681123195,-18.5476210954392));
#7820=CARTESIAN_POINT('Ctrl Pts',(-80.2500000000164,33.8413681123195,-18.5476210954392));
#7821=CARTESIAN_POINT('Ctrl Pts',(-81.2500000000164,34.2752380669288,-18.6214461884957));
#7822=CARTESIAN_POINT('Ctrl Pts',(-80.2500000000164,34.2752380669288,-18.6214461884957));
#7823=CARTESIAN_POINT('',(-81.2500000000164,32.1469981968574,-17.6937499604684));
#7824=CARTESIAN_POINT('Ctrl Pts',(-81.2500000000164,32.1469981968574,-17.6937499604684));
#7825=CARTESIAN_POINT('Ctrl Pts',(-81.2500000000164,32.428016191826,-17.9171598260115));
#7826=CARTESIAN_POINT('Ctrl Pts',(-81.2500000000164,33.0521249227548,-18.4133275097811));
#7827=CARTESIAN_POINT('Ctrl Pts',(-81.2500000000164,33.8413681123195,-18.5476210954392));
#7828=CARTESIAN_POINT('Ctrl Pts',(-81.2500000000164,34.2752380669288,-18.6214461884957));
#7829=CARTESIAN_POINT('',(-80.2500000000164,32.1469981968574,-17.6937499604684));
#7830=CARTESIAN_POINT('',(-81.2500000000164,32.1469981968574,-17.6937499604684));
#7831=CARTESIAN_POINT('Ctrl Pts',(-80.2500000000164,32.1469981968574,-17.6937499604684));
#7832=CARTESIAN_POINT('Ctrl Pts',(-80.2500000000164,32.428016191826,-17.9171598260115));
#7833=CARTESIAN_POINT('Ctrl Pts',(-80.2500000000164,33.0521249227548,-18.4133275097811));
#7834=CARTESIAN_POINT('Ctrl Pts',(-80.2500000000164,33.8413681123195,-18.5476210954392));
#7835=CARTESIAN_POINT('Ctrl Pts',(-80.2500000000164,34.2752380669288,-18.6214461884957));
#7836=CARTESIAN_POINT('Ctrl Pts',(-81.2500000000164,31.4580483734779,-15.8997550569039));
#7837=CARTESIAN_POINT('Ctrl Pts',(-80.2500000000164,31.4580483734779,-15.8997550569039));
#7838=CARTESIAN_POINT('Ctrl Pts',(-81.2500000000164,31.4848382751534,-16.2384814122601));
#7839=CARTESIAN_POINT('Ctrl Pts',(-80.2500000000164,31.4848382751534,-16.2384814122601));
#7840=CARTESIAN_POINT('Ctrl Pts',(-81.2500000000164,31.537559844744,-16.9050827806543));
#7841=CARTESIAN_POINT('Ctrl Pts',(-80.2500000000164,31.537559844744,-16.9050827806543));
#7842=CARTESIAN_POINT('Ctrl Pts',(-81.2500000000164,31.9460687314866,-17.4337294444539));
#7843=CARTESIAN_POINT('Ctrl Pts',(-80.2500000000164,31.9460687314866,-17.4337294444539));
#7844=CARTESIAN_POINT('Ctrl Pts',(-81.2500000000164,32.1469981968574,-17.6937499604684));
#7845=CARTESIAN_POINT('Ctrl Pts',(-80.2500000000164,32.1469981968574,-17.6937499604684));
#7846=CARTESIAN_POINT('',(-81.2500000000164,31.4580483734779,-15.8997550569039));
#7847=CARTESIAN_POINT('Ctrl Pts',(-81.2500000000164,31.4580483734779,-15.8997550569039));
#7848=CARTESIAN_POINT('Ctrl Pts',(-81.2500000000164,31.4848382751534,-16.2384814122601));
#7849=CARTESIAN_POINT('Ctrl Pts',(-81.2500000000164,31.537559844744,-16.9050827806543));
#7850=CARTESIAN_POINT('Ctrl Pts',(-81.2500000000164,31.9460687314866,-17.4337294444539));
#7851=CARTESIAN_POINT('Ctrl Pts',(-81.2500000000164,32.1469981968574,-17.6937499604684));
#7852=CARTESIAN_POINT('',(-80.2500000000164,31.4580483734779,-15.8997550569039));
#7853=CARTESIAN_POINT('',(-81.2500000000164,31.4580483734779,-15.8997550569039));
#7854=CARTESIAN_POINT('Ctrl Pts',(-80.2500000000164,31.4580483734779,-15.8997550569039));
#7855=CARTESIAN_POINT('Ctrl Pts',(-80.2500000000164,31.4848382751534,-16.2384814122601));
#7856=CARTESIAN_POINT('Ctrl Pts',(-80.2500000000164,31.537559844744,-16.9050827806543));
#7857=CARTESIAN_POINT('Ctrl Pts',(-80.2500000000164,31.9460687314866,-17.4337294444539));
#7858=CARTESIAN_POINT('Ctrl Pts',(-80.2500000000164,32.1469981968574,-17.6937499604684));
#7859=CARTESIAN_POINT('Ctrl Pts',(-81.2500000000164,31.8741460144691,-14.3922486863595));
#7860=CARTESIAN_POINT('Ctrl Pts',(-80.2500000000164,31.8741460144691,-14.3922486863595));
#7861=CARTESIAN_POINT('Ctrl Pts',(-81.2500000000164,31.7527867356834,-14.6267549123176));
#7862=CARTESIAN_POINT('Ctrl Pts',(-80.2500000000164,31.7527867356834,-14.6267549123176));
#7863=CARTESIAN_POINT('Ctrl Pts',(-81.2500000000164,31.5079666841168,-15.0998281450048));
#7864=CARTESIAN_POINT('Ctrl Pts',(-80.2500000000164,31.5079666841168,-15.0998281450048));
#7865=CARTESIAN_POINT('Ctrl Pts',(-81.2500000000164,31.474782758762,-15.6315912314149));
#7866=CARTESIAN_POINT('Ctrl Pts',(-80.2500000000164,31.474782758762,-15.6315912314149));
#7867=CARTESIAN_POINT('Ctrl Pts',(-81.2500000000164,31.4580483734779,-15.8997550569039));
#7868=CARTESIAN_POINT('Ctrl Pts',(-80.2500000000164,31.4580483734779,-15.8997550569039));
#7869=CARTESIAN_POINT('',(-81.2500000000164,31.8741460144691,-14.3922486863595));
#7870=CARTESIAN_POINT('Ctrl Pts',(-81.2500000000164,31.8741460144691,-14.3922486863595));
#7871=CARTESIAN_POINT('Ctrl Pts',(-81.2500000000164,31.7527867356834,-14.6267549123176));
#7872=CARTESIAN_POINT('Ctrl Pts',(-81.2500000000164,31.5079666841168,-15.0998281450048));
#7873=CARTESIAN_POINT('Ctrl Pts',(-81.2500000000164,31.474782758762,-15.6315912314149));
#7874=CARTESIAN_POINT('Ctrl Pts',(-81.2500000000164,31.4580483734779,-15.8997550569039));
#7875=CARTESIAN_POINT('',(-80.2500000000164,31.8741460144691,-14.3922486863595));
#7876=CARTESIAN_POINT('',(-81.2500000000164,31.8741460144691,-14.3922486863595));
#7877=CARTESIAN_POINT('Ctrl Pts',(-80.2500000000164,31.8741460144691,-14.3922486863595));
#7878=CARTESIAN_POINT('Ctrl Pts',(-80.2500000000164,31.7527867356834,-14.6267549123176));
#7879=CARTESIAN_POINT('Ctrl Pts',(-80.2500000000164,31.5079666841168,-15.0998281450048));
#7880=CARTESIAN_POINT('Ctrl Pts',(-80.2500000000164,31.474782758762,-15.6315912314149));
#7881=CARTESIAN_POINT('Ctrl Pts',(-80.2500000000164,31.4580483734779,-15.8997550569039));
#7882=CARTESIAN_POINT('Ctrl Pts',(-81.2500000000164,32.9860158264808,-13.4440913758736));
#7883=CARTESIAN_POINT('Ctrl Pts',(-80.2500000000164,32.9860158264808,-13.4440913758736));
#7884=CARTESIAN_POINT('Ctrl Pts',(-81.2500000000164,32.7644839198256,-13.5522007334766));
#7885=CARTESIAN_POINT('Ctrl Pts',(-80.2500000000164,32.7644839198256,-13.5522007334766));
#7886=CARTESIAN_POINT('Ctrl Pts',(-81.2500000000164,32.3128337202204,-13.7726096744628));
#7887=CARTESIAN_POINT('Ctrl Pts',(-80.2500000000164,32.3128337202204,-13.7726096744628));
#7888=CARTESIAN_POINT('Ctrl Pts',(-81.2500000000164,32.0222169022968,-14.1831010457455));
#7889=CARTESIAN_POINT('Ctrl Pts',(-80.2500000000164,32.0222169022968,-14.1831010457455));
#7890=CARTESIAN_POINT('Ctrl Pts',(-81.2500000000164,31.8741460144691,-14.3922486863595));
#7891=CARTESIAN_POINT('Ctrl Pts',(-80.2500000000164,31.8741460144691,-14.3922486863595));
#7892=CARTESIAN_POINT('',(-81.2500000000164,32.9860158264808,-13.4440913758736));
#7893=CARTESIAN_POINT('Ctrl Pts',(-81.2500000000164,32.9860158264808,-13.4440913758736));
#7894=CARTESIAN_POINT('Ctrl Pts',(-81.2500000000164,32.7644839198256,-13.5522007334766));
#7895=CARTESIAN_POINT('Ctrl Pts',(-81.2500000000164,32.3128337202204,-13.7726096744628));
#7896=CARTESIAN_POINT('Ctrl Pts',(-81.2500000000164,32.0222169022968,-14.1831010457455));
#7897=CARTESIAN_POINT('Ctrl Pts',(-81.2500000000164,31.8741460144691,-14.3922486863595));
#7898=CARTESIAN_POINT('',(-80.2500000000164,32.9860158264808,-13.4440913758736));
#7899=CARTESIAN_POINT('',(-81.2500000000164,32.9860158264808,-13.4440913758736));
#7900=CARTESIAN_POINT('Ctrl Pts',(-80.2500000000164,32.9860158264808,-13.4440913758736));
#7901=CARTESIAN_POINT('Ctrl Pts',(-80.2500000000164,32.7644839198256,-13.5522007334766));
#7902=CARTESIAN_POINT('Ctrl Pts',(-80.2500000000164,32.3128337202204,-13.7726096744628));
#7903=CARTESIAN_POINT('Ctrl Pts',(-80.2500000000164,32.0222169022968,-14.1831010457455));
#7904=CARTESIAN_POINT('Ctrl Pts',(-80.2500000000164,31.8741460144691,-14.3922486863595));
#7905=CARTESIAN_POINT('Ctrl Pts',(-81.2500000000164,35.0187571346931,-13.1712403855782));
#7906=CARTESIAN_POINT('Ctrl Pts',(-80.2500000000164,35.0187571346931,-13.1712403855782));
#7907=CARTESIAN_POINT('Ctrl Pts',(-81.2500000000164,34.6236403864104,-13.1743397812992));
#7908=CARTESIAN_POINT('Ctrl Pts',(-80.2500000000164,34.6236403864104,-13.1743397812992));
#7909=CARTESIAN_POINT('Ctrl Pts',(-81.2500000000164,33.9334582424667,-13.1797537446225));
#7910=CARTESIAN_POINT('Ctrl Pts',(-80.2500000000164,33.9334582424667,-13.1797537446225));
#7911=CARTESIAN_POINT('Ctrl Pts',(-81.2500000000164,33.2697592108602,-13.3649266130928));
#7912=CARTESIAN_POINT('Ctrl Pts',(-80.2500000000164,33.2697592108602,-13.3649266130928));
#7913=CARTESIAN_POINT('Ctrl Pts',(-81.2500000000164,32.9860158264808,-13.4440913758736));
#7914=CARTESIAN_POINT('Ctrl Pts',(-80.2500000000164,32.9860158264808,-13.4440913758736));
#7915=CARTESIAN_POINT('',(-81.2500000000164,35.0187571346931,-13.1712403855782));
#7916=CARTESIAN_POINT('Ctrl Pts',(-81.2500000000164,35.0187571346931,-13.1712403855782));
#7917=CARTESIAN_POINT('Ctrl Pts',(-81.2500000000164,34.6236403864104,-13.1743397812992));
#7918=CARTESIAN_POINT('Ctrl Pts',(-81.2500000000164,33.9334582424667,-13.1797537446225));
#7919=CARTESIAN_POINT('Ctrl Pts',(-81.2500000000164,33.2697592108602,-13.3649266130928));
#7920=CARTESIAN_POINT('Ctrl Pts',(-81.2500000000164,32.9860158264808,-13.4440913758736));
#7921=CARTESIAN_POINT('',(-80.2500000000164,35.0187571346931,-13.1712403855782));
#7922=CARTESIAN_POINT('',(-81.2500000000164,35.0187571346931,-13.1712403855782));
#7923=CARTESIAN_POINT('Ctrl Pts',(-80.2500000000164,35.0187571346931,-13.1712403855782));
#7924=CARTESIAN_POINT('Ctrl Pts',(-80.2500000000164,34.6236403864104,-13.1743397812992));
#7925=CARTESIAN_POINT('Ctrl Pts',(-80.2500000000164,33.9334582424667,-13.1797537446225));
#7926=CARTESIAN_POINT('Ctrl Pts',(-80.2500000000164,33.2697592108602,-13.3649266130928));
#7927=CARTESIAN_POINT('Ctrl Pts',(-80.2500000000164,32.9860158264808,-13.4440913758736));
#7928=CARTESIAN_POINT('Origin',(-81.2500000000164,39.452591687458,-13.1712403855782));
#7929=CARTESIAN_POINT('',(-81.2500000000164,39.452591687458,-13.1712403855782));
#7930=CARTESIAN_POINT('',(-81.2500000000164,30.3512958437376,-13.1712403855782));
#7931=CARTESIAN_POINT('',(-80.2500000000164,39.452591687458,-13.1712403855782));
#7932=CARTESIAN_POINT('',(-81.2500000000164,39.452591687458,-13.1712403855782));
#7933=CARTESIAN_POINT('',(-80.2500000000164,39.452591687458,-13.1712403855782));
#7934=CARTESIAN_POINT('Origin',(-81.2500000000164,39.452591687458,-23.1712403855782));
#7935=CARTESIAN_POINT('',(-81.2500000000164,39.452591687458,-23.1712403855782));
#7936=CARTESIAN_POINT('',(-81.2500000000164,39.452591687458,-16.7694684825402));
#7937=CARTESIAN_POINT('',(-80.2500000000164,39.452591687458,-23.1712403855782));
#7938=CARTESIAN_POINT('',(-81.2500000000164,39.452591687458,-23.1712403855782));
#7939=CARTESIAN_POINT('',(-80.2500000000164,39.452591687458,-23.1712403855782));
#7940=CARTESIAN_POINT('Origin',(-81.2500000000164,38.1292624771766,-23.1712403855782));
#7941=CARTESIAN_POINT('',(-81.2500000000164,29.6896312385969,-23.1712403855782));
#7942=CARTESIAN_POINT('',(-80.2500000000164,38.1292624771766,-23.1712403855782));
#7943=CARTESIAN_POINT('Origin',(-80.2500000000164,21.2499997764997,-10.3676930032235));
#7944=CARTESIAN_POINT('Origin',(-81.2500000000164,16.6422243416481,-14.3513217530709));
#7945=CARTESIAN_POINT('',(-81.2500000000164,16.6422243416481,-14.3513217530709));
#7946=CARTESIAN_POINT('',(-81.2500000000164,18.7431783974342,-14.3513217530709));
#7947=CARTESIAN_POINT('',(-81.2500000000164,18.9461121708326,-14.3513217530709));
#7948=CARTESIAN_POINT('',(-80.2500000000164,16.6422243416481,-14.3513217530709));
#7949=CARTESIAN_POINT('',(-81.2500000000164,16.6422243416481,-14.3513217530709));
#7950=CARTESIAN_POINT('',(-80.2500000000164,18.7431783974342,-14.3513217530709));
#7951=CARTESIAN_POINT('',(-80.2500000000164,16.6422243416481,-14.3513217530709));
#7952=CARTESIAN_POINT('',(-81.2500000000164,18.7431783974342,-14.3513217530709));
#7953=CARTESIAN_POINT('Ctrl Pts',(-81.2500000000164,14.9300833046608,-14.5559611878853));
#7954=CARTESIAN_POINT('Ctrl Pts',(-80.2500000000164,14.9300833046608,-14.5559611878853));
#7955=CARTESIAN_POINT('Ctrl Pts',(-81.2500000000164,15.1603515794337,-14.4967348855537));
#7956=CARTESIAN_POINT('Ctrl Pts',(-80.2500000000164,15.1603515794337,-14.4967348855537));
#7957=CARTESIAN_POINT('Ctrl Pts',(-81.2500000000164,15.7208333941925,-14.3525757935337));
#7958=CARTESIAN_POINT('Ctrl Pts',(-80.2500000000164,15.7208333941925,-14.3525757935337));
#7959=CARTESIAN_POINT('Ctrl Pts',(-81.2500000000164,16.3006308160397,-14.3517866720113));
#7960=CARTESIAN_POINT('Ctrl Pts',(-80.2500000000164,16.3006308160397,-14.3517866720113));
#7961=CARTESIAN_POINT('Ctrl Pts',(-81.2500000000164,16.6422243416481,-14.3513217530709));
#7962=CARTESIAN_POINT('Ctrl Pts',(-80.2500000000164,16.6422243416481,-14.3513217530709));
#7963=CARTESIAN_POINT('',(-81.2500000000164,14.9300833046608,-14.5559611878853));
#7964=CARTESIAN_POINT('Ctrl Pts',(-81.2500000000164,14.9300833046608,-14.5559611878853));
#7965=CARTESIAN_POINT('Ctrl Pts',(-81.2500000000164,15.1603515794337,-14.4967348855537));
#7966=CARTESIAN_POINT('Ctrl Pts',(-81.2500000000164,15.7208333941925,-14.3525757935337));
#7967=CARTESIAN_POINT('Ctrl Pts',(-81.2500000000164,16.3006308160397,-14.3517866720113));
#7968=CARTESIAN_POINT('Ctrl Pts',(-81.2500000000164,16.6422243416481,-14.3513217530709));
#7969=CARTESIAN_POINT('',(-80.2500000000164,14.9300833046608,-14.5559611878853));
#7970=CARTESIAN_POINT('',(-81.2500000000164,14.9300833046608,-14.5559611878853));
#7971=CARTESIAN_POINT('Ctrl Pts',(-80.2500000000164,14.9300833046608,-14.5559611878853));
#7972=CARTESIAN_POINT('Ctrl Pts',(-80.2500000000164,15.1603515794337,-14.4967348855537));
#7973=CARTESIAN_POINT('Ctrl Pts',(-80.2500000000164,15.7208333941925,-14.3525757935337));
#7974=CARTESIAN_POINT('Ctrl Pts',(-80.2500000000164,16.3006308160397,-14.3517866720113));
#7975=CARTESIAN_POINT('Ctrl Pts',(-80.2500000000164,16.6422243416481,-14.3513217530709));
#7976=CARTESIAN_POINT('Ctrl Pts',(-81.2500000000164,13.6817879975013,-15.6882920823556));
#7977=CARTESIAN_POINT('Ctrl Pts',(-80.2500000000164,13.6817879975013,-15.6882920823556));
#7978=CARTESIAN_POINT('Ctrl Pts',(-81.2500000000164,13.8534147497526,-15.433083504612));
#7979=CARTESIAN_POINT('Ctrl Pts',(-80.2500000000164,13.8534147497526,-15.433083504612));
#7980=CARTESIAN_POINT('Ctrl Pts',(-81.2500000000164,14.1771402480207,-14.9517044485581));
#7981=CARTESIAN_POINT('Ctrl Pts',(-80.2500000000164,14.1771402480207,-14.9517044485581));
#7982=CARTESIAN_POINT('Ctrl Pts',(-81.2500000000164,14.6894026413433,-14.6824617906098));
#7983=CARTESIAN_POINT('Ctrl Pts',(-80.2500000000164,14.6894026413433,-14.6824617906098));
#7984=CARTESIAN_POINT('Ctrl Pts',(-81.2500000000164,14.9300833046608,-14.5559611878853));
#7985=CARTESIAN_POINT('Ctrl Pts',(-80.2500000000164,14.9300833046608,-14.5559611878853));
#7986=CARTESIAN_POINT('',(-81.2500000000164,13.6817879975013,-15.6882920823556));
#7987=CARTESIAN_POINT('Ctrl Pts',(-81.2500000000164,13.6817879975013,-15.6882920823556));
#7988=CARTESIAN_POINT('Ctrl Pts',(-81.2500000000164,13.8534147497526,-15.433083504612));
#7989=CARTESIAN_POINT('Ctrl Pts',(-81.2500000000164,14.1771402480207,-14.9517044485581));
#7990=CARTESIAN_POINT('Ctrl Pts',(-81.2500000000164,14.6894026413433,-14.6824617906098));
#7991=CARTESIAN_POINT('Ctrl Pts',(-81.2500000000164,14.9300833046608,-14.5559611878853));
#7992=CARTESIAN_POINT('',(-80.2500000000164,13.6817879975013,-15.6882920823556));
#7993=CARTESIAN_POINT('',(-81.2500000000164,13.6817879975013,-15.6882920823556));
#7994=CARTESIAN_POINT('Ctrl Pts',(-80.2500000000164,13.6817879975013,-15.6882920823556));
#7995=CARTESIAN_POINT('Ctrl Pts',(-80.2500000000164,13.8534147497526,-15.433083504612));
#7996=CARTESIAN_POINT('Ctrl Pts',(-80.2500000000164,14.1771402480207,-14.9517044485581));
#7997=CARTESIAN_POINT('Ctrl Pts',(-80.2500000000164,14.6894026413433,-14.6824617906098));
#7998=CARTESIAN_POINT('Ctrl Pts',(-80.2500000000164,14.9300833046608,-14.5559611878853));
#7999=CARTESIAN_POINT('Ctrl Pts',(-81.2500000000164,13.1633706391029,-18.0962052903634));
#8000=CARTESIAN_POINT('Ctrl Pts',(-80.2500000000164,13.1633706391029,-18.0962052903634));
#8001=CARTESIAN_POINT('Ctrl Pts',(-81.2500000000164,13.1724208422102,-17.6261235958438));
#8002=CARTESIAN_POINT('Ctrl Pts',(-80.2500000000164,13.1724208422102,-17.6261235958438));
#8003=CARTESIAN_POINT('Ctrl Pts',(-81.2500000000164,13.1885747948989,-16.7870620451744));
#8004=CARTESIAN_POINT('Ctrl Pts',(-80.2500000000164,13.1885747948989,-16.7870620451744));
#8005=CARTESIAN_POINT('Ctrl Pts',(-81.2500000000164,13.5311427170332,-16.0238964586079));
#8006=CARTESIAN_POINT('Ctrl Pts',(-80.2500000000164,13.5311427170332,-16.0238964586079));
#8007=CARTESIAN_POINT('Ctrl Pts',(-81.2500000000164,13.6817879975013,-15.6882920823556));
#8008=CARTESIAN_POINT('Ctrl Pts',(-80.2500000000164,13.6817879975013,-15.6882920823556));
#8009=CARTESIAN_POINT('',(-81.2500000000164,13.1633706391029,-18.0962052903634));
#8010=CARTESIAN_POINT('Ctrl Pts',(-81.2500000000164,13.1633706391029,-18.0962052903634));
#8011=CARTESIAN_POINT('Ctrl Pts',(-81.2500000000164,13.1724208422102,-17.6261235958438));
#8012=CARTESIAN_POINT('Ctrl Pts',(-81.2500000000164,13.1885747948989,-16.7870620451744));
#8013=CARTESIAN_POINT('Ctrl Pts',(-81.2500000000164,13.5311427170332,-16.0238964586079));
#8014=CARTESIAN_POINT('Ctrl Pts',(-81.2500000000164,13.6817879975013,-15.6882920823556));
#8015=CARTESIAN_POINT('',(-80.2500000000164,13.1633706391029,-18.0962052903634));
#8016=CARTESIAN_POINT('',(-81.2500000000164,13.1633706391029,-18.0962052903634));
#8017=CARTESIAN_POINT('Ctrl Pts',(-80.2500000000164,13.1633706391029,-18.0962052903634));
#8018=CARTESIAN_POINT('Ctrl Pts',(-80.2500000000164,13.1724208422102,-17.6261235958438));
#8019=CARTESIAN_POINT('Ctrl Pts',(-80.2500000000164,13.1885747948989,-16.7870620451744));
#8020=CARTESIAN_POINT('Ctrl Pts',(-80.2500000000164,13.5311427170332,-16.0238964586079));
#8021=CARTESIAN_POINT('Ctrl Pts',(-80.2500000000164,13.6817879975013,-15.6882920823556));
#8022=CARTESIAN_POINT('Ctrl Pts',(-81.2500000000164,13.4294004738502,-20.0266280732613));
#8023=CARTESIAN_POINT('Ctrl Pts',(-80.2500000000164,13.4294004738502,-20.0266280732613));
#8024=CARTESIAN_POINT('Ctrl Pts',(-81.2500000000164,13.3519246553156,-19.7343239792125));
#8025=CARTESIAN_POINT('Ctrl Pts',(-80.2500000000164,13.3519246553156,-19.7343239792125));
#8026=CARTESIAN_POINT('Ctrl Pts',(-81.2500000000164,13.1843791061735,-19.1022009390158));
#8027=CARTESIAN_POINT('Ctrl Pts',(-80.2500000000164,13.1843791061735,-19.1022009390158));
#8028=CARTESIAN_POINT('Ctrl Pts',(-81.2500000000164,13.1707158050083,-18.4479303788536));
#8029=CARTESIAN_POINT('Ctrl Pts',(-80.2500000000164,13.1707158050083,-18.4479303788536));
#8030=CARTESIAN_POINT('Ctrl Pts',(-81.2500000000164,13.1633706391029,-18.0962052903634));
#8031=CARTESIAN_POINT('Ctrl Pts',(-80.2500000000164,13.1633706391029,-18.0962052903634));
#8032=CARTESIAN_POINT('',(-81.2500000000164,13.4294004738502,-20.0266280732613));
#8033=CARTESIAN_POINT('Ctrl Pts',(-81.2500000000164,13.4294004738502,-20.0266280732613));
#8034=CARTESIAN_POINT('Ctrl Pts',(-81.2500000000164,13.3519246553156,-19.7343239792125));
#8035=CARTESIAN_POINT('Ctrl Pts',(-81.2500000000164,13.1843791061735,-19.1022009390158));
#8036=CARTESIAN_POINT('Ctrl Pts',(-81.2500000000164,13.1707158050083,-18.4479303788536));
#8037=CARTESIAN_POINT('Ctrl Pts',(-81.2500000000164,13.1633706391029,-18.0962052903634));
#8038=CARTESIAN_POINT('',(-80.2500000000164,13.4294004738502,-20.0266280732613));
#8039=CARTESIAN_POINT('',(-81.2500000000164,13.4294004738502,-20.0266280732613));
#8040=CARTESIAN_POINT('Ctrl Pts',(-80.2500000000164,13.4294004738502,-20.0266280732613));
#8041=CARTESIAN_POINT('Ctrl Pts',(-80.2500000000164,13.3519246553156,-19.7343239792125));
#8042=CARTESIAN_POINT('Ctrl Pts',(-80.2500000000164,13.1843791061735,-19.1022009390158));
#8043=CARTESIAN_POINT('Ctrl Pts',(-80.2500000000164,13.1707158050083,-18.4479303788536));
#8044=CARTESIAN_POINT('Ctrl Pts',(-80.2500000000164,13.1633706391029,-18.0962052903634));
#8045=CARTESIAN_POINT('Ctrl Pts',(-81.2500000000164,14.1592784226112,-21.2885680757027));
#8046=CARTESIAN_POINT('Ctrl Pts',(-80.2500000000164,14.1592784226112,-21.2885680757027));
#8047=CARTESIAN_POINT('Ctrl Pts',(-81.2500000000164,14.0090223708064,-21.1114165089015));
#8048=CARTESIAN_POINT('Ctrl Pts',(-80.2500000000164,14.0090223708064,-21.1114165089015));
#8049=CARTESIAN_POINT('Ctrl Pts',(-81.2500000000164,13.6899869622003,-20.7352744379448));
#8050=CARTESIAN_POINT('Ctrl Pts',(-80.2500000000164,13.6899869622003,-20.7352744379448));
#8051=CARTESIAN_POINT('Ctrl Pts',(-81.2500000000164,13.5195609671639,-20.2718131027283));
#8052=CARTESIAN_POINT('Ctrl Pts',(-80.2500000000164,13.5195609671639,-20.2718131027283));
#8053=CARTESIAN_POINT('Ctrl Pts',(-81.2500000000164,13.4294004738502,-20.0266280732613));
#8054=CARTESIAN_POINT('Ctrl Pts',(-80.2500000000164,13.4294004738502,-20.0266280732613));
#8055=CARTESIAN_POINT('',(-81.2500000000164,14.1592784226112,-21.2885680757027));
#8056=CARTESIAN_POINT('Ctrl Pts',(-81.2500000000164,14.1592784226112,-21.2885680757027));
#8057=CARTESIAN_POINT('Ctrl Pts',(-81.2500000000164,14.0090223708064,-21.1114165089015));
#8058=CARTESIAN_POINT('Ctrl Pts',(-81.2500000000164,13.6899869622003,-20.7352744379448));
#8059=CARTESIAN_POINT('Ctrl Pts',(-81.2500000000164,13.5195609671639,-20.2718131027283));
#8060=CARTESIAN_POINT('Ctrl Pts',(-81.2500000000164,13.4294004738502,-20.0266280732613));
#8061=CARTESIAN_POINT('',(-80.2500000000164,14.1592784226112,-21.2885680757027));
#8062=CARTESIAN_POINT('',(-81.2500000000164,14.1592784226112,-21.2885680757027));
#8063=CARTESIAN_POINT('Ctrl Pts',(-80.2500000000164,14.1592784226112,-21.2885680757027));
#8064=CARTESIAN_POINT('Ctrl Pts',(-80.2500000000164,14.0090223708064,-21.1114165089015));
#8065=CARTESIAN_POINT('Ctrl Pts',(-80.2500000000164,13.6899869622003,-20.7352744379448));
#8066=CARTESIAN_POINT('Ctrl Pts',(-80.2500000000164,13.5195609671639,-20.2718131027283));
#8067=CARTESIAN_POINT('Ctrl Pts',(-80.2500000000164,13.4294004738502,-20.0266280732613));
#8068=CARTESIAN_POINT('Ctrl Pts',(-81.2500000000164,15.0596876442604,-21.8069854341012));
#8069=CARTESIAN_POINT('Ctrl Pts',(-80.2500000000164,15.0596876442604,-21.8069854341012));
#8070=CARTESIAN_POINT('Ctrl Pts',(-81.2500000000164,14.8844609248373,-21.743050146988));
#8071=CARTESIAN_POINT('Ctrl Pts',(-80.2500000000164,14.8844609248373,-21.743050146988));
#8072=CARTESIAN_POINT('Ctrl Pts',(-81.2500000000164,14.5537994440532,-21.622401099966));
#8073=CARTESIAN_POINT('Ctrl Pts',(-80.2500000000164,14.5537994440532,-21.622401099966));
#8074=CARTESIAN_POINT('Ctrl Pts',(-81.2500000000164,14.2854309732854,-21.3953149541229));
#8075=CARTESIAN_POINT('Ctrl Pts',(-80.2500000000164,14.2854309732854,-21.3953149541229));
#8076=CARTESIAN_POINT('Ctrl Pts',(-81.2500000000164,14.1592784226112,-21.2885680757027));
#8077=CARTESIAN_POINT('Ctrl Pts',(-80.2500000000164,14.1592784226112,-21.2885680757027));
#8078=CARTESIAN_POINT('',(-81.2500000000164,15.0596876442604,-21.8069854341012));
#8079=CARTESIAN_POINT('Ctrl Pts',(-81.2500000000164,15.0596876442604,-21.8069854341012));
#8080=CARTESIAN_POINT('Ctrl Pts',(-81.2500000000164,14.8844609248373,-21.743050146988));
#8081=CARTESIAN_POINT('Ctrl Pts',(-81.2500000000164,14.5537994440532,-21.622401099966));
#8082=CARTESIAN_POINT('Ctrl Pts',(-81.2500000000164,14.2854309732854,-21.3953149541229));
#8083=CARTESIAN_POINT('Ctrl Pts',(-81.2500000000164,14.1592784226112,-21.2885680757027));
#8084=CARTESIAN_POINT('',(-80.2500000000164,15.0596876442604,-21.8069854341012));
#8085=CARTESIAN_POINT('',(-81.2500000000164,15.0596876442604,-21.8069854341012));
#8086=CARTESIAN_POINT('Ctrl Pts',(-80.2500000000164,15.0596876442604,-21.8069854341012));
#8087=CARTESIAN_POINT('Ctrl Pts',(-80.2500000000164,14.8844609248373,-21.743050146988));
#8088=CARTESIAN_POINT('Ctrl Pts',(-80.2500000000164,14.5537994440532,-21.622401099966));
#8089=CARTESIAN_POINT('Ctrl Pts',(-80.2500000000164,14.2854309732854,-21.3953149541229));
#8090=CARTESIAN_POINT('Ctrl Pts',(-80.2500000000164,14.1592784226112,-21.2885680757027));
#8091=CARTESIAN_POINT('Ctrl Pts',(-81.2500000000164,16.6081185639076,-21.9911590180855));
#8092=CARTESIAN_POINT('Ctrl Pts',(-80.2500000000164,16.6081185639076,-21.9911590180855));
#8093=CARTESIAN_POINT('Ctrl Pts',(-81.2500000000164,16.3126210336639,-21.988329914437));
#8094=CARTESIAN_POINT('Ctrl Pts',(-80.2500000000164,16.3126210336639,-21.988329914437));
#8095=CARTESIAN_POINT('Ctrl Pts',(-81.2500000000164,15.7892082621687,-21.9833187423289));
#8096=CARTESIAN_POINT('Ctrl Pts',(-80.2500000000164,15.7892082621687,-21.9833187423289));
#8097=CARTESIAN_POINT('Ctrl Pts',(-81.2500000000164,15.2809876155215,-21.8604761170034));
#8098=CARTESIAN_POINT('Ctrl Pts',(-80.2500000000164,15.2809876155215,-21.8604761170034));
#8099=CARTESIAN_POINT('Ctrl Pts',(-81.2500000000164,15.0596876442604,-21.8069854341012));
#8100=CARTESIAN_POINT('Ctrl Pts',(-80.2500000000164,15.0596876442604,-21.8069854341012));
#8101=CARTESIAN_POINT('',(-81.2500000000164,16.6081185639076,-21.9911590180855));
#8102=CARTESIAN_POINT('Ctrl Pts',(-81.2500000000164,16.6081185639076,-21.9911590180855));
#8103=CARTESIAN_POINT('Ctrl Pts',(-81.2500000000164,16.3126210336639,-21.988329914437));
#8104=CARTESIAN_POINT('Ctrl Pts',(-81.2500000000164,15.7892082621687,-21.9833187423289));
#8105=CARTESIAN_POINT('Ctrl Pts',(-81.2500000000164,15.2809876155215,-21.8604761170034));
#8106=CARTESIAN_POINT('Ctrl Pts',(-81.2500000000164,15.0596876442604,-21.8069854341012));
#8107=CARTESIAN_POINT('',(-80.2500000000164,16.6081185639076,-21.9911590180855));
#8108=CARTESIAN_POINT('',(-81.2500000000164,16.6081185639076,-21.9911590180855));
#8109=CARTESIAN_POINT('Ctrl Pts',(-80.2500000000164,16.6081185639076,-21.9911590180855));
#8110=CARTESIAN_POINT('Ctrl Pts',(-80.2500000000164,16.3126210336639,-21.988329914437));
#8111=CARTESIAN_POINT('Ctrl Pts',(-80.2500000000164,15.7892082621687,-21.9833187423289));
#8112=CARTESIAN_POINT('Ctrl Pts',(-80.2500000000164,15.2809876155215,-21.8604761170034));
#8113=CARTESIAN_POINT('Ctrl Pts',(-80.2500000000164,15.0596876442604,-21.8069854341012));
#8114=CARTESIAN_POINT('Origin',(-81.2500000000164,18.7431783974342,-21.9911590180855));
#8115=CARTESIAN_POINT('',(-81.2500000000164,18.7431783974342,-21.9911590180855));
#8116=CARTESIAN_POINT('',(-81.2500000000164,19.9965891987257,-21.9911590180855));
#8117=CARTESIAN_POINT('',(-80.2500000000164,18.7431783974342,-21.9911590180855));
#8118=CARTESIAN_POINT('',(-81.2500000000164,18.7431783974342,-21.9911590180855));
#8119=CARTESIAN_POINT('',(-80.2500000000164,18.7431783974342,-21.9911590180855));
#8120=CARTESIAN_POINT('Origin',(-81.2500000000164,18.7431783974342,-14.3513217530709));
#8121=CARTESIAN_POINT('',(-81.2500000000164,18.7431783974342,-12.3595091662865));
#8122=CARTESIAN_POINT('',(-80.2500000000164,18.7431783974342,-14.3513217530709));
#8123=CARTESIAN_POINT('Ctrl Pts',(-81.2500000000164,14.8550482094459,-23.00070911269));
#8124=CARTESIAN_POINT('Ctrl Pts',(-80.2500000000164,14.8550482094459,-23.00070911269));
#8125=CARTESIAN_POINT('Ctrl Pts',(-81.2500000000164,15.1038175169818,-23.0504017738475));
#8126=CARTESIAN_POINT('Ctrl Pts',(-80.2500000000164,15.1038175169818,-23.0504017738475));
#8127=CARTESIAN_POINT('Ctrl Pts',(-81.2500000000164,15.6327828689325,-23.1560647121693));
#8128=CARTESIAN_POINT('Ctrl Pts',(-80.2500000000164,15.6327828689325,-23.1560647121693));
#8129=CARTESIAN_POINT('Ctrl Pts',(-81.2500000000164,16.1722773643163,-23.1659853602154));
#8130=CARTESIAN_POINT('Ctrl Pts',(-80.2500000000164,16.1722773643163,-23.1659853602154));
#8131=CARTESIAN_POINT('Ctrl Pts',(-81.2500000000164,16.4580507576637,-23.1712403855782));
#8132=CARTESIAN_POINT('Ctrl Pts',(-80.2500000000164,16.4580507576637,-23.1712403855782));
#8133=CARTESIAN_POINT('',(-81.2500000000164,14.8550482094459,-23.00070911269));
#8134=CARTESIAN_POINT('',(-81.2500000000164,16.4580507576637,-23.1712403855782));
#8135=CARTESIAN_POINT('Ctrl Pts',(-81.2500000000164,14.8550482094459,-23.00070911269));
#8136=CARTESIAN_POINT('Ctrl Pts',(-81.2500000000164,15.1038175169818,-23.0504017738475));
#8137=CARTESIAN_POINT('Ctrl Pts',(-81.2500000000164,15.6327828689325,-23.1560647121693));
#8138=CARTESIAN_POINT('Ctrl Pts',(-81.2500000000164,16.1722773643163,-23.1659853602154));
#8139=CARTESIAN_POINT('Ctrl Pts',(-81.2500000000164,16.4580507576637,-23.1712403855782));
#8140=CARTESIAN_POINT('',(-80.2500000000164,14.8550482094459,-23.00070911269));
#8141=CARTESIAN_POINT('',(-81.2500000000164,14.8550482094459,-23.00070911269));
#8142=CARTESIAN_POINT('',(-80.2500000000164,16.4580507576637,-23.1712403855782));
#8143=CARTESIAN_POINT('Ctrl Pts',(-80.2500000000164,14.8550482094459,-23.00070911269));
#8144=CARTESIAN_POINT('Ctrl Pts',(-80.2500000000164,15.1038175169818,-23.0504017738475));
#8145=CARTESIAN_POINT('Ctrl Pts',(-80.2500000000164,15.6327828689325,-23.1560647121693));
#8146=CARTESIAN_POINT('Ctrl Pts',(-80.2500000000164,16.1722773643163,-23.1659853602154));
#8147=CARTESIAN_POINT('Ctrl Pts',(-80.2500000000164,16.4580507576637,-23.1712403855782));
#8148=CARTESIAN_POINT('',(-81.2500000000164,16.4580507576637,-23.1712403855782));
#8149=CARTESIAN_POINT('Ctrl Pts',(-81.2500000000164,13.6613245308571,-22.5027528367501));
#8150=CARTESIAN_POINT('Ctrl Pts',(-80.2500000000164,13.6613245308571,-22.5027528367501));
#8151=CARTESIAN_POINT('Ctrl Pts',(-81.2500000000164,13.8393492303148,-22.6066505882958));
#8152=CARTESIAN_POINT('Ctrl Pts',(-80.2500000000164,13.8393492303148,-22.6066505882958));
#8153=CARTESIAN_POINT('Ctrl Pts',(-81.2500000000164,14.2148077381016,-22.825773523914));
#8154=CARTESIAN_POINT('Ctrl Pts',(-80.2500000000164,14.2148077381016,-22.825773523914));
#8155=CARTESIAN_POINT('Ctrl Pts',(-81.2500000000164,14.6344044497933,-22.9404216929905));
#8156=CARTESIAN_POINT('Ctrl Pts',(-80.2500000000164,14.6344044497933,-22.9404216929905));
#8157=CARTESIAN_POINT('Ctrl Pts',(-81.2500000000164,14.8550482094459,-23.00070911269));
#8158=CARTESIAN_POINT('Ctrl Pts',(-80.2500000000164,14.8550482094459,-23.00070911269));
#8159=CARTESIAN_POINT('',(-81.2500000000164,13.6613245308571,-22.5027528367501));
#8160=CARTESIAN_POINT('Ctrl Pts',(-81.2500000000164,13.6613245308571,-22.5027528367501));
#8161=CARTESIAN_POINT('Ctrl Pts',(-81.2500000000164,13.8393492303148,-22.6066505882958));
#8162=CARTESIAN_POINT('Ctrl Pts',(-81.2500000000164,14.2148077381016,-22.825773523914));
#8163=CARTESIAN_POINT('Ctrl Pts',(-81.2500000000164,14.6344044497933,-22.9404216929905));
#8164=CARTESIAN_POINT('Ctrl Pts',(-81.2500000000164,14.8550482094459,-23.00070911269));
#8165=CARTESIAN_POINT('',(-80.2500000000164,13.6613245308571,-22.5027528367501));
#8166=CARTESIAN_POINT('',(-81.2500000000164,13.6613245308571,-22.5027528367501));
#8167=CARTESIAN_POINT('Ctrl Pts',(-80.2500000000164,13.6613245308571,-22.5027528367501));
#8168=CARTESIAN_POINT('Ctrl Pts',(-80.2500000000164,13.8393492303148,-22.6066505882958));
#8169=CARTESIAN_POINT('Ctrl Pts',(-80.2500000000164,14.2148077381016,-22.825773523914));
#8170=CARTESIAN_POINT('Ctrl Pts',(-80.2500000000164,14.6344044497933,-22.9404216929905));
#8171=CARTESIAN_POINT('Ctrl Pts',(-80.2500000000164,14.8550482094459,-23.00070911269));
#8172=CARTESIAN_POINT('Ctrl Pts',(-81.2500000000164,12.7472729981117,-21.5955224595528));
#8173=CARTESIAN_POINT('Ctrl Pts',(-80.2500000000164,12.7472729981117,-21.5955224595528));
#8174=CARTESIAN_POINT('Ctrl Pts',(-81.2500000000164,12.8855635092906,-21.7739633594832));
#8175=CARTESIAN_POINT('Ctrl Pts',(-80.2500000000164,12.8855635092906,-21.7739633594832));
#8176=CARTESIAN_POINT('Ctrl Pts',(-81.2500000000164,13.1508908605365,-22.116324168832));
#8177=CARTESIAN_POINT('Ctrl Pts',(-80.2500000000164,13.1508908605365,-22.116324168832));
#8178=CARTESIAN_POINT('Ctrl Pts',(-81.2500000000164,13.4960600088212,-22.3776377575189));
#8179=CARTESIAN_POINT('Ctrl Pts',(-80.2500000000164,13.4960600088212,-22.3776377575189));
#8180=CARTESIAN_POINT('Ctrl Pts',(-81.2500000000164,13.6613245308571,-22.5027528367501));
#8181=CARTESIAN_POINT('Ctrl Pts',(-80.2500000000164,13.6613245308571,-22.5027528367501));
#8182=CARTESIAN_POINT('',(-81.2500000000164,12.7472729981117,-21.5955224595528));
#8183=CARTESIAN_POINT('Ctrl Pts',(-81.2500000000164,12.7472729981117,-21.5955224595528));
#8184=CARTESIAN_POINT('Ctrl Pts',(-81.2500000000164,12.8855635092906,-21.7739633594832));
#8185=CARTESIAN_POINT('Ctrl Pts',(-81.2500000000164,13.1508908605365,-22.116324168832));
#8186=CARTESIAN_POINT('Ctrl Pts',(-81.2500000000164,13.4960600088212,-22.3776377575189));
#8187=CARTESIAN_POINT('Ctrl Pts',(-81.2500000000164,13.6613245308571,-22.5027528367501));
#8188=CARTESIAN_POINT('',(-80.2500000000164,12.7472729981117,-21.5955224595528));
#8189=CARTESIAN_POINT('',(-81.2500000000164,12.7472729981117,-21.5955224595528));
#8190=CARTESIAN_POINT('Ctrl Pts',(-80.2500000000164,12.7472729981117,-21.5955224595528));
#8191=CARTESIAN_POINT('Ctrl Pts',(-80.2500000000164,12.8855635092906,-21.7739633594832));
#8192=CARTESIAN_POINT('Ctrl Pts',(-80.2500000000164,13.1508908605365,-22.116324168832));
#8193=CARTESIAN_POINT('Ctrl Pts',(-80.2500000000164,13.4960600088212,-22.3776377575189));
#8194=CARTESIAN_POINT('Ctrl Pts',(-80.2500000000164,13.6613245308571,-22.5027528367501));
#8195=CARTESIAN_POINT('Ctrl Pts',(-81.2500000000164,12.0651431381874,-20.1357713304024));
#8196=CARTESIAN_POINT('Ctrl Pts',(-80.2500000000164,12.0651431381874,-20.1357713304024));
#8197=CARTESIAN_POINT('Ctrl Pts',(-81.2500000000164,12.1550615204259,-20.4094109263633));
#8198=CARTESIAN_POINT('Ctrl Pts',(-80.2500000000164,12.1550615204259,-20.4094109263633));
#8199=CARTESIAN_POINT('Ctrl Pts',(-81.2500000000164,12.3240436781711,-20.9236573820804));
#8200=CARTESIAN_POINT('Ctrl Pts',(-80.2500000000164,12.3240436781711,-20.9236573820804));
#8201=CARTESIAN_POINT('Ctrl Pts',(-81.2500000000164,12.6123701295142,-21.381367811018));
#8202=CARTESIAN_POINT('Ctrl Pts',(-80.2500000000164,12.6123701295142,-21.381367811018));
#8203=CARTESIAN_POINT('Ctrl Pts',(-81.2500000000164,12.7472729981117,-21.5955224595528));
#8204=CARTESIAN_POINT('Ctrl Pts',(-80.2500000000164,12.7472729981117,-21.5955224595528));
#8205=CARTESIAN_POINT('',(-81.2500000000164,12.0651431381874,-20.1357713304024));
#8206=CARTESIAN_POINT('Ctrl Pts',(-81.2500000000164,12.0651431381874,-20.1357713304024));
#8207=CARTESIAN_POINT('Ctrl Pts',(-81.2500000000164,12.1550615204259,-20.4094109263633));
#8208=CARTESIAN_POINT('Ctrl Pts',(-81.2500000000164,12.3240436781711,-20.9236573820804));
#8209=CARTESIAN_POINT('Ctrl Pts',(-81.2500000000164,12.6123701295142,-21.381367811018));
#8210=CARTESIAN_POINT('Ctrl Pts',(-81.2500000000164,12.7472729981117,-21.5955224595528));
#8211=CARTESIAN_POINT('',(-80.2500000000164,12.0651431381874,-20.1357713304024));
#8212=CARTESIAN_POINT('',(-81.2500000000164,12.0651431381874,-20.1357713304024));
#8213=CARTESIAN_POINT('Ctrl Pts',(-80.2500000000164,12.0651431381874,-20.1357713304024));
#8214=CARTESIAN_POINT('Ctrl Pts',(-80.2500000000164,12.1550615204259,-20.4094109263633));
#8215=CARTESIAN_POINT('Ctrl Pts',(-80.2500000000164,12.3240436781711,-20.9236573820804));
#8216=CARTESIAN_POINT('Ctrl Pts',(-80.2500000000164,12.6123701295142,-21.381367811018));
#8217=CARTESIAN_POINT('Ctrl Pts',(-80.2500000000164,12.7472729981117,-21.5955224595528));
#8218=CARTESIAN_POINT('Ctrl Pts',(-81.2500000000164,11.7991133034401,-18.1166711411935));
#8219=CARTESIAN_POINT('Ctrl Pts',(-80.2500000000164,11.7991133034401,-18.1166711411935));
#8220=CARTESIAN_POINT('Ctrl Pts',(-81.2500000000164,11.8075853591308,-18.476648777329));
#8221=CARTESIAN_POINT('Ctrl Pts',(-80.2500000000164,11.8075853591308,-18.476648777329));
#8222=CARTESIAN_POINT('Ctrl Pts',(-81.2500000000164,11.8236572231092,-19.1595422584879));
#8223=CARTESIAN_POINT('Ctrl Pts',(-80.2500000000164,11.8236572231092,-19.1595422584879));
#8224=CARTESIAN_POINT('Ctrl Pts',(-81.2500000000164,11.9876139024776,-19.8223522483879));
#8225=CARTESIAN_POINT('Ctrl Pts',(-80.2500000000164,11.9876139024776,-19.8223522483879));
#8226=CARTESIAN_POINT('Ctrl Pts',(-81.2500000000164,12.0651431381874,-20.1357713304024));
#8227=CARTESIAN_POINT('Ctrl Pts',(-80.2500000000164,12.0651431381874,-20.1357713304024));
#8228=CARTESIAN_POINT('',(-81.2500000000164,11.7991133034401,-18.1166711411935));
#8229=CARTESIAN_POINT('Ctrl Pts',(-81.2500000000164,11.7991133034401,-18.1166711411935));
#8230=CARTESIAN_POINT('Ctrl Pts',(-81.2500000000164,11.8075853591308,-18.476648777329));
#8231=CARTESIAN_POINT('Ctrl Pts',(-81.2500000000164,11.8236572231092,-19.1595422584879));
#8232=CARTESIAN_POINT('Ctrl Pts',(-81.2500000000164,11.9876139024776,-19.8223522483879));
#8233=CARTESIAN_POINT('Ctrl Pts',(-81.2500000000164,12.0651431381874,-20.1357713304024));
#8234=CARTESIAN_POINT('',(-80.2500000000164,11.7991133034401,-18.1166711411935));
#8235=CARTESIAN_POINT('',(-81.2500000000164,11.7991133034401,-18.1166711411935));
#8236=CARTESIAN_POINT('Ctrl Pts',(-80.2500000000164,11.7991133034401,-18.1166711411935));
#8237=CARTESIAN_POINT('Ctrl Pts',(-80.2500000000164,11.8075853591308,-18.476648777329));
#8238=CARTESIAN_POINT('Ctrl Pts',(-80.2500000000164,11.8236572231092,-19.1595422584879));
#8239=CARTESIAN_POINT('Ctrl Pts',(-80.2500000000164,11.9876139024776,-19.8223522483879));
#8240=CARTESIAN_POINT('Ctrl Pts',(-80.2500000000164,12.0651431381874,-20.1357713304024));
#8241=CARTESIAN_POINT('Ctrl Pts',(-81.2500000000164,12.194747477787,-15.7428613267403));
#8242=CARTESIAN_POINT('Ctrl Pts',(-80.2500000000164,12.194747477787,-15.7428613267403));
#8243=CARTESIAN_POINT('Ctrl Pts',(-81.2500000000164,12.0794240348399,-16.1106753901063));
#8244=CARTESIAN_POINT('Ctrl Pts',(-80.2500000000164,12.0794240348399,-16.1106753901063));
#8245=CARTESIAN_POINT('Ctrl Pts',(-81.2500000000164,11.8372499885428,-16.8830683896045));
#8246=CARTESIAN_POINT('Ctrl Pts',(-80.2500000000164,11.8372499885428,-16.8830683896045));
#8247=CARTESIAN_POINT('Ctrl Pts',(-81.2500000000164,11.8122226215295,-17.6926256106768));
#8248=CARTESIAN_POINT('Ctrl Pts',(-80.2500000000164,11.8122226215295,-17.6926256106768));
#8249=CARTESIAN_POINT('Ctrl Pts',(-81.2500000000164,11.7991133034401,-18.1166711411935));
#8250=CARTESIAN_POINT('Ctrl Pts',(-80.2500000000164,11.7991133034401,-18.1166711411935));
#8251=CARTESIAN_POINT('',(-81.2500000000164,12.194747477787,-15.7428613267403));
#8252=CARTESIAN_POINT('Ctrl Pts',(-81.2500000000164,12.194747477787,-15.7428613267403));
#8253=CARTESIAN_POINT('Ctrl Pts',(-81.2500000000164,12.0794240348399,-16.1106753901063));
#8254=CARTESIAN_POINT('Ctrl Pts',(-81.2500000000164,11.8372499885428,-16.8830683896045));
#8255=CARTESIAN_POINT('Ctrl Pts',(-81.2500000000164,11.8122226215295,-17.6926256106768));
#8256=CARTESIAN_POINT('Ctrl Pts',(-81.2500000000164,11.7991133034401,-18.1166711411935));
#8257=CARTESIAN_POINT('',(-80.2500000000164,12.194747477787,-15.7428613267403));
#8258=CARTESIAN_POINT('',(-81.2500000000164,12.194747477787,-15.7428613267403));
#8259=CARTESIAN_POINT('Ctrl Pts',(-80.2500000000164,12.194747477787,-15.7428613267403));
#8260=CARTESIAN_POINT('Ctrl Pts',(-80.2500000000164,12.0794240348399,-16.1106753901063));
#8261=CARTESIAN_POINT('Ctrl Pts',(-80.2500000000164,11.8372499885428,-16.8830683896045));
#8262=CARTESIAN_POINT('Ctrl Pts',(-80.2500000000164,11.8122226215295,-17.6926256106768));
#8263=CARTESIAN_POINT('Ctrl Pts',(-80.2500000000164,11.7991133034401,-18.1166711411935));
#8264=CARTESIAN_POINT('Ctrl Pts',(-81.2500000000164,13.3748312294655,-14.030720289753));
#8265=CARTESIAN_POINT('Ctrl Pts',(-80.2500000000164,13.3748312294655,-14.030720289753));
#8266=CARTESIAN_POINT('Ctrl Pts',(-81.2500000000164,13.1266684921871,-14.2723801209107));
#8267=CARTESIAN_POINT('Ctrl Pts',(-80.2500000000164,13.1266684921871,-14.2723801209107));
#8268=CARTESIAN_POINT('Ctrl Pts',(-81.2500000000164,12.6207148575595,-14.7650756450602));
#8269=CARTESIAN_POINT('Ctrl Pts',(-80.2500000000164,12.6207148575595,-14.7650756450602));
#8270=CARTESIAN_POINT('Ctrl Pts',(-81.2500000000164,12.3385265930218,-15.4128239415388));
#8271=CARTESIAN_POINT('Ctrl Pts',(-80.2500000000164,12.3385265930218,-15.4128239415388));
#8272=CARTESIAN_POINT('Ctrl Pts',(-81.2500000000164,12.194747477787,-15.7428613267403));
#8273=CARTESIAN_POINT('Ctrl Pts',(-80.2500000000164,12.194747477787,-15.7428613267403));
#8274=CARTESIAN_POINT('',(-81.2500000000164,13.3748312294655,-14.030720289753));
#8275=CARTESIAN_POINT('Ctrl Pts',(-81.2500000000164,13.3748312294655,-14.030720289753));
#8276=CARTESIAN_POINT('Ctrl Pts',(-81.2500000000164,13.1266684921871,-14.2723801209107));
#8277=CARTESIAN_POINT('Ctrl Pts',(-81.2500000000164,12.6207148575595,-14.7650756450602));
#8278=CARTESIAN_POINT('Ctrl Pts',(-81.2500000000164,12.3385265930218,-15.4128239415388));
#8279=CARTESIAN_POINT('Ctrl Pts',(-81.2500000000164,12.194747477787,-15.7428613267403));
#8280=CARTESIAN_POINT('',(-80.2500000000164,13.3748312294655,-14.030720289753));
#8281=CARTESIAN_POINT('',(-81.2500000000164,13.3748312294655,-14.030720289753));
#8282=CARTESIAN_POINT('Ctrl Pts',(-80.2500000000164,13.3748312294655,-14.030720289753));
#8283=CARTESIAN_POINT('Ctrl Pts',(-80.2500000000164,13.1266684921871,-14.2723801209107));
#8284=CARTESIAN_POINT('Ctrl Pts',(-80.2500000000164,12.6207148575595,-14.7650756450602));
#8285=CARTESIAN_POINT('Ctrl Pts',(-80.2500000000164,12.3385265930218,-15.4128239415388));
#8286=CARTESIAN_POINT('Ctrl Pts',(-80.2500000000164,12.194747477787,-15.7428613267403));
#8287=CARTESIAN_POINT('Ctrl Pts',(-81.2500000000164,14.8414058983497,-13.314487036274));
#8288=CARTESIAN_POINT('Ctrl Pts',(-80.2500000000164,14.8414058983497,-13.314487036274));
#8289=CARTESIAN_POINT('Ctrl Pts',(-81.2500000000164,14.5682125323245,-13.3914378812693));
#8290=CARTESIAN_POINT('Ctrl Pts',(-80.2500000000164,14.5682125323245,-13.3914378812693));
#8291=CARTESIAN_POINT('Ctrl Pts',(-81.2500000000164,14.0356659138822,-13.5414412026705));
#8292=CARTESIAN_POINT('Ctrl Pts',(-80.2500000000164,14.0356659138822,-13.5414412026705));
#8293=CARTESIAN_POINT('Ctrl Pts',(-81.2500000000164,13.591259632879,-13.8704776539804));
#8294=CARTESIAN_POINT('Ctrl Pts',(-80.2500000000164,13.591259632879,-13.8704776539804));
#8295=CARTESIAN_POINT('Ctrl Pts',(-81.2500000000164,13.3748312294655,-14.030720289753));
#8296=CARTESIAN_POINT('Ctrl Pts',(-80.2500000000164,13.3748312294655,-14.030720289753));
#8297=CARTESIAN_POINT('',(-81.2500000000164,14.8414058983497,-13.314487036274));
#8298=CARTESIAN_POINT('Ctrl Pts',(-81.2500000000164,14.8414058983497,-13.314487036274));
#8299=CARTESIAN_POINT('Ctrl Pts',(-81.2500000000164,14.5682125323245,-13.3914378812693));
#8300=CARTESIAN_POINT('Ctrl Pts',(-81.2500000000164,14.0356659138822,-13.5414412026705));
#8301=CARTESIAN_POINT('Ctrl Pts',(-81.2500000000164,13.591259632879,-13.8704776539804));
#8302=CARTESIAN_POINT('Ctrl Pts',(-81.2500000000164,13.3748312294655,-14.030720289753));
#8303=CARTESIAN_POINT('',(-80.2500000000164,14.8414058983497,-13.314487036274));
#8304=CARTESIAN_POINT('',(-81.2500000000164,14.8414058983497,-13.314487036274));
#8305=CARTESIAN_POINT('Ctrl Pts',(-80.2500000000164,14.8414058983497,-13.314487036274));
#8306=CARTESIAN_POINT('Ctrl Pts',(-80.2500000000164,14.5682125323245,-13.3914378812693));
#8307=CARTESIAN_POINT('Ctrl Pts',(-80.2500000000164,14.0356659138822,-13.5414412026705));
#8308=CARTESIAN_POINT('Ctrl Pts',(-80.2500000000164,13.591259632879,-13.8704776539804));
#8309=CARTESIAN_POINT('Ctrl Pts',(-80.2500000000164,13.3748312294655,-14.030720289753));
#8310=CARTESIAN_POINT('Ctrl Pts',(-81.2500000000164,16.6217608750038,-13.1712403855782));
#8311=CARTESIAN_POINT('Ctrl Pts',(-80.2500000000164,16.6217608750038,-13.1712403855782));
#8312=CARTESIAN_POINT('Ctrl Pts',(-81.2500000000164,16.2780603028712,-13.1726591205349));
#8313=CARTESIAN_POINT('Ctrl Pts',(-80.2500000000164,16.2780603028712,-13.1726591205349));
#8314=CARTESIAN_POINT('Ctrl Pts',(-81.2500000000164,15.6805972828698,-13.175125341835));
#8315=CARTESIAN_POINT('Ctrl Pts',(-80.2500000000164,15.6805972828698,-13.175125341835));
#8316=CARTESIAN_POINT('Ctrl Pts',(-81.2500000000164,15.0915808144024,-13.2729413282861));
#8317=CARTESIAN_POINT('Ctrl Pts',(-80.2500000000164,15.0915808144024,-13.2729413282861));
#8318=CARTESIAN_POINT('Ctrl Pts',(-81.2500000000164,14.8414058983497,-13.314487036274));
#8319=CARTESIAN_POINT('Ctrl Pts',(-80.2500000000164,14.8414058983497,-13.314487036274));
#8320=CARTESIAN_POINT('',(-81.2500000000164,16.6217608750038,-13.1712403855782));
#8321=CARTESIAN_POINT('Ctrl Pts',(-81.2500000000164,16.6217608750038,-13.1712403855782));
#8322=CARTESIAN_POINT('Ctrl Pts',(-81.2500000000164,16.2780603028712,-13.1726591205349));
#8323=CARTESIAN_POINT('Ctrl Pts',(-81.2500000000164,15.6805972828698,-13.175125341835));
#8324=CARTESIAN_POINT('Ctrl Pts',(-81.2500000000164,15.0915808144024,-13.2729413282861));
#8325=CARTESIAN_POINT('Ctrl Pts',(-81.2500000000164,14.8414058983497,-13.314487036274));
#8326=CARTESIAN_POINT('',(-80.2500000000164,16.6217608750038,-13.1712403855782));
#8327=CARTESIAN_POINT('',(-81.2500000000164,16.6217608750038,-13.1712403855782));
#8328=CARTESIAN_POINT('Ctrl Pts',(-80.2500000000164,16.6217608750038,-13.1712403855782));
#8329=CARTESIAN_POINT('Ctrl Pts',(-80.2500000000164,16.2780603028712,-13.1726591205349));
#8330=CARTESIAN_POINT('Ctrl Pts',(-80.2500000000164,15.6805972828698,-13.175125341835));
#8331=CARTESIAN_POINT('Ctrl Pts',(-80.2500000000164,15.0915808144024,-13.2729413282861));
#8332=CARTESIAN_POINT('Ctrl Pts',(-80.2500000000164,14.8414058983497,-13.314487036274));
#8333=CARTESIAN_POINT('Origin',(-81.2500000000164,20.0665087998085,-13.1712403855782));
#8334=CARTESIAN_POINT('',(-81.2500000000164,20.0665087998085,-13.1712403855782));
#8335=CARTESIAN_POINT('',(-81.2500000000164,20.6582543999128,-13.1712403855782));
#8336=CARTESIAN_POINT('',(-80.2500000000164,20.0665087998085,-13.1712403855782));
#8337=CARTESIAN_POINT('',(-81.2500000000164,20.0665087998085,-13.1712403855782));
#8338=CARTESIAN_POINT('',(-80.2500000000164,20.0665087998085,-13.1712403855782));
#8339=CARTESIAN_POINT('Origin',(-81.2500000000164,20.0665087998085,-23.1712403855782));
#8340=CARTESIAN_POINT('',(-81.2500000000164,20.0665087998085,-23.1712403855782));
#8341=CARTESIAN_POINT('',(-81.2500000000164,20.0665087998085,-16.7694684825402));
#8342=CARTESIAN_POINT('',(-80.2500000000164,20.0665087998085,-23.1712403855782));
#8343=CARTESIAN_POINT('',(-81.2500000000164,20.0665087998085,-23.1712403855782));
#8344=CARTESIAN_POINT('',(-80.2500000000164,20.0665087998085,-23.1712403855782));
#8345=CARTESIAN_POINT('Origin',(-81.2500000000164,16.4580507576637,-23.1712403855782));
#8346=CARTESIAN_POINT('',(-81.2500000000164,18.8540253788404,-23.1712403855782));
#8347=CARTESIAN_POINT('',(-80.2500000000164,16.4580507576637,-23.1712403855782));
#8348=CARTESIAN_POINT('Origin',(-80.2500000000164,21.2499997764997,-10.3676930032235));
#8349=CARTESIAN_POINT('Origin',(-81.2500000000164,2.48806670309826,-21.9911590180855));
#8350=CARTESIAN_POINT('',(-81.2500000000164,2.48806670309826,-21.9911590180855));
#8351=CARTESIAN_POINT('',(-81.2500000000164,2.48806670309826,-23.1712403855782));
#8352=CARTESIAN_POINT('',(-81.2500000000164,2.48806670309826,-16.1794277987939));
#8353=CARTESIAN_POINT('',(-80.2500000000164,2.48806670309826,-21.9911590180855));
#8354=CARTESIAN_POINT('',(-81.2500000000164,2.48806670309826,-21.9911590180855));
#8355=CARTESIAN_POINT('',(-80.2500000000164,2.48806670309826,-23.1712403855782));
#8356=CARTESIAN_POINT('',(-80.2500000000164,2.48806670309826,-21.9911590180855));
#8357=CARTESIAN_POINT('',(-81.2500000000164,2.48806670309826,-23.1712403855782));
#8358=CARTESIAN_POINT('Origin',(-81.2500000000164,8.62722113730237,-21.9911590180855));
#8359=CARTESIAN_POINT('',(-81.2500000000164,8.62722113730237,-21.9911590180855));
#8360=CARTESIAN_POINT('',(-81.2500000000164,14.9386105686597,-21.9911590180855));
#8361=CARTESIAN_POINT('',(-80.2500000000164,8.62722113730237,-21.9911590180855));
#8362=CARTESIAN_POINT('',(-81.2500000000164,8.62722113730237,-21.9911590180855));
#8363=CARTESIAN_POINT('',(-80.2500000000164,8.62722113730237,-21.9911590180855));
#8364=CARTESIAN_POINT('Origin',(-81.2500000000164,8.62722113730237,-18.5873380265694));
#8365=CARTESIAN_POINT('',(-81.2500000000164,8.62722113730237,-18.5873380265694));
#8366=CARTESIAN_POINT('',(-81.2500000000164,8.62722113730237,-14.4775173030358));
#8367=CARTESIAN_POINT('',(-80.2500000000164,8.62722113730237,-18.5873380265694));
#8368=CARTESIAN_POINT('',(-81.2500000000164,8.62722113730237,-18.5873380265694));
#8369=CARTESIAN_POINT('',(-80.2500000000164,8.62722113730237,-18.5873380265694));
#8370=CARTESIAN_POINT('Origin',(-81.2500000000164,3.09515669943615,-18.5873380265694));
#8371=CARTESIAN_POINT('',(-81.2500000000164,3.09515669943615,-18.5873380265694));
#8372=CARTESIAN_POINT('',(-81.2500000000164,12.1725783497266,-18.5873380265694));
#8373=CARTESIAN_POINT('',(-80.2500000000164,3.09515669943615,-18.5873380265694));
#8374=CARTESIAN_POINT('',(-81.2500000000164,3.09515669943615,-18.5873380265694));
#8375=CARTESIAN_POINT('',(-80.2500000000164,3.09515669943615,-18.5873380265694));
#8376=CARTESIAN_POINT('Origin',(-81.2500000000164,3.09515669943615,-17.4140801988106));
#8377=CARTESIAN_POINT('',(-81.2500000000164,3.09515669943615,-17.4140801988106));
#8378=CARTESIAN_POINT('',(-81.2500000000164,3.09515669943615,-13.8908883891564));
#8379=CARTESIAN_POINT('',(-80.2500000000164,3.09515669943615,-17.4140801988106));
#8380=CARTESIAN_POINT('',(-81.2500000000164,3.09515669943615,-17.4140801988106));
#8381=CARTESIAN_POINT('',(-80.2500000000164,3.09515669943615,-17.4140801988106));
#8382=CARTESIAN_POINT('Origin',(-81.2500000000164,8.62722113730237,-17.4140801988106));
#8383=CARTESIAN_POINT('',(-81.2500000000164,8.62722113730237,-17.4140801988106));
#8384=CARTESIAN_POINT('',(-81.2500000000164,14.9386105686597,-17.4140801988106));
#8385=CARTESIAN_POINT('',(-80.2500000000164,8.62722113730237,-17.4140801988106));
#8386=CARTESIAN_POINT('',(-81.2500000000164,8.62722113730237,-17.4140801988106));
#8387=CARTESIAN_POINT('',(-80.2500000000164,8.62722113730237,-17.4140801988106));
#8388=CARTESIAN_POINT('Origin',(-81.2500000000164,8.62722113730237,-14.3513217530709));
#8389=CARTESIAN_POINT('',(-81.2500000000164,8.62722113730237,-14.3513217530709));
#8390=CARTESIAN_POINT('',(-81.2500000000164,8.62722113730237,-12.3595091662865));
#8391=CARTESIAN_POINT('',(-80.2500000000164,8.62722113730237,-14.3513217530709));
#8392=CARTESIAN_POINT('',(-81.2500000000164,8.62722113730237,-14.3513217530709));
#8393=CARTESIAN_POINT('',(-80.2500000000164,8.62722113730237,-14.3513217530709));
#8394=CARTESIAN_POINT('Origin',(-81.2500000000164,2.7199907601051,-14.3513217530709));
#8395=CARTESIAN_POINT('',(-81.2500000000164,2.7199907601051,-14.3513217530709));
#8396=CARTESIAN_POINT('',(-81.2500000000164,11.9849953800611,-14.3513217530709));
#8397=CARTESIAN_POINT('',(-80.2500000000164,2.7199907601051,-14.3513217530709));
#8398=CARTESIAN_POINT('',(-81.2500000000164,2.7199907601051,-14.3513217530709));
#8399=CARTESIAN_POINT('',(-80.2500000000164,2.7199907601051,-14.3513217530709));
#8400=CARTESIAN_POINT('Origin',(-81.2500000000164,2.7199907601051,-13.1712403855782));
#8401=CARTESIAN_POINT('',(-81.2500000000164,2.7199907601051,-13.1712403855782));
#8402=CARTESIAN_POINT('',(-81.2500000000164,2.7199907601051,-11.7694684825402));
#8403=CARTESIAN_POINT('',(-80.2500000000164,2.7199907601051,-13.1712403855782));
#8404=CARTESIAN_POINT('',(-81.2500000000164,2.7199907601051,-13.1712403855782));
#8405=CARTESIAN_POINT('',(-80.2500000000164,2.7199907601051,-13.1712403855782));
#8406=CARTESIAN_POINT('Origin',(-81.2500000000164,9.95054915549084,-13.1712403855782));
#8407=CARTESIAN_POINT('',(-81.2500000000164,9.95054915549084,-13.1712403855782));
#8408=CARTESIAN_POINT('',(-81.2500000000164,15.600274577754,-13.1712403855782));
#8409=CARTESIAN_POINT('',(-80.2500000000164,9.95054915549084,-13.1712403855782));
#8410=CARTESIAN_POINT('',(-81.2500000000164,9.95054915549084,-13.1712403855782));
#8411=CARTESIAN_POINT('',(-80.2500000000164,9.95054915549084,-13.1712403855782));
#8412=CARTESIAN_POINT('Origin',(-81.2500000000164,9.95054915549084,-23.1712403855782));
#8413=CARTESIAN_POINT('',(-81.2500000000164,9.95054915549084,-23.1712403855782));
#8414=CARTESIAN_POINT('',(-81.2500000000164,9.95054915549084,-16.7694684825402));
#8415=CARTESIAN_POINT('',(-80.2500000000164,9.95054915549084,-23.1712403855782));
#8416=CARTESIAN_POINT('',(-81.2500000000164,9.95054915549084,-23.1712403855782));
#8417=CARTESIAN_POINT('',(-80.2500000000164,9.95054915549084,-23.1712403855782));
#8418=CARTESIAN_POINT('Origin',(-81.2500000000164,2.48806670309826,-23.1712403855782));
#8419=CARTESIAN_POINT('',(-81.2500000000164,11.8690333515577,-23.1712403855782));
#8420=CARTESIAN_POINT('',(-80.2500000000164,2.48806670309826,-23.1712403855782));
#8421=CARTESIAN_POINT('Origin',(-80.2500000000164,21.2499997764997,-10.3676930032235));
#8422=CARTESIAN_POINT('Ctrl Pts',(-81.2500000000164,25.9600944817238,-14.2217174134713));
#8423=CARTESIAN_POINT('Ctrl Pts',(-80.2500000000164,25.9600944817238,-14.2217174134713));
#8424=CARTESIAN_POINT('Ctrl Pts',(-81.2500000000164,26.0307204624619,-14.5429036616863));
#8425=CARTESIAN_POINT('Ctrl Pts',(-80.2500000000164,26.0307204624619,-14.5429036616863));
#8426=CARTESIAN_POINT('Ctrl Pts',(-81.2500000000164,26.1730274052526,-15.1900739037445));
#8427=CARTESIAN_POINT('Ctrl Pts',(-80.2500000000164,26.1730274052526,-15.1900739037445));
#8428=CARTESIAN_POINT('Ctrl Pts',(-81.2500000000164,26.3897903545766,-15.8162601374959));
#8429=CARTESIAN_POINT('Ctrl Pts',(-80.2500000000164,26.3897903545766,-15.8162601374959));
#8430=CARTESIAN_POINT('Ctrl Pts',(-81.2500000000164,26.4989753067665,-16.1316743455392));
#8431=CARTESIAN_POINT('Ctrl Pts',(-80.2500000000164,26.4989753067665,-16.1316743455392));
#8432=CARTESIAN_POINT('',(-81.2500000000164,25.9600944817238,-14.2217174134713));
#8433=CARTESIAN_POINT('',(-81.2500000000164,26.4989753067665,-16.1316743455392));
#8434=CARTESIAN_POINT('Ctrl Pts',(-81.2500000000164,25.9600944817238,-14.2217174134713));
#8435=CARTESIAN_POINT('Ctrl Pts',(-81.2500000000164,26.0307204624619,-14.5429036616863));
#8436=CARTESIAN_POINT('Ctrl Pts',(-81.2500000000164,26.1730274052526,-15.1900739037445));
#8437=CARTESIAN_POINT('Ctrl Pts',(-81.2500000000164,26.3897903545766,-15.8162601374959));
#8438=CARTESIAN_POINT('Ctrl Pts',(-81.2500000000164,26.4989753067665,-16.1316743455392));
#8439=CARTESIAN_POINT('',(-80.2500000000164,25.9600944817238,-14.2217174134713));
#8440=CARTESIAN_POINT('',(-81.2500000000164,25.9600944817238,-14.2217174134713));
#8441=CARTESIAN_POINT('',(-80.2500000000164,26.4989753067665,-16.1316743455392));
#8442=CARTESIAN_POINT('Ctrl Pts',(-80.2500000000164,25.9600944817238,-14.2217174134713));
#8443=CARTESIAN_POINT('Ctrl Pts',(-80.2500000000164,26.0307204624619,-14.5429036616863));
#8444=CARTESIAN_POINT('Ctrl Pts',(-80.2500000000164,26.1730274052526,-15.1900739037445));
#8445=CARTESIAN_POINT('Ctrl Pts',(-80.2500000000164,26.3897903545766,-15.8162601374959));
#8446=CARTESIAN_POINT('Ctrl Pts',(-80.2500000000164,26.4989753067665,-16.1316743455392));
#8447=CARTESIAN_POINT('',(-81.2500000000164,26.4989753067665,-16.1316743455392));
#8448=CARTESIAN_POINT('Ctrl Pts',(-81.2500000000164,25.2506799996071,-16.295386847065));
#8449=CARTESIAN_POINT('Ctrl Pts',(-80.2500000000164,25.2506799996071,-16.295386847065));
#8450=CARTESIAN_POINT('Ctrl Pts',(-81.2500000000164,25.393687250961,-15.9137220216003));
#8451=CARTESIAN_POINT('Ctrl Pts',(-80.2500000000164,25.393687250961,-15.9137220216003));
#8452=CARTESIAN_POINT('Ctrl Pts',(-81.2500000000164,25.6501417094595,-15.2292836786783));
#8453=CARTESIAN_POINT('Ctrl Pts',(-80.2500000000164,25.6501417094595,-15.2292836786783));
#8454=CARTESIAN_POINT('Ctrl Pts',(-81.2500000000164,25.8650333354081,-14.5307335369919));
#8455=CARTESIAN_POINT('Ctrl Pts',(-80.2500000000164,25.8650333354081,-14.5307335369919));
#8456=CARTESIAN_POINT('Ctrl Pts',(-81.2500000000164,25.9600944817238,-14.2217174134713));
#8457=CARTESIAN_POINT('Ctrl Pts',(-80.2500000000164,25.9600944817238,-14.2217174134713));
#8458=CARTESIAN_POINT('',(-81.2500000000164,25.2506799996071,-16.295386847065));
#8459=CARTESIAN_POINT('Ctrl Pts',(-81.2500000000164,25.2506799996071,-16.295386847065));
#8460=CARTESIAN_POINT('Ctrl Pts',(-81.2500000000164,25.393687250961,-15.9137220216003));
#8461=CARTESIAN_POINT('Ctrl Pts',(-81.2500000000164,25.6501417094595,-15.2292836786783));
#8462=CARTESIAN_POINT('Ctrl Pts',(-81.2500000000164,25.8650333354081,-14.5307335369919));
#8463=CARTESIAN_POINT('Ctrl Pts',(-81.2500000000164,25.9600944817238,-14.2217174134713));
#8464=CARTESIAN_POINT('',(-80.2500000000164,25.2506799996071,-16.295386847065));
#8465=CARTESIAN_POINT('',(-81.2500000000164,25.2506799996071,-16.295386847065));
#8466=CARTESIAN_POINT('Ctrl Pts',(-80.2500000000164,25.2506799996071,-16.295386847065));
#8467=CARTESIAN_POINT('Ctrl Pts',(-80.2500000000164,25.393687250961,-15.9137220216003));
#8468=CARTESIAN_POINT('Ctrl Pts',(-80.2500000000164,25.6501417094595,-15.2292836786783));
#8469=CARTESIAN_POINT('Ctrl Pts',(-80.2500000000164,25.8650333354081,-14.5307335369919));
#8470=CARTESIAN_POINT('Ctrl Pts',(-80.2500000000164,25.9600944817238,-14.2217174134713));
#8471=CARTESIAN_POINT('Origin',(-81.2500000000164,24.2070241272621,-19.0648284516793));
#8472=CARTESIAN_POINT('',(-81.2500000000164,24.2070241272621,-19.0648284516793));
#8473=CARTESIAN_POINT('',(-81.2500000000164,25.458125805503,-15.7449093757314));
#8474=CARTESIAN_POINT('',(-80.2500000000164,24.2070241272621,-19.0648284516793));
#8475=CARTESIAN_POINT('',(-81.2500000000164,24.2070241272621,-19.0648284516793));
#8476=CARTESIAN_POINT('',(-80.2500000000164,24.2070241272621,-19.0648284516793));
#8477=CARTESIAN_POINT('Origin',(-81.2500000000164,27.597202807682,-19.0648284516793));
#8478=CARTESIAN_POINT('',(-81.2500000000164,27.597202807682,-19.0648284516793));
#8479=CARTESIAN_POINT('',(-81.2500000000164,24.4236014038496,-19.0648284516793));
#8480=CARTESIAN_POINT('',(-80.2500000000164,27.597202807682,-19.0648284516793));
#8481=CARTESIAN_POINT('',(-81.2500000000164,27.597202807682,-19.0648284516793));
#8482=CARTESIAN_POINT('',(-80.2500000000164,27.597202807682,-19.0648284516793));
#8483=CARTESIAN_POINT('Origin',(-81.2500000000164,26.4989753067665,-16.1316743455392));
#8484=CARTESIAN_POINT('',(-81.2500000000164,25.2298918520493,-12.7421968983481));
#8485=CARTESIAN_POINT('',(-80.2500000000164,26.4989753067665,-16.1316743455392));
#8486=CARTESIAN_POINT('Origin',(-81.2500000000164,27.9791946709327,-20.1425901017647));
#8487=CARTESIAN_POINT('',(-81.2500000000164,27.9791946709327,-20.1425901017647));
#8488=CARTESIAN_POINT('',(-81.2500000000164,29.0774197876625,-23.1712403855782));
#8489=CARTESIAN_POINT('',(-81.2500000000164,26.0219042584961,-14.744836879016));
#8490=CARTESIAN_POINT('',(-80.2500000000164,27.9791946709327,-20.1425901017647));
#8491=CARTESIAN_POINT('',(-81.2500000000164,27.9791946709327,-20.1425901017647));
#8492=CARTESIAN_POINT('',(-80.2500000000164,29.0774197876625,-23.1712403855782));
#8493=CARTESIAN_POINT('',(-80.2500000000164,27.9791946709327,-20.1425901017647));
#8494=CARTESIAN_POINT('',(-81.2500000000164,29.0774197876625,-23.1712403855782));
#8495=CARTESIAN_POINT('Origin',(-81.2500000000164,23.797747641819,-20.1425901017647));
#8496=CARTESIAN_POINT('',(-81.2500000000164,23.797747641819,-20.1425901017647));
#8497=CARTESIAN_POINT('',(-81.2500000000164,22.523873820918,-20.1425901017647));
#8498=CARTESIAN_POINT('',(-80.2500000000164,23.797747641819,-20.1425901017647));
#8499=CARTESIAN_POINT('',(-81.2500000000164,23.797747641819,-20.1425901017647));
#8500=CARTESIAN_POINT('',(-80.2500000000164,23.797747641819,-20.1425901017647));
#8501=CARTESIAN_POINT('Origin',(-81.2500000000164,22.6313085854225,-23.1712403855782));
#8502=CARTESIAN_POINT('',(-81.2500000000164,22.6313085854225,-23.1712403855782));
#8503=CARTESIAN_POINT('',(-81.2500000000164,24.6891702323837,-17.8280180140878));
#8504=CARTESIAN_POINT('',(-80.2500000000164,22.6313085854225,-23.1712403855782));
#8505=CARTESIAN_POINT('',(-81.2500000000164,22.6313085854225,-23.1712403855782));
#8506=CARTESIAN_POINT('',(-80.2500000000164,22.6313085854225,-23.1712403855782));
#8507=CARTESIAN_POINT('Origin',(-81.2500000000164,21.1238045990638,-23.1712403855782));
#8508=CARTESIAN_POINT('',(-81.2500000000164,21.1238045990638,-23.1712403855782));
#8509=CARTESIAN_POINT('',(-81.2500000000164,21.1869022995405,-23.1712403855782));
#8510=CARTESIAN_POINT('',(-80.2500000000164,21.1238045990638,-23.1712403855782));
#8511=CARTESIAN_POINT('',(-81.2500000000164,21.1238045990638,-23.1712403855782));
#8512=CARTESIAN_POINT('',(-80.2500000000164,21.1238045990638,-23.1712403855782));
#8513=CARTESIAN_POINT('Origin',(-81.2500000000164,25.2165742218666,-13.1712403855782));
#8514=CARTESIAN_POINT('',(-81.2500000000164,25.2165742218666,-13.1712403855782));
#8515=CARTESIAN_POINT('',(-81.2500000000164,25.4234227361376,-12.6658405382021));
#8516=CARTESIAN_POINT('',(-80.2500000000164,25.2165742218666,-13.1712403855782));
#8517=CARTESIAN_POINT('',(-81.2500000000164,25.2165742218666,-13.1712403855782));
#8518=CARTESIAN_POINT('',(-80.2500000000164,25.2165742218666,-13.1712403855782));
#8519=CARTESIAN_POINT('Origin',(-81.2500000000164,26.6422219574623,-13.1712403855782));
#8520=CARTESIAN_POINT('',(-81.2500000000164,26.6422219574623,-13.1712403855782));
#8521=CARTESIAN_POINT('',(-81.2500000000164,23.9461109787397,-13.1712403855782));
#8522=CARTESIAN_POINT('',(-80.2500000000164,26.6422219574623,-13.1712403855782));
#8523=CARTESIAN_POINT('',(-81.2500000000164,26.6422219574623,-13.1712403855782));
#8524=CARTESIAN_POINT('',(-80.2500000000164,26.6422219574623,-13.1712403855782));
#8525=CARTESIAN_POINT('Origin',(-81.2500000000164,30.4826040566139,-23.1712403855782));
#8526=CARTESIAN_POINT('',(-81.2500000000164,30.4826040566139,-23.1712403855782));
#8527=CARTESIAN_POINT('',(-81.2500000000164,27.7467417329472,-16.04730778452));
#8528=CARTESIAN_POINT('',(-80.2500000000164,30.4826040566139,-23.1712403855782));
#8529=CARTESIAN_POINT('',(-81.2500000000164,30.4826040566139,-23.1712403855782));
#8530=CARTESIAN_POINT('',(-80.2500000000164,30.4826040566139,-23.1712403855782));
#8531=CARTESIAN_POINT('Origin',(-81.2500000000164,29.0774197876625,-23.1712403855782));
#8532=CARTESIAN_POINT('',(-81.2500000000164,25.1637098938398,-23.1712403855782));
#8533=CARTESIAN_POINT('',(-80.2500000000164,29.0774197876625,-23.1712403855782));
#8534=CARTESIAN_POINT('Origin',(-80.2500000000164,21.2499997764997,-10.3676930032235));
#8535=CARTESIAN_POINT('Origin',(-81.2500000000164,-3.84890839455799,-14.276286657856));
#8536=CARTESIAN_POINT('',(-81.2500000000164,-3.84890839455799,-14.276286657856));
#8537=CARTESIAN_POINT('',(-81.2500000000164,-0.683834999782595,-14.276286657856));
#8538=CARTESIAN_POINT('',(-81.2500000000164,8.70054580272957,-14.276286657856));
#8539=CARTESIAN_POINT('',(-80.2500000000164,-3.84890839455799,-14.276286657856));
#8540=CARTESIAN_POINT('',(-81.2500000000164,-3.84890839455799,-14.276286657856));
#8541=CARTESIAN_POINT('',(-80.2500000000164,-0.683834999782595,-14.276286657856));
#8542=CARTESIAN_POINT('',(-80.2500000000164,-3.84890839455799,-14.276286657856));
#8543=CARTESIAN_POINT('',(-81.2500000000164,-0.683834999782595,-14.276286657856));
#8544=CARTESIAN_POINT('Ctrl Pts',(-81.2500000000164,-5.47237679360584,-14.7333160005074));
#8545=CARTESIAN_POINT('Ctrl Pts',(-80.2500000000164,-5.47237679360584,-14.7333160005074));
#8546=CARTESIAN_POINT('Ctrl Pts',(-81.2500000000164,-5.25749575846327,-14.6005893416085));
#8547=CARTESIAN_POINT('Ctrl Pts',(-80.2500000000164,-5.25749575846327,-14.6005893416085));
#8548=CARTESIAN_POINT('Ctrl Pts',(-81.2500000000164,-4.76331960347141,-14.295349049388));
#8549=CARTESIAN_POINT('Ctrl Pts',(-80.2500000000164,-4.76331960347141,-14.295349049388));
#8550=CARTESIAN_POINT('Ctrl Pts',(-81.2500000000164,-4.17909594837177,-14.2831699554014));
#8551=CARTESIAN_POINT('Ctrl Pts',(-80.2500000000164,-4.17909594837177,-14.2831699554014));
#8552=CARTESIAN_POINT('Ctrl Pts',(-81.2500000000164,-3.84890839455799,-14.276286657856));
#8553=CARTESIAN_POINT('Ctrl Pts',(-80.2500000000164,-3.84890839455799,-14.276286657856));
#8554=CARTESIAN_POINT('',(-81.2500000000164,-5.47237679360584,-14.7333160005074));
#8555=CARTESIAN_POINT('Ctrl Pts',(-81.2500000000164,-5.47237679360584,-14.7333160005074));
#8556=CARTESIAN_POINT('Ctrl Pts',(-81.2500000000164,-5.25749575846327,-14.6005893416085));
#8557=CARTESIAN_POINT('Ctrl Pts',(-81.2500000000164,-4.76331960347141,-14.295349049388));
#8558=CARTESIAN_POINT('Ctrl Pts',(-81.2500000000164,-4.17909594837177,-14.2831699554014));
#8559=CARTESIAN_POINT('Ctrl Pts',(-81.2500000000164,-3.84890839455799,-14.276286657856));
#8560=CARTESIAN_POINT('',(-80.2500000000164,-5.47237679360584,-14.7333160005074));
#8561=CARTESIAN_POINT('',(-81.2500000000164,-5.47237679360584,-14.7333160005074));
#8562=CARTESIAN_POINT('Ctrl Pts',(-80.2500000000164,-5.47237679360584,-14.7333160005074));
#8563=CARTESIAN_POINT('Ctrl Pts',(-80.2500000000164,-5.25749575846327,-14.6005893416085));
#8564=CARTESIAN_POINT('Ctrl Pts',(-80.2500000000164,-4.76331960347141,-14.295349049388));
#8565=CARTESIAN_POINT('Ctrl Pts',(-80.2500000000164,-4.17909594837177,-14.2831699554014));
#8566=CARTESIAN_POINT('Ctrl Pts',(-80.2500000000164,-3.84890839455799,-14.276286657856));
#8567=CARTESIAN_POINT('Ctrl Pts',(-81.2500000000164,-5.99079415200428,-15.8997550569039));
#8568=CARTESIAN_POINT('Ctrl Pts',(-80.2500000000164,-5.99079415200428,-15.8997550569039));
#8569=CARTESIAN_POINT('Ctrl Pts',(-81.2500000000164,-5.96984793579405,-15.6743789507789));
#8570=CARTESIAN_POINT('Ctrl Pts',(-80.2500000000164,-5.96984793579405,-15.6743789507789));
#8571=CARTESIAN_POINT('Ctrl Pts',(-81.2500000000164,-5.92826695606456,-15.226977892457));
#8572=CARTESIAN_POINT('Ctrl Pts',(-80.2500000000164,-5.92826695606456,-15.226977892457));
#8573=CARTESIAN_POINT('Ctrl Pts',(-81.2500000000164,-5.62357945071278,-14.8970462055477));
#8574=CARTESIAN_POINT('Ctrl Pts',(-80.2500000000164,-5.62357945071278,-14.8970462055477));
#8575=CARTESIAN_POINT('Ctrl Pts',(-81.2500000000164,-5.47237679360584,-14.7333160005074));
#8576=CARTESIAN_POINT('Ctrl Pts',(-80.2500000000164,-5.47237679360584,-14.7333160005074));
#8577=CARTESIAN_POINT('',(-81.2500000000164,-5.99079415200428,-15.8997550569039));
#8578=CARTESIAN_POINT('Ctrl Pts',(-81.2500000000164,-5.99079415200428,-15.8997550569039));
#8579=CARTESIAN_POINT('Ctrl Pts',(-81.2500000000164,-5.96984793579405,-15.6743789507789));
#8580=CARTESIAN_POINT('Ctrl Pts',(-81.2500000000164,-5.92826695606456,-15.226977892457));
#8581=CARTESIAN_POINT('Ctrl Pts',(-81.2500000000164,-5.62357945071278,-14.8970462055477));
#8582=CARTESIAN_POINT('Ctrl Pts',(-81.2500000000164,-5.47237679360584,-14.7333160005074));
#8583=CARTESIAN_POINT('',(-80.2500000000164,-5.99079415200428,-15.8997550569039));
#8584=CARTESIAN_POINT('',(-81.2500000000164,-5.99079415200428,-15.8997550569039));
#8585=CARTESIAN_POINT('Ctrl Pts',(-80.2500000000164,-5.99079415200428,-15.8997550569039));
#8586=CARTESIAN_POINT('Ctrl Pts',(-80.2500000000164,-5.96984793579405,-15.6743789507789));
#8587=CARTESIAN_POINT('Ctrl Pts',(-80.2500000000164,-5.92826695606456,-15.226977892457));
#8588=CARTESIAN_POINT('Ctrl Pts',(-80.2500000000164,-5.62357945071278,-14.8970462055477));
#8589=CARTESIAN_POINT('Ctrl Pts',(-80.2500000000164,-5.47237679360584,-14.7333160005074));
#8590=CARTESIAN_POINT('Ctrl Pts',(-81.2500000000164,-5.72475716469959,-16.8001618943673));
#8591=CARTESIAN_POINT('Ctrl Pts',(-80.2500000000164,-5.72475716469959,-16.8001618943673));
#8592=CARTESIAN_POINT('Ctrl Pts',(-81.2500000000164,-5.80235068472349,-16.6590446271946));
#8593=CARTESIAN_POINT('Ctrl Pts',(-80.2500000000164,-5.80235068472349,-16.6590446271946));
#8594=CARTESIAN_POINT('Ctrl Pts',(-81.2500000000164,-5.95673580640699,-16.3782685204088));
#8595=CARTESIAN_POINT('Ctrl Pts',(-80.2500000000164,-5.95673580640699,-16.3782685204088));
#8596=CARTESIAN_POINT('Ctrl Pts',(-81.2500000000164,-5.97948075128438,-16.0587062469149));
#8597=CARTESIAN_POINT('Ctrl Pts',(-80.2500000000164,-5.97948075128438,-16.0587062469149));
#8598=CARTESIAN_POINT('Ctrl Pts',(-81.2500000000164,-5.99079415200428,-15.8997550569039));
#8599=CARTESIAN_POINT('Ctrl Pts',(-80.2500000000164,-5.99079415200428,-15.8997550569039));
#8600=CARTESIAN_POINT('',(-81.2500000000164,-5.72475716469959,-16.8001618943673));
#8601=CARTESIAN_POINT('Ctrl Pts',(-81.2500000000164,-5.72475716469959,-16.8001618943673));
#8602=CARTESIAN_POINT('Ctrl Pts',(-81.2500000000164,-5.80235068472349,-16.6590446271946));
#8603=CARTESIAN_POINT('Ctrl Pts',(-81.2500000000164,-5.95673580640699,-16.3782685204088));
#8604=CARTESIAN_POINT('Ctrl Pts',(-81.2500000000164,-5.97948075128438,-16.0587062469149));
#8605=CARTESIAN_POINT('Ctrl Pts',(-81.2500000000164,-5.99079415200428,-15.8997550569039));
#8606=CARTESIAN_POINT('',(-80.2500000000164,-5.72475716469959,-16.8001618943673));
#8607=CARTESIAN_POINT('',(-81.2500000000164,-5.72475716469959,-16.8001618943673));
#8608=CARTESIAN_POINT('Ctrl Pts',(-80.2500000000164,-5.72475716469959,-16.8001618943673));
#8609=CARTESIAN_POINT('Ctrl Pts',(-80.2500000000164,-5.80235068472349,-16.6590446271946));
#8610=CARTESIAN_POINT('Ctrl Pts',(-80.2500000000164,-5.95673580640699,-16.3782685204088));
#8611=CARTESIAN_POINT('Ctrl Pts',(-80.2500000000164,-5.97948075128438,-16.0587062469149));
#8612=CARTESIAN_POINT('Ctrl Pts',(-80.2500000000164,-5.99079415200428,-15.8997550569039));
#8613=CARTESIAN_POINT('Ctrl Pts',(-81.2500000000164,-4.94713112710193,-17.4004331193429));
#8614=CARTESIAN_POINT('Ctrl Pts',(-80.2500000000164,-4.94713112710193,-17.4004331193429));
#8615=CARTESIAN_POINT('Ctrl Pts',(-81.2500000000164,-5.10598859745699,-17.3298485650775));
#8616=CARTESIAN_POINT('Ctrl Pts',(-80.2500000000164,-5.10598859745699,-17.3298485650775));
#8617=CARTESIAN_POINT('Ctrl Pts',(-81.2500000000164,-5.41438037752733,-17.1928219821494));
#8618=CARTESIAN_POINT('Ctrl Pts',(-80.2500000000164,-5.41438037752733,-17.1928219821494));
#8619=CARTESIAN_POINT('Ctrl Pts',(-81.2500000000164,-5.62340461096503,-16.9283837984888));
#8620=CARTESIAN_POINT('Ctrl Pts',(-80.2500000000164,-5.62340461096503,-16.9283837984888));
#8621=CARTESIAN_POINT('Ctrl Pts',(-81.2500000000164,-5.72475716469959,-16.8001618943673));
#8622=CARTESIAN_POINT('Ctrl Pts',(-80.2500000000164,-5.72475716469959,-16.8001618943673));
#8623=CARTESIAN_POINT('',(-81.2500000000164,-4.94713112710193,-17.4004331193429));
#8624=CARTESIAN_POINT('Ctrl Pts',(-81.2500000000164,-4.94713112710193,-17.4004331193429));
#8625=CARTESIAN_POINT('Ctrl Pts',(-81.2500000000164,-5.10598859745699,-17.3298485650775));
#8626=CARTESIAN_POINT('Ctrl Pts',(-81.2500000000164,-5.41438037752733,-17.1928219821494));
#8627=CARTESIAN_POINT('Ctrl Pts',(-81.2500000000164,-5.62340461096503,-16.9283837984888));
#8628=CARTESIAN_POINT('Ctrl Pts',(-81.2500000000164,-5.72475716469959,-16.8001618943673));
#8629=CARTESIAN_POINT('',(-80.2500000000164,-4.94713112710193,-17.4004331193429));
#8630=CARTESIAN_POINT('',(-81.2500000000164,-4.94713112710193,-17.4004331193429));
#8631=CARTESIAN_POINT('Ctrl Pts',(-80.2500000000164,-4.94713112710193,-17.4004331193429));
#8632=CARTESIAN_POINT('Ctrl Pts',(-80.2500000000164,-5.10598859745699,-17.3298485650775));
#8633=CARTESIAN_POINT('Ctrl Pts',(-80.2500000000164,-5.41438037752733,-17.1928219821494));
#8634=CARTESIAN_POINT('Ctrl Pts',(-80.2500000000164,-5.62340461096503,-16.9283837984888));
#8635=CARTESIAN_POINT('Ctrl Pts',(-80.2500000000164,-5.72475716469959,-16.8001618943673));
#8636=CARTESIAN_POINT('Ctrl Pts',(-81.2500000000164,-3.5283116996117,-17.5846114716988));
#8637=CARTESIAN_POINT('Ctrl Pts',(-80.2500000000164,-3.5283116996117,-17.5846114716988));
#8638=CARTESIAN_POINT('Ctrl Pts',(-81.2500000000164,-3.79950488596875,-17.5817306116254));
#8639=CARTESIAN_POINT('Ctrl Pts',(-80.2500000000164,-3.79950488596875,-17.5817306116254));
#8640=CARTESIAN_POINT('Ctrl Pts',(-81.2500000000164,-4.28035976803448,-17.5766225347984));
#8641=CARTESIAN_POINT('Ctrl Pts',(-80.2500000000164,-4.28035976803448,-17.5766225347984));
#8642=CARTESIAN_POINT('Ctrl Pts',(-81.2500000000164,-4.74467919721108,-17.4539295491163));
#8643=CARTESIAN_POINT('Ctrl Pts',(-80.2500000000164,-4.74467919721108,-17.4539295491163));
#8644=CARTESIAN_POINT('Ctrl Pts',(-81.2500000000164,-4.94713112710193,-17.4004331193429));
#8645=CARTESIAN_POINT('Ctrl Pts',(-80.2500000000164,-4.94713112710193,-17.4004331193429));
#8646=CARTESIAN_POINT('',(-81.2500000000164,-3.5283116996117,-17.5846114716988));
#8647=CARTESIAN_POINT('Ctrl Pts',(-81.2500000000164,-3.5283116996117,-17.5846114716988));
#8648=CARTESIAN_POINT('Ctrl Pts',(-81.2500000000164,-3.79950488596875,-17.5817306116254));
#8649=CARTESIAN_POINT('Ctrl Pts',(-81.2500000000164,-4.28035976803448,-17.5766225347984));
#8650=CARTESIAN_POINT('Ctrl Pts',(-81.2500000000164,-4.74467919721108,-17.4539295491163));
#8651=CARTESIAN_POINT('Ctrl Pts',(-81.2500000000164,-4.94713112710193,-17.4004331193429));
#8652=CARTESIAN_POINT('',(-80.2500000000164,-3.5283116996117,-17.5846114716988));
#8653=CARTESIAN_POINT('',(-81.2500000000164,-3.5283116996117,-17.5846114716988));
#8654=CARTESIAN_POINT('Ctrl Pts',(-80.2500000000164,-3.5283116996117,-17.5846114716988));
#8655=CARTESIAN_POINT('Ctrl Pts',(-80.2500000000164,-3.79950488596875,-17.5817306116254));
#8656=CARTESIAN_POINT('Ctrl Pts',(-80.2500000000164,-4.28035976803448,-17.5766225347984));
#8657=CARTESIAN_POINT('Ctrl Pts',(-80.2500000000164,-4.74467919721108,-17.4539295491163));
#8658=CARTESIAN_POINT('Ctrl Pts',(-80.2500000000164,-4.94713112710193,-17.4004331193429));
#8659=CARTESIAN_POINT('Origin',(-81.2500000000164,-0.683834999782595,-17.5846114716988));
#8660=CARTESIAN_POINT('',(-81.2500000000164,-0.683834999782595,-17.5846114716988));
#8661=CARTESIAN_POINT('',(-81.2500000000164,10.2830825001173,-17.5846114716988));
#8662=CARTESIAN_POINT('',(-80.2500000000164,-0.683834999782595,-17.5846114716988));
#8663=CARTESIAN_POINT('',(-81.2500000000164,-0.683834999782595,-17.5846114716988));
#8664=CARTESIAN_POINT('',(-80.2500000000164,-0.683834999782595,-17.5846114716988));
#8665=CARTESIAN_POINT('Origin',(-81.2500000000164,-0.683834999782595,-14.276286657856));
#8666=CARTESIAN_POINT('',(-81.2500000000164,-0.683834999782595,-12.3219916186791));
#8667=CARTESIAN_POINT('',(-80.2500000000164,-0.683834999782595,-14.276286657856));
#8668=CARTESIAN_POINT('Origin',(-81.2500000000164,-0.683834999782595,-18.7305846772652));
#8669=CARTESIAN_POINT('',(-81.2500000000164,-0.683834999782595,-18.7305846772652));
#8670=CARTESIAN_POINT('',(-81.2500000000164,-0.683834999782595,-23.1712403855782));
#8671=CARTESIAN_POINT('',(-81.2500000000164,-0.683834999782595,-14.5491406283837));
#8672=CARTESIAN_POINT('',(-80.2500000000164,-0.683834999782595,-18.7305846772652));
#8673=CARTESIAN_POINT('',(-81.2500000000164,-0.683834999782595,-18.7305846772652));
#8674=CARTESIAN_POINT('',(-80.2500000000164,-0.683834999782595,-23.1712403855782));
#8675=CARTESIAN_POINT('',(-80.2500000000164,-0.683834999782595,-18.7305846772652));
#8676=CARTESIAN_POINT('',(-81.2500000000164,-0.683834999782595,-23.1712403855782));
#8677=CARTESIAN_POINT('Origin',(-81.2500000000164,-2.21862122414783,-18.7305846772652));
#8678=CARTESIAN_POINT('',(-81.2500000000164,-2.21862122414783,-18.7305846772652));
#8679=CARTESIAN_POINT('',(-81.2500000000164,9.51568938793465,-18.7305846772652));
#8680=CARTESIAN_POINT('',(-80.2500000000164,-2.21862122414783,-18.7305846772652));
#8681=CARTESIAN_POINT('',(-81.2500000000164,-2.21862122414783,-18.7305846772652));
#8682=CARTESIAN_POINT('',(-80.2500000000164,-2.21862122414783,-18.7305846772652));
#8683=CARTESIAN_POINT('Ctrl Pts',(-81.2500000000164,-2.95532509682849,-18.7783351502877));
#8684=CARTESIAN_POINT('Ctrl Pts',(-80.2500000000164,-2.95532509682849,-18.7783351502877));
#8685=CARTESIAN_POINT('Ctrl Pts',(-81.2500000000164,-2.85655411270058,-18.7645289196315));
#8686=CARTESIAN_POINT('Ctrl Pts',(-80.2500000000164,-2.85655411270058,-18.7645289196315));
#8687=CARTESIAN_POINT('Ctrl Pts',(-81.2500000000164,-2.6123300090453,-18.7303912188013));
#8688=CARTESIAN_POINT('Ctrl Pts',(-80.2500000000164,-2.6123300090453,-18.7303912188013));
#8689=CARTESIAN_POINT('Ctrl Pts',(-81.2500000000164,-2.36557918715362,-18.7305124658672));
#8690=CARTESIAN_POINT('Ctrl Pts',(-80.2500000000164,-2.36557918715362,-18.7305124658672));
#8691=CARTESIAN_POINT('Ctrl Pts',(-81.2500000000164,-2.21862122414783,-18.7305846772652));
#8692=CARTESIAN_POINT('Ctrl Pts',(-80.2500000000164,-2.21862122414783,-18.7305846772652));
#8693=CARTESIAN_POINT('',(-81.2500000000164,-2.95532509682849,-18.7783351502877));
#8694=CARTESIAN_POINT('Ctrl Pts',(-81.2500000000164,-2.95532509682849,-18.7783351502877));
#8695=CARTESIAN_POINT('Ctrl Pts',(-81.2500000000164,-2.85655411270058,-18.7645289196315));
#8696=CARTESIAN_POINT('Ctrl Pts',(-81.2500000000164,-2.6123300090453,-18.7303912188013));
#8697=CARTESIAN_POINT('Ctrl Pts',(-81.2500000000164,-2.36557918715362,-18.7305124658672));
#8698=CARTESIAN_POINT('Ctrl Pts',(-81.2500000000164,-2.21862122414783,-18.7305846772652));
#8699=CARTESIAN_POINT('',(-80.2500000000164,-2.95532509682849,-18.7783351502877));
#8700=CARTESIAN_POINT('',(-81.2500000000164,-2.95532509682849,-18.7783351502877));
#8701=CARTESIAN_POINT('Ctrl Pts',(-80.2500000000164,-2.95532509682849,-18.7783351502877));
#8702=CARTESIAN_POINT('Ctrl Pts',(-80.2500000000164,-2.85655411270058,-18.7645289196315));
#8703=CARTESIAN_POINT('Ctrl Pts',(-80.2500000000164,-2.6123300090453,-18.7303912188013));
#8704=CARTESIAN_POINT('Ctrl Pts',(-80.2500000000164,-2.36557918715362,-18.7305124658672));
#8705=CARTESIAN_POINT('Ctrl Pts',(-80.2500000000164,-2.21862122414783,-18.7305846772652));
#8706=CARTESIAN_POINT('Ctrl Pts',(-81.2500000000164,-3.55559632180408,-19.0443626008492));
#8707=CARTESIAN_POINT('Ctrl Pts',(-80.2500000000164,-3.55559632180408,-19.0443626008492));
#8708=CARTESIAN_POINT('Ctrl Pts',(-81.2500000000164,-3.45866140431235,-18.985881795368));
#8709=CARTESIAN_POINT('Ctrl Pts',(-80.2500000000164,-3.45866140431235,-18.985881795368));
#8710=CARTESIAN_POINT('Ctrl Pts',(-81.2500000000164,-3.26972146477408,-18.8718943887897));
#8711=CARTESIAN_POINT('Ctrl Pts',(-80.2500000000164,-3.26972146477408,-18.8718943887897));
#8712=CARTESIAN_POINT('Ctrl Pts',(-81.2500000000164,-3.05828492426592,-18.8089743180182));
#8713=CARTESIAN_POINT('Ctrl Pts',(-80.2500000000164,-3.05828492426592,-18.8089743180182));
#8714=CARTESIAN_POINT('Ctrl Pts',(-81.2500000000164,-2.95532509682849,-18.7783351502877));
#8715=CARTESIAN_POINT('Ctrl Pts',(-80.2500000000164,-2.95532509682849,-18.7783351502877));
#8716=CARTESIAN_POINT('',(-81.2500000000164,-3.55559632180408,-19.0443626008492));
#8717=CARTESIAN_POINT('Ctrl Pts',(-81.2500000000164,-3.55559632180408,-19.0443626008492));
#8718=CARTESIAN_POINT('Ctrl Pts',(-81.2500000000164,-3.45866140431235,-18.985881795368));
#8719=CARTESIAN_POINT('Ctrl Pts',(-81.2500000000164,-3.26972146477408,-18.8718943887897));
#8720=CARTESIAN_POINT('Ctrl Pts',(-81.2500000000164,-3.05828492426592,-18.8089743180182));
#8721=CARTESIAN_POINT('Ctrl Pts',(-81.2500000000164,-2.95532509682849,-18.7783351502877));
#8722=CARTESIAN_POINT('',(-80.2500000000164,-3.55559632180408,-19.0443626008492));
#8723=CARTESIAN_POINT('',(-81.2500000000164,-3.55559632180408,-19.0443626008492));
#8724=CARTESIAN_POINT('Ctrl Pts',(-80.2500000000164,-3.55559632180408,-19.0443626008492));
#8725=CARTESIAN_POINT('Ctrl Pts',(-80.2500000000164,-3.45866140431235,-18.985881795368));
#8726=CARTESIAN_POINT('Ctrl Pts',(-80.2500000000164,-3.26972146477408,-18.8718943887897));
#8727=CARTESIAN_POINT('Ctrl Pts',(-80.2500000000164,-3.05828492426592,-18.8089743180182));
#8728=CARTESIAN_POINT('Ctrl Pts',(-80.2500000000164,-2.95532509682849,-18.7783351502877));
#8729=CARTESIAN_POINT('Ctrl Pts',(-81.2500000000164,-4.23090264199451,-19.7128501496773));
#8730=CARTESIAN_POINT('Ctrl Pts',(-80.2500000000164,-4.23090264199451,-19.7128501496773));
#8731=CARTESIAN_POINT('Ctrl Pts',(-81.2500000000164,-4.1178144339829,-19.5716588789508));
#8732=CARTESIAN_POINT('Ctrl Pts',(-80.2500000000164,-4.1178144339829,-19.5716588789508));
#8733=CARTESIAN_POINT('Ctrl Pts',(-81.2500000000164,-3.91823607081642,-19.3224841577269));
#8734=CARTESIAN_POINT('Ctrl Pts',(-80.2500000000164,-3.91823607081642,-19.3224841577269));
#8735=CARTESIAN_POINT('Ctrl Pts',(-81.2500000000164,-3.66523707619902,-19.1284500661439));
#8736=CARTESIAN_POINT('Ctrl Pts',(-80.2500000000164,-3.66523707619902,-19.1284500661439));
#8737=CARTESIAN_POINT('Ctrl Pts',(-81.2500000000164,-3.55559632180408,-19.0443626008492));
#8738=CARTESIAN_POINT('Ctrl Pts',(-80.2500000000164,-3.55559632180408,-19.0443626008492));
#8739=CARTESIAN_POINT('',(-81.2500000000164,-4.23090264199451,-19.7128501496773));
#8740=CARTESIAN_POINT('Ctrl Pts',(-81.2500000000164,-4.23090264199451,-19.7128501496773));
#8741=CARTESIAN_POINT('Ctrl Pts',(-81.2500000000164,-4.1178144339829,-19.5716588789508));
#8742=CARTESIAN_POINT('Ctrl Pts',(-81.2500000000164,-3.91823607081642,-19.3224841577269));
#8743=CARTESIAN_POINT('Ctrl Pts',(-81.2500000000164,-3.66523707619902,-19.1284500661439));
#8744=CARTESIAN_POINT('Ctrl Pts',(-81.2500000000164,-3.55559632180408,-19.0443626008492));
#8745=CARTESIAN_POINT('',(-80.2500000000164,-4.23090264199451,-19.7128501496773));
#8746=CARTESIAN_POINT('',(-81.2500000000164,-4.23090264199451,-19.7128501496773));
#8747=CARTESIAN_POINT('Ctrl Pts',(-80.2500000000164,-4.23090264199451,-19.7128501496773));
#8748=CARTESIAN_POINT('Ctrl Pts',(-80.2500000000164,-4.1178144339829,-19.5716588789508));
#8749=CARTESIAN_POINT('Ctrl Pts',(-80.2500000000164,-3.91823607081642,-19.3224841577269));
#8750=CARTESIAN_POINT('Ctrl Pts',(-80.2500000000164,-3.66523707619902,-19.1284500661439));
#8751=CARTESIAN_POINT('Ctrl Pts',(-80.2500000000164,-3.55559632180408,-19.0443626008492));
#8752=CARTESIAN_POINT('Ctrl Pts',(-81.2500000000164,-5.18588349221424,-21.0907474122506));
#8753=CARTESIAN_POINT('Ctrl Pts',(-80.2500000000164,-5.18588349221424,-21.0907474122506));
#8754=CARTESIAN_POINT('Ctrl Pts',(-81.2500000000164,-5.01294743723245,-20.8235650757258));
#8755=CARTESIAN_POINT('Ctrl Pts',(-80.2500000000164,-5.01294743723245,-20.8235650757258));
#8756=CARTESIAN_POINT('Ctrl Pts',(-81.2500000000164,-4.70911666407095,-20.3541533276089));
#8757=CARTESIAN_POINT('Ctrl Pts',(-80.2500000000164,-4.70911666407095,-20.3541533276089));
#8758=CARTESIAN_POINT('Ctrl Pts',(-81.2500000000164,-4.37489164401085,-19.905944873624));
#8759=CARTESIAN_POINT('Ctrl Pts',(-80.2500000000164,-4.37489164401085,-19.905944873624));
#8760=CARTESIAN_POINT('Ctrl Pts',(-81.2500000000164,-4.23090264199451,-19.7128501496773));
#8761=CARTESIAN_POINT('Ctrl Pts',(-80.2500000000164,-4.23090264199451,-19.7128501496773));
#8762=CARTESIAN_POINT('',(-81.2500000000164,-5.18588349221424,-21.0907474122506));
#8763=CARTESIAN_POINT('Ctrl Pts',(-81.2500000000164,-5.18588349221424,-21.0907474122506));
#8764=CARTESIAN_POINT('Ctrl Pts',(-81.2500000000164,-5.01294743723245,-20.8235650757258));
#8765=CARTESIAN_POINT('Ctrl Pts',(-81.2500000000164,-4.70911666407095,-20.3541533276089));
#8766=CARTESIAN_POINT('Ctrl Pts',(-81.2500000000164,-4.37489164401085,-19.905944873624));
#8767=CARTESIAN_POINT('Ctrl Pts',(-81.2500000000164,-4.23090264199451,-19.7128501496773));
#8768=CARTESIAN_POINT('',(-80.2500000000164,-5.18588349221424,-21.0907474122506));
#8769=CARTESIAN_POINT('',(-81.2500000000164,-5.18588349221424,-21.0907474122506));
#8770=CARTESIAN_POINT('Ctrl Pts',(-80.2500000000164,-5.18588349221424,-21.0907474122506));
#8771=CARTESIAN_POINT('Ctrl Pts',(-80.2500000000164,-5.01294743723245,-20.8235650757258));
#8772=CARTESIAN_POINT('Ctrl Pts',(-80.2500000000164,-4.70911666407095,-20.3541533276089));
#8773=CARTESIAN_POINT('Ctrl Pts',(-80.2500000000164,-4.37489164401085,-19.905944873624));
#8774=CARTESIAN_POINT('Ctrl Pts',(-80.2500000000164,-4.23090264199451,-19.7128501496773));
#8775=CARTESIAN_POINT('Origin',(-81.2500000000164,-6.50921151040271,-23.1712403855782));
#8776=CARTESIAN_POINT('',(-81.2500000000164,-6.50921151040271,-23.1712403855782));
#8777=CARTESIAN_POINT('',(-81.2500000000164,0.38775361933764,-12.3280576731369));
#8778=CARTESIAN_POINT('',(-80.2500000000164,-6.50921151040271,-23.1712403855782));
#8779=CARTESIAN_POINT('',(-81.2500000000164,-6.50921151040271,-23.1712403855782));
#8780=CARTESIAN_POINT('',(-80.2500000000164,-6.50921151040271,-23.1712403855782));
#8781=CARTESIAN_POINT('Origin',(-81.2500000000164,-8.17360207436756,-23.1712403855782));
#8782=CARTESIAN_POINT('',(-81.2500000000164,-8.17360207436756,-23.1712403855782));
#8783=CARTESIAN_POINT('',(-81.2500000000164,6.53819896282479,-23.1712403855782));
#8784=CARTESIAN_POINT('',(-80.2500000000164,-8.17360207436756,-23.1712403855782));
#8785=CARTESIAN_POINT('',(-81.2500000000164,-8.17360207436756,-23.1712403855782));
#8786=CARTESIAN_POINT('',(-80.2500000000164,-8.17360207436756,-23.1712403855782));
#8787=CARTESIAN_POINT('Origin',(-81.2500000000164,-6.43417641518787,-20.4495492539864));
#8788=CARTESIAN_POINT('',(-81.2500000000164,-6.43417641518787,-20.4495492539864));
#8789=CARTESIAN_POINT('',(-81.2500000000164,-0.132632553531189,-10.589480815249));
#8790=CARTESIAN_POINT('',(-80.2500000000164,-6.43417641518787,-20.4495492539864));
#8791=CARTESIAN_POINT('',(-81.2500000000164,-6.43417641518787,-20.4495492539864));
#8792=CARTESIAN_POINT('',(-80.2500000000164,-6.43417641518787,-20.4495492539864));
#8793=CARTESIAN_POINT('Ctrl Pts',(-81.2500000000164,-5.33594414590076,-19.1193976960641));
#8794=CARTESIAN_POINT('Ctrl Pts',(-80.2500000000164,-5.33594414590076,-19.1193976960641));
#8795=CARTESIAN_POINT('Ctrl Pts',(-81.2500000000164,-5.53040970012093,-19.3136784230756));
#8796=CARTESIAN_POINT('Ctrl Pts',(-80.2500000000164,-5.53040970012093,-19.3136784230756));
#8797=CARTESIAN_POINT('Ctrl Pts',(-81.2500000000164,-5.93892622837875,-19.7218066822136));
#8798=CARTESIAN_POINT('Ctrl Pts',(-80.2500000000164,-5.93892622837875,-19.7218066822136));
#8799=CARTESIAN_POINT('Ctrl Pts',(-81.2500000000164,-6.26389964280904,-20.1993370187472));
#8800=CARTESIAN_POINT('Ctrl Pts',(-80.2500000000164,-6.26389964280904,-20.1993370187472));
#8801=CARTESIAN_POINT('Ctrl Pts',(-81.2500000000164,-6.43417641518787,-20.4495492539864));
#8802=CARTESIAN_POINT('Ctrl Pts',(-80.2500000000164,-6.43417641518787,-20.4495492539864));
#8803=CARTESIAN_POINT('',(-81.2500000000164,-5.33594414590076,-19.1193976960641));
#8804=CARTESIAN_POINT('Ctrl Pts',(-81.2500000000164,-5.33594414590076,-19.1193976960641));
#8805=CARTESIAN_POINT('Ctrl Pts',(-81.2500000000164,-5.53040970012093,-19.3136784230756));
#8806=CARTESIAN_POINT('Ctrl Pts',(-81.2500000000164,-5.93892622837875,-19.7218066822136));
#8807=CARTESIAN_POINT('Ctrl Pts',(-81.2500000000164,-6.26389964280904,-20.1993370187472));
#8808=CARTESIAN_POINT('Ctrl Pts',(-81.2500000000164,-6.43417641518787,-20.4495492539864));
#8809=CARTESIAN_POINT('',(-80.2500000000164,-5.33594414590076,-19.1193976960641));
#8810=CARTESIAN_POINT('',(-81.2500000000164,-5.33594414590076,-19.1193976960641));
#8811=CARTESIAN_POINT('Ctrl Pts',(-80.2500000000164,-5.33594414590076,-19.1193976960641));
#8812=CARTESIAN_POINT('Ctrl Pts',(-80.2500000000164,-5.53040970012093,-19.3136784230756));
#8813=CARTESIAN_POINT('Ctrl Pts',(-80.2500000000164,-5.93892622837875,-19.7218066822136));
#8814=CARTESIAN_POINT('Ctrl Pts',(-80.2500000000164,-6.26389964280904,-20.1993370187472));
#8815=CARTESIAN_POINT('Ctrl Pts',(-80.2500000000164,-6.43417641518787,-20.4495492539864));
#8816=CARTESIAN_POINT('Ctrl Pts',(-81.2500000000164,-4.53786179421619,-18.6214461884957));
#8817=CARTESIAN_POINT('Ctrl Pts',(-80.2500000000164,-4.53786179421619,-18.6214461884957));
#8818=CARTESIAN_POINT('Ctrl Pts',(-81.2500000000164,-4.69550565265038,-18.699338796187));
#8819=CARTESIAN_POINT('Ctrl Pts',(-80.2500000000164,-4.69550565265038,-18.699338796187));
#8820=CARTESIAN_POINT('Ctrl Pts',(-81.2500000000164,-4.97822728986073,-18.8390329510483));
#8821=CARTESIAN_POINT('Ctrl Pts',(-80.2500000000164,-4.97822728986073,-18.8390329510483));
#8822=CARTESIAN_POINT('Ctrl Pts',(-81.2500000000164,-5.22622738802841,-19.0334059114292));
#8823=CARTESIAN_POINT('Ctrl Pts',(-80.2500000000164,-5.22622738802841,-19.0334059114292));
#8824=CARTESIAN_POINT('Ctrl Pts',(-81.2500000000164,-5.33594414590076,-19.1193976960641));
#8825=CARTESIAN_POINT('Ctrl Pts',(-80.2500000000164,-5.33594414590076,-19.1193976960641));
#8826=CARTESIAN_POINT('',(-81.2500000000164,-4.53786179421619,-18.6214461884957));
#8827=CARTESIAN_POINT('Ctrl Pts',(-81.2500000000164,-4.53786179421619,-18.6214461884957));
#8828=CARTESIAN_POINT('Ctrl Pts',(-81.2500000000164,-4.69550565265038,-18.699338796187));
#8829=CARTESIAN_POINT('Ctrl Pts',(-81.2500000000164,-4.97822728986073,-18.8390329510483));
#8830=CARTESIAN_POINT('Ctrl Pts',(-81.2500000000164,-5.22622738802841,-19.0334059114292));
#8831=CARTESIAN_POINT('Ctrl Pts',(-81.2500000000164,-5.33594414590076,-19.1193976960641));
#8832=CARTESIAN_POINT('',(-80.2500000000164,-4.53786179421619,-18.6214461884957));
#8833=CARTESIAN_POINT('',(-81.2500000000164,-4.53786179421619,-18.6214461884957));
#8834=CARTESIAN_POINT('Ctrl Pts',(-80.2500000000164,-4.53786179421619,-18.6214461884957));
#8835=CARTESIAN_POINT('Ctrl Pts',(-80.2500000000164,-4.69550565265038,-18.699338796187));
#8836=CARTESIAN_POINT('Ctrl Pts',(-80.2500000000164,-4.97822728986073,-18.8390329510483));
#8837=CARTESIAN_POINT('Ctrl Pts',(-80.2500000000164,-5.22622738802841,-19.0334059114292));
#8838=CARTESIAN_POINT('Ctrl Pts',(-80.2500000000164,-5.33594414590076,-19.1193976960641));
#8839=CARTESIAN_POINT('Ctrl Pts',(-81.2500000000164,-6.6661004721947,-17.6937499604684));
#8840=CARTESIAN_POINT('Ctrl Pts',(-80.2500000000164,-6.6661004721947,-17.6937499604684));
#8841=CARTESIAN_POINT('Ctrl Pts',(-81.2500000000164,-6.38508002415681,-17.9171597446445));
#8842=CARTESIAN_POINT('Ctrl Pts',(-80.2500000000164,-6.38508002415681,-17.9171597446445));
#8843=CARTESIAN_POINT('Ctrl Pts',(-81.2500000000164,-5.76096989591271,-18.4133240274457));
#8844=CARTESIAN_POINT('Ctrl Pts',(-80.2500000000164,-5.76096989591271,-18.4133240274457));
#8845=CARTESIAN_POINT('Ctrl Pts',(-81.2500000000164,-4.97172847181721,-18.5476201134132));
#8846=CARTESIAN_POINT('Ctrl Pts',(-80.2500000000164,-4.97172847181721,-18.5476201134132));
#8847=CARTESIAN_POINT('Ctrl Pts',(-81.2500000000164,-4.53786179421619,-18.6214461884957));
#8848=CARTESIAN_POINT('Ctrl Pts',(-80.2500000000164,-4.53786179421619,-18.6214461884957));
#8849=CARTESIAN_POINT('',(-81.2500000000164,-6.6661004721947,-17.6937499604684));
#8850=CARTESIAN_POINT('Ctrl Pts',(-81.2500000000164,-6.6661004721947,-17.6937499604684));
#8851=CARTESIAN_POINT('Ctrl Pts',(-81.2500000000164,-6.38508002415681,-17.9171597446445));
#8852=CARTESIAN_POINT('Ctrl Pts',(-81.2500000000164,-5.76096989591271,-18.4133240274457));
#8853=CARTESIAN_POINT('Ctrl Pts',(-81.2500000000164,-4.97172847181721,-18.5476201134132));
#8854=CARTESIAN_POINT('Ctrl Pts',(-81.2500000000164,-4.53786179421619,-18.6214461884957));
#8855=CARTESIAN_POINT('',(-80.2500000000164,-6.6661004721947,-17.6937499604684));
#8856=CARTESIAN_POINT('',(-81.2500000000164,-6.6661004721947,-17.6937499604684));
#8857=CARTESIAN_POINT('Ctrl Pts',(-80.2500000000164,-6.6661004721947,-17.6937499604684));
#8858=CARTESIAN_POINT('Ctrl Pts',(-80.2500000000164,-6.38508002415681,-17.9171597446445));
#8859=CARTESIAN_POINT('Ctrl Pts',(-80.2500000000164,-5.76096989591271,-18.4133240274457));
#8860=CARTESIAN_POINT('Ctrl Pts',(-80.2500000000164,-4.97172847181721,-18.5476201134132));
#8861=CARTESIAN_POINT('Ctrl Pts',(-80.2500000000164,-4.53786179421619,-18.6214461884957));
#8862=CARTESIAN_POINT('Ctrl Pts',(-81.2500000000164,-7.35504433510974,-15.8997550569039));
#8863=CARTESIAN_POINT('Ctrl Pts',(-80.2500000000164,-7.35504433510974,-15.8997550569039));
#8864=CARTESIAN_POINT('Ctrl Pts',(-81.2500000000164,-7.32825521213876,-16.2384813093304));
#8865=CARTESIAN_POINT('Ctrl Pts',(-80.2500000000164,-7.32825521213876,-16.2384813093304));
#8866=CARTESIAN_POINT('Ctrl Pts',(-81.2500000000164,-7.27553521586611,-16.9050819585836));
#8867=CARTESIAN_POINT('Ctrl Pts',(-80.2500000000164,-7.27553521586611,-16.9050819585836));
#8868=CARTESIAN_POINT('Ctrl Pts',(-81.2500000000164,-6.86702864004982,-17.4337293129581));
#8869=CARTESIAN_POINT('Ctrl Pts',(-80.2500000000164,-6.86702864004982,-17.4337293129581));
#8870=CARTESIAN_POINT('Ctrl Pts',(-81.2500000000164,-6.6661004721947,-17.6937499604684));
#8871=CARTESIAN_POINT('Ctrl Pts',(-80.2500000000164,-6.6661004721947,-17.6937499604684));
#8872=CARTESIAN_POINT('',(-81.2500000000164,-7.35504433510974,-15.8997550569039));
#8873=CARTESIAN_POINT('Ctrl Pts',(-81.2500000000164,-7.35504433510974,-15.8997550569039));
#8874=CARTESIAN_POINT('Ctrl Pts',(-81.2500000000164,-7.32825521213876,-16.2384813093304));
#8875=CARTESIAN_POINT('Ctrl Pts',(-81.2500000000164,-7.27553521586611,-16.9050819585836));
#8876=CARTESIAN_POINT('Ctrl Pts',(-81.2500000000164,-6.86702864004982,-17.4337293129581));
#8877=CARTESIAN_POINT('Ctrl Pts',(-81.2500000000164,-6.6661004721947,-17.6937499604684));
#8878=CARTESIAN_POINT('',(-80.2500000000164,-7.35504433510974,-15.8997550569039));
#8879=CARTESIAN_POINT('',(-81.2500000000164,-7.35504433510974,-15.8997550569039));
#8880=CARTESIAN_POINT('Ctrl Pts',(-80.2500000000164,-7.35504433510974,-15.8997550569039));
#8881=CARTESIAN_POINT('Ctrl Pts',(-80.2500000000164,-7.32825521213876,-16.2384813093304));
#8882=CARTESIAN_POINT('Ctrl Pts',(-80.2500000000164,-7.27553521586611,-16.9050819585836));
#8883=CARTESIAN_POINT('Ctrl Pts',(-80.2500000000164,-6.86702864004982,-17.4337293129581));
#8884=CARTESIAN_POINT('Ctrl Pts',(-80.2500000000164,-6.6661004721947,-17.6937499604684));
#8885=CARTESIAN_POINT('Ctrl Pts',(-81.2500000000164,-6.93894669411853,-14.3922486863595));
#8886=CARTESIAN_POINT('Ctrl Pts',(-80.2500000000164,-6.93894669411853,-14.3922486863595));
#8887=CARTESIAN_POINT('Ctrl Pts',(-81.2500000000164,-7.06030478710408,-14.6267550191345));
#8888=CARTESIAN_POINT('Ctrl Pts',(-80.2500000000164,-7.06030478710408,-14.6267550191345));
#8889=CARTESIAN_POINT('Ctrl Pts',(-81.2500000000164,-7.30512264470845,-15.0998288502424));
#8890=CARTESIAN_POINT('Ctrl Pts',(-80.2500000000164,-7.30512264470845,-15.0998288502424));
#8891=CARTESIAN_POINT('Ctrl Pts',(-81.2500000000164,-7.3383088079574,-15.6315913259917));
#8892=CARTESIAN_POINT('Ctrl Pts',(-80.2500000000164,-7.3383088079574,-15.6315913259917));
#8893=CARTESIAN_POINT('Ctrl Pts',(-81.2500000000164,-7.35504433510974,-15.8997550569039));
#8894=CARTESIAN_POINT('Ctrl Pts',(-80.2500000000164,-7.35504433510974,-15.8997550569039));
#8895=CARTESIAN_POINT('',(-81.2500000000164,-6.93894669411853,-14.3922486863595));
#8896=CARTESIAN_POINT('Ctrl Pts',(-81.2500000000164,-6.93894669411853,-14.3922486863595));
#8897=CARTESIAN_POINT('Ctrl Pts',(-81.2500000000164,-7.06030478710408,-14.6267550191345));
#8898=CARTESIAN_POINT('Ctrl Pts',(-81.2500000000164,-7.30512264470845,-15.0998288502424));
#8899=CARTESIAN_POINT('Ctrl Pts',(-81.2500000000164,-7.3383088079574,-15.6315913259917));
#8900=CARTESIAN_POINT('Ctrl Pts',(-81.2500000000164,-7.35504433510974,-15.8997550569039));
#8901=CARTESIAN_POINT('',(-80.2500000000164,-6.93894669411853,-14.3922486863595));
#8902=CARTESIAN_POINT('',(-81.2500000000164,-6.93894669411853,-14.3922486863595));
#8903=CARTESIAN_POINT('Ctrl Pts',(-80.2500000000164,-6.93894669411853,-14.3922486863595));
#8904=CARTESIAN_POINT('Ctrl Pts',(-80.2500000000164,-7.06030478710408,-14.6267550191345));
#8905=CARTESIAN_POINT('Ctrl Pts',(-80.2500000000164,-7.30512264470845,-15.0998288502424));
#8906=CARTESIAN_POINT('Ctrl Pts',(-80.2500000000164,-7.3383088079574,-15.6315913259917));
#8907=CARTESIAN_POINT('Ctrl Pts',(-80.2500000000164,-7.35504433510974,-15.8997550569039));
#8908=CARTESIAN_POINT('Ctrl Pts',(-81.2500000000164,-5.82707688210681,-13.4440913758736));
#8909=CARTESIAN_POINT('Ctrl Pts',(-80.2500000000164,-5.82707688210681,-13.4440913758736));
#8910=CARTESIAN_POINT('Ctrl Pts',(-81.2500000000164,-6.04860674168306,-13.5522012505527));
#8911=CARTESIAN_POINT('Ctrl Pts',(-80.2500000000164,-6.04860674168306,-13.5522012505527));
#8912=CARTESIAN_POINT('Ctrl Pts',(-81.2500000000164,-6.50025500180701,-13.7726123359677));
#8913=CARTESIAN_POINT('Ctrl Pts',(-80.2500000000164,-6.50025500180701,-13.7726123359677));
#8914=CARTESIAN_POINT('Ctrl Pts',(-81.2500000000164,-6.79087399360126,-14.1831012843247));
#8915=CARTESIAN_POINT('Ctrl Pts',(-80.2500000000164,-6.79087399360126,-14.1831012843247));
#8916=CARTESIAN_POINT('Ctrl Pts',(-81.2500000000164,-6.93894669411853,-14.3922486863595));
#8917=CARTESIAN_POINT('Ctrl Pts',(-80.2500000000164,-6.93894669411853,-14.3922486863595));
#8918=CARTESIAN_POINT('',(-81.2500000000164,-5.82707688210681,-13.4440913758736));
#8919=CARTESIAN_POINT('Ctrl Pts',(-81.2500000000164,-5.82707688210681,-13.4440913758736));
#8920=CARTESIAN_POINT('Ctrl Pts',(-81.2500000000164,-6.04860674168306,-13.5522012505527));
#8921=CARTESIAN_POINT('Ctrl Pts',(-81.2500000000164,-6.50025500180701,-13.7726123359677));
#8922=CARTESIAN_POINT('Ctrl Pts',(-81.2500000000164,-6.79087399360126,-14.1831012843247));
#8923=CARTESIAN_POINT('Ctrl Pts',(-81.2500000000164,-6.93894669411853,-14.3922486863595));
#8924=CARTESIAN_POINT('',(-80.2500000000164,-5.82707688210681,-13.4440913758736));
#8925=CARTESIAN_POINT('',(-81.2500000000164,-5.82707688210681,-13.4440913758736));
#8926=CARTESIAN_POINT('Ctrl Pts',(-80.2500000000164,-5.82707688210681,-13.4440913758736));
#8927=CARTESIAN_POINT('Ctrl Pts',(-80.2500000000164,-6.04860674168306,-13.5522012505527));
#8928=CARTESIAN_POINT('Ctrl Pts',(-80.2500000000164,-6.50025500180701,-13.7726123359677));
#8929=CARTESIAN_POINT('Ctrl Pts',(-80.2500000000164,-6.79087399360126,-14.1831012843247));
#8930=CARTESIAN_POINT('Ctrl Pts',(-80.2500000000164,-6.93894669411853,-14.3922486863595));
#8931=CARTESIAN_POINT('Ctrl Pts',(-81.2500000000164,-3.79433915017322,-13.1712403855782));
#8932=CARTESIAN_POINT('Ctrl Pts',(-80.2500000000164,-3.79433915017322,-13.1712403855782));
#8933=CARTESIAN_POINT('Ctrl Pts',(-81.2500000000164,-4.18945633982044,-13.1743395644214));
#8934=CARTESIAN_POINT('Ctrl Pts',(-80.2500000000164,-4.18945633982044,-13.1743395644214));
#8935=CARTESIAN_POINT('Ctrl Pts',(-81.2500000000164,-4.87963740210431,-13.1797531343755));
#8936=CARTESIAN_POINT('Ctrl Pts',(-80.2500000000164,-4.87963740210431,-13.1797531343755));
#8937=CARTESIAN_POINT('Ctrl Pts',(-81.2500000000164,-5.54333509146168,-13.364926629669));
#8938=CARTESIAN_POINT('Ctrl Pts',(-80.2500000000164,-5.54333509146168,-13.364926629669));
#8939=CARTESIAN_POINT('Ctrl Pts',(-81.2500000000164,-5.82707688210681,-13.4440913758736));
#8940=CARTESIAN_POINT('Ctrl Pts',(-80.2500000000164,-5.82707688210681,-13.4440913758736));
#8941=CARTESIAN_POINT('',(-81.2500000000164,-3.79433915017322,-13.1712403855782));
#8942=CARTESIAN_POINT('Ctrl Pts',(-81.2500000000164,-3.79433915017322,-13.1712403855782));
#8943=CARTESIAN_POINT('Ctrl Pts',(-81.2500000000164,-4.18945633982044,-13.1743395644214));
#8944=CARTESIAN_POINT('Ctrl Pts',(-81.2500000000164,-4.87963740210431,-13.1797531343755));
#8945=CARTESIAN_POINT('Ctrl Pts',(-81.2500000000164,-5.54333509146168,-13.364926629669));
#8946=CARTESIAN_POINT('Ctrl Pts',(-81.2500000000164,-5.82707688210681,-13.4440913758736));
#8947=CARTESIAN_POINT('',(-80.2500000000164,-3.79433915017322,-13.1712403855782));
#8948=CARTESIAN_POINT('',(-81.2500000000164,-3.79433915017322,-13.1712403855782));
#8949=CARTESIAN_POINT('Ctrl Pts',(-80.2500000000164,-3.79433915017322,-13.1712403855782));
#8950=CARTESIAN_POINT('Ctrl Pts',(-80.2500000000164,-4.18945633982044,-13.1743395644214));
#8951=CARTESIAN_POINT('Ctrl Pts',(-80.2500000000164,-4.87963740210431,-13.1797531343755));
#8952=CARTESIAN_POINT('Ctrl Pts',(-80.2500000000164,-5.54333509146168,-13.364926629669));
#8953=CARTESIAN_POINT('Ctrl Pts',(-80.2500000000164,-5.82707688210681,-13.4440913758736));
#8954=CARTESIAN_POINT('Origin',(-81.2500000000164,0.639493018405881,-13.1712403855782));
#8955=CARTESIAN_POINT('',(-81.2500000000164,0.639493018405881,-13.1712403855782));
#8956=CARTESIAN_POINT('',(-81.2500000000164,10.9447465092115,-13.1712403855782));
#8957=CARTESIAN_POINT('',(-80.2500000000164,0.639493018405881,-13.1712403855782));
#8958=CARTESIAN_POINT('',(-81.2500000000164,0.639493018405881,-13.1712403855782));
#8959=CARTESIAN_POINT('',(-80.2500000000164,0.639493018405881,-13.1712403855782));
#8960=CARTESIAN_POINT('Origin',(-81.2500000000164,0.639493018405881,-23.1712403855782));
#8961=CARTESIAN_POINT('',(-81.2500000000164,0.639493018405881,-23.1712403855782));
#8962=CARTESIAN_POINT('',(-81.2500000000164,0.639493018405881,-16.7694684825402));
#8963=CARTESIAN_POINT('',(-80.2500000000164,0.639493018405881,-23.1712403855782));
#8964=CARTESIAN_POINT('',(-81.2500000000164,0.639493018405881,-23.1712403855782));
#8965=CARTESIAN_POINT('',(-80.2500000000164,0.639493018405881,-23.1712403855782));
#8966=CARTESIAN_POINT('Origin',(-81.2500000000164,-0.683834999782595,-23.1712403855782));
#8967=CARTESIAN_POINT('',(-81.2500000000164,10.2830825001173,-23.1712403855782));
#8968=CARTESIAN_POINT('',(-80.2500000000164,-0.683834999782595,-23.1712403855782));
#8969=CARTESIAN_POINT('Origin',(-80.2500000000164,21.2499997764997,-10.3676930032235));
#8970=CARTESIAN_POINT('Origin',(-81.2500000000164,8.95805075766369,-5.50411849837118));
#8971=CARTESIAN_POINT('',(-81.2500000000164,8.95805075766369,-5.50411849837118));
#8972=CARTESIAN_POINT('',(-81.2500000000164,8.95805075766369,-3.64190727095419));
#8973=CARTESIAN_POINT('',(-81.2500000000164,8.95805075766369,-7.93590753893668));
#8974=CARTESIAN_POINT('',(-80.2500000000164,8.95805075766369,-5.50411849837118));
#8975=CARTESIAN_POINT('',(-81.2500000000164,8.95805075766369,-5.50411849837118));
#8976=CARTESIAN_POINT('',(-80.2500000000164,8.95805075766369,-3.64190727095419));
#8977=CARTESIAN_POINT('',(-80.2500000000164,8.95805075766369,-5.50411849837118));
#8978=CARTESIAN_POINT('',(-81.2500000000164,8.95805075766369,-3.64190727095419));
#8979=CARTESIAN_POINT('Ctrl Pts',(-81.2500000000164,10.199524909275,-6.21353298048788));
#8980=CARTESIAN_POINT('Ctrl Pts',(-80.2500000000164,10.199524909275,-6.21353298048788));
#8981=CARTESIAN_POINT('Ctrl Pts',(-81.2500000000164,9.95354079864687,-6.10916119022537));
#8982=CARTESIAN_POINT('Ctrl Pts',(-80.2500000000164,9.95354079864687,-6.10916119022537));
#8983=CARTESIAN_POINT('Ctrl Pts',(-81.2500000000164,9.51123140943632,-5.92148799993705));
#8984=CARTESIAN_POINT('Ctrl Pts',(-80.2500000000164,9.51123140943632,-5.92148799993705));
#8985=CARTESIAN_POINT('Ctrl Pts',(-81.2500000000164,9.12810626990353,-5.63242375300118));
#8986=CARTESIAN_POINT('Ctrl Pts',(-80.2500000000164,9.12810626990353,-5.63242375300118));
#8987=CARTESIAN_POINT('Ctrl Pts',(-81.2500000000164,8.95805075766369,-5.50411849837118));
#8988=CARTESIAN_POINT('Ctrl Pts',(-80.2500000000164,8.95805075766369,-5.50411849837118));
#8989=CARTESIAN_POINT('',(-81.2500000000164,10.199524909275,-6.21353298048788));
#8990=CARTESIAN_POINT('Ctrl Pts',(-81.2500000000164,10.199524909275,-6.21353298048788));
#8991=CARTESIAN_POINT('Ctrl Pts',(-81.2500000000164,9.95354079864687,-6.10916119022537));
#8992=CARTESIAN_POINT('Ctrl Pts',(-81.2500000000164,9.51123140943632,-5.92148799993705));
#8993=CARTESIAN_POINT('Ctrl Pts',(-81.2500000000164,9.12810626990353,-5.63242375300118));
#8994=CARTESIAN_POINT('Ctrl Pts',(-81.2500000000164,8.95805075766369,-5.50411849837118));
#8995=CARTESIAN_POINT('',(-80.2500000000164,10.199524909275,-6.21353298048788));
#8996=CARTESIAN_POINT('',(-81.2500000000164,10.199524909275,-6.21353298048788));
#8997=CARTESIAN_POINT('Ctrl Pts',(-80.2500000000164,10.199524909275,-6.21353298048788));
#8998=CARTESIAN_POINT('Ctrl Pts',(-80.2500000000164,9.95354079864687,-6.10916119022537));
#8999=CARTESIAN_POINT('Ctrl Pts',(-80.2500000000164,9.51123140943632,-5.92148799993705));
#9000=CARTESIAN_POINT('Ctrl Pts',(-80.2500000000164,9.12810626990353,-5.63242375300118));
#9001=CARTESIAN_POINT('Ctrl Pts',(-80.2500000000164,8.95805075766369,-5.50411849837118));
#9002=CARTESIAN_POINT('Ctrl Pts',(-81.2500000000164,11.8775577843361,-6.54095321516806));
#9003=CARTESIAN_POINT('Ctrl Pts',(-80.2500000000164,11.8775577843361,-6.54095321516806));
#9004=CARTESIAN_POINT('Ctrl Pts',(-81.2500000000164,11.5918910163481,-6.52695834605608));
#9005=CARTESIAN_POINT('Ctrl Pts',(-80.2500000000164,11.5918910163481,-6.52695834605608));
#9006=CARTESIAN_POINT('Ctrl Pts',(-81.2500000000164,11.0168013043979,-6.49878459205916));
#9007=CARTESIAN_POINT('Ctrl Pts',(-80.2500000000164,11.0168013043979,-6.49878459205916));
#9008=CARTESIAN_POINT('Ctrl Pts',(-81.2500000000164,10.4731340215183,-6.30902997596425));
#9009=CARTESIAN_POINT('Ctrl Pts',(-80.2500000000164,10.4731340215183,-6.30902997596425));
#9010=CARTESIAN_POINT('Ctrl Pts',(-81.2500000000164,10.199524909275,-6.21353298048788));
#9011=CARTESIAN_POINT('Ctrl Pts',(-80.2500000000164,10.199524909275,-6.21353298048788));
#9012=CARTESIAN_POINT('',(-81.2500000000164,11.8775577843361,-6.54095321516806));
#9013=CARTESIAN_POINT('Ctrl Pts',(-81.2500000000164,11.8775577843361,-6.54095321516806));
#9014=CARTESIAN_POINT('Ctrl Pts',(-81.2500000000164,11.5918910163481,-6.52695834605608));
#9015=CARTESIAN_POINT('Ctrl Pts',(-81.2500000000164,11.0168013043979,-6.49878459205916));
#9016=CARTESIAN_POINT('Ctrl Pts',(-81.2500000000164,10.4731340215183,-6.30902997596425));
#9017=CARTESIAN_POINT('Ctrl Pts',(-81.2500000000164,10.199524909275,-6.21353298048788));
#9018=CARTESIAN_POINT('',(-80.2500000000164,11.8775577843361,-6.54095321516806));
#9019=CARTESIAN_POINT('',(-81.2500000000164,11.8775577843361,-6.54095321516806));
#9020=CARTESIAN_POINT('Ctrl Pts',(-80.2500000000164,11.8775577843361,-6.54095321516806));
#9021=CARTESIAN_POINT('Ctrl Pts',(-80.2500000000164,11.5918910163481,-6.52695834605608));
#9022=CARTESIAN_POINT('Ctrl Pts',(-80.2500000000164,11.0168013043979,-6.49878459205916));
#9023=CARTESIAN_POINT('Ctrl Pts',(-80.2500000000164,10.4731340215183,-6.30902997596425));
#9024=CARTESIAN_POINT('Ctrl Pts',(-80.2500000000164,10.199524909275,-6.21353298048788));
#9025=CARTESIAN_POINT('Ctrl Pts',(-81.2500000000164,13.7465877831154,-6.10439210753256));
#9026=CARTESIAN_POINT('Ctrl Pts',(-80.2500000000164,13.7465877831154,-6.10439210753256));
#9027=CARTESIAN_POINT('Ctrl Pts',(-81.2500000000164,13.448430404211,-6.23172201606087));
#9028=CARTESIAN_POINT('Ctrl Pts',(-80.2500000000164,13.448430404211,-6.23172201606087));
#9029=CARTESIAN_POINT('Ctrl Pts',(-81.2500000000164,12.851043993579,-6.48683948892483));
#9030=CARTESIAN_POINT('Ctrl Pts',(-80.2500000000164,12.851043993579,-6.48683948892483));
#9031=CARTESIAN_POINT('Ctrl Pts',(-81.2500000000164,12.202441030854,-6.52289374714873));
#9032=CARTESIAN_POINT('Ctrl Pts',(-80.2500000000164,12.202441030854,-6.52289374714873));
#9033=CARTESIAN_POINT('Ctrl Pts',(-81.2500000000164,11.8775577843361,-6.54095321516806));
#9034=CARTESIAN_POINT('Ctrl Pts',(-80.2500000000164,11.8775577843361,-6.54095321516806));
#9035=CARTESIAN_POINT('',(-81.2500000000164,13.7465877831154,-6.10439210753256));
#9036=CARTESIAN_POINT('Ctrl Pts',(-81.2500000000164,13.7465877831154,-6.10439210753256));
#9037=CARTESIAN_POINT('Ctrl Pts',(-81.2500000000164,13.448430404211,-6.23172201606087));
#9038=CARTESIAN_POINT('Ctrl Pts',(-81.2500000000164,12.851043993579,-6.48683948892483));
#9039=CARTESIAN_POINT('Ctrl Pts',(-81.2500000000164,12.202441030854,-6.52289374714873));
#9040=CARTESIAN_POINT('Ctrl Pts',(-81.2500000000164,11.8775577843361,-6.54095321516806));
#9041=CARTESIAN_POINT('',(-80.2500000000164,13.7465877831154,-6.10439210753256));
#9042=CARTESIAN_POINT('',(-81.2500000000164,13.7465877831154,-6.10439210753256));
#9043=CARTESIAN_POINT('Ctrl Pts',(-80.2500000000164,13.7465877831154,-6.10439210753256));
#9044=CARTESIAN_POINT('Ctrl Pts',(-80.2500000000164,13.448430404211,-6.23172201606087));
#9045=CARTESIAN_POINT('Ctrl Pts',(-80.2500000000164,12.851043993579,-6.48683948892483));
#9046=CARTESIAN_POINT('Ctrl Pts',(-80.2500000000164,12.202441030854,-6.52289374714873));
#9047=CARTESIAN_POINT('Ctrl Pts',(-80.2500000000164,11.8775577843361,-6.54095321516806));
#9048=CARTESIAN_POINT('Ctrl Pts',(-81.2500000000164,15.0903816521339,-4.7674193940621));
#9049=CARTESIAN_POINT('Ctrl Pts',(-80.2500000000164,15.0903816521339,-4.7674193940621));
#9050=CARTESIAN_POINT('Ctrl Pts',(-81.2500000000164,14.9196571988788,-5.04761442109488));
#9051=CARTESIAN_POINT('Ctrl Pts',(-80.2500000000164,14.9196571988788,-5.04761442109488));
#9052=CARTESIAN_POINT('Ctrl Pts',(-81.2500000000164,14.581007779041,-5.60340992394698));
#9053=CARTESIAN_POINT('Ctrl Pts',(-80.2500000000164,14.581007779041,-5.60340992394698));
#9054=CARTESIAN_POINT('Ctrl Pts',(-81.2500000000164,14.0231906941347,-5.9383209071476));
#9055=CARTESIAN_POINT('Ctrl Pts',(-80.2500000000164,14.0231906941347,-5.9383209071476));
#9056=CARTESIAN_POINT('Ctrl Pts',(-81.2500000000164,13.7465877831154,-6.10439210753256));
#9057=CARTESIAN_POINT('Ctrl Pts',(-80.2500000000164,13.7465877831154,-6.10439210753256));
#9058=CARTESIAN_POINT('',(-81.2500000000164,15.0903816521339,-4.7674193940621));
#9059=CARTESIAN_POINT('Ctrl Pts',(-81.2500000000164,15.0903816521339,-4.7674193940621));
#9060=CARTESIAN_POINT('Ctrl Pts',(-81.2500000000164,14.9196571988788,-5.04761442109488));
#9061=CARTESIAN_POINT('Ctrl Pts',(-81.2500000000164,14.581007779041,-5.60340992394698));
#9062=CARTESIAN_POINT('Ctrl Pts',(-81.2500000000164,14.0231906941347,-5.9383209071476));
#9063=CARTESIAN_POINT('Ctrl Pts',(-81.2500000000164,13.7465877831154,-6.10439210753256));
#9064=CARTESIAN_POINT('',(-80.2500000000164,15.0903816521339,-4.7674193940621));
#9065=CARTESIAN_POINT('',(-81.2500000000164,15.0903816521339,-4.7674193940621));
#9066=CARTESIAN_POINT('Ctrl Pts',(-80.2500000000164,15.0903816521339,-4.7674193940621));
#9067=CARTESIAN_POINT('Ctrl Pts',(-80.2500000000164,14.9196571988788,-5.04761442109488));
#9068=CARTESIAN_POINT('Ctrl Pts',(-80.2500000000164,14.581007779041,-5.60340992394698));
#9069=CARTESIAN_POINT('Ctrl Pts',(-80.2500000000164,14.0231906941347,-5.9383209071476));
#9070=CARTESIAN_POINT('Ctrl Pts',(-80.2500000000164,13.7465877831154,-6.10439210753256));
#9071=CARTESIAN_POINT('Ctrl Pts',(-81.2500000000164,15.5474062264137,-2.53003984312826));
#9072=CARTESIAN_POINT('Ctrl Pts',(-80.2500000000164,15.5474062264137,-2.53003984312826));
#9073=CARTESIAN_POINT('Ctrl Pts',(-81.2500000000164,15.5345456898424,-2.94469407073737));
#9074=CARTESIAN_POINT('Ctrl Pts',(-80.2500000000164,15.5345456898424,-2.94469407073737));
#9075=CARTESIAN_POINT('Ctrl Pts',(-81.2500000000164,15.5105660849394,-3.71785345598635));
#9076=CARTESIAN_POINT('Ctrl Pts',(-80.2500000000164,15.5105660849394,-3.71785345598635));
#9077=CARTESIAN_POINT('Ctrl Pts',(-81.2500000000164,15.223493789708,-4.4349226268463));
#9078=CARTESIAN_POINT('Ctrl Pts',(-80.2500000000164,15.223493789708,-4.4349226268463));
#9079=CARTESIAN_POINT('Ctrl Pts',(-81.2500000000164,15.0903816521339,-4.7674193940621));
#9080=CARTESIAN_POINT('Ctrl Pts',(-80.2500000000164,15.0903816521339,-4.7674193940621));
#9081=CARTESIAN_POINT('',(-81.2500000000164,15.5474062264137,-2.53003984312826));
#9082=CARTESIAN_POINT('Ctrl Pts',(-81.2500000000164,15.5474062264137,-2.53003984312826));
#9083=CARTESIAN_POINT('Ctrl Pts',(-81.2500000000164,15.5345456898424,-2.94469407073737));
#9084=CARTESIAN_POINT('Ctrl Pts',(-81.2500000000164,15.5105660849394,-3.71785345598635));
#9085=CARTESIAN_POINT('Ctrl Pts',(-81.2500000000164,15.223493789708,-4.4349226268463));
#9086=CARTESIAN_POINT('Ctrl Pts',(-81.2500000000164,15.0903816521339,-4.7674193940621));
#9087=CARTESIAN_POINT('',(-80.2500000000164,15.5474062264137,-2.53003984312826));
#9088=CARTESIAN_POINT('',(-81.2500000000164,15.5474062264137,-2.53003984312826));
#9089=CARTESIAN_POINT('Ctrl Pts',(-80.2500000000164,15.5474062264137,-2.53003984312826));
#9090=CARTESIAN_POINT('Ctrl Pts',(-80.2500000000164,15.5345456898424,-2.94469407073737));
#9091=CARTESIAN_POINT('Ctrl Pts',(-80.2500000000164,15.5105660849394,-3.71785345598635));
#9092=CARTESIAN_POINT('Ctrl Pts',(-80.2500000000164,15.223493789708,-4.4349226268463));
#9093=CARTESIAN_POINT('Ctrl Pts',(-80.2500000000164,15.0903816521339,-4.7674193940621));
#9094=CARTESIAN_POINT('Ctrl Pts',(-81.2500000000164,15.1654167473488,-0.517760809467376));
#9095=CARTESIAN_POINT('Ctrl Pts',(-80.2500000000164,15.1654167473488,-0.517760809467376));
#9096=CARTESIAN_POINT('Ctrl Pts',(-81.2500000000164,15.2768183989864,-0.837014510452354));
#9097=CARTESIAN_POINT('Ctrl Pts',(-80.2500000000164,15.2768183989864,-0.837014510452354));
#9098=CARTESIAN_POINT('Ctrl Pts',(-81.2500000000164,15.5041783357537,-1.48858026555241));
#9099=CARTESIAN_POINT('Ctrl Pts',(-80.2500000000164,15.5041783357537,-1.48858026555241));
#9100=CARTESIAN_POINT('Ctrl Pts',(-81.2500000000164,15.5328056845519,-2.1782791181068));
#9101=CARTESIAN_POINT('Ctrl Pts',(-80.2500000000164,15.5328056845519,-2.1782791181068));
#9102=CARTESIAN_POINT('Ctrl Pts',(-81.2500000000164,15.5474062264137,-2.53003984312826));
#9103=CARTESIAN_POINT('Ctrl Pts',(-80.2500000000164,15.5474062264137,-2.53003984312826));
#9104=CARTESIAN_POINT('',(-81.2500000000164,15.1654167473488,-0.517760809467376));
#9105=CARTESIAN_POINT('Ctrl Pts',(-81.2500000000164,15.1654167473488,-0.517760809467376));
#9106=CARTESIAN_POINT('Ctrl Pts',(-81.2500000000164,15.2768183989864,-0.837014510452354));
#9107=CARTESIAN_POINT('Ctrl Pts',(-81.2500000000164,15.5041783357537,-1.48858026555241));
#9108=CARTESIAN_POINT('Ctrl Pts',(-81.2500000000164,15.5328056845519,-2.1782791181068));
#9109=CARTESIAN_POINT('Ctrl Pts',(-81.2500000000164,15.5474062264137,-2.53003984312826));
#9110=CARTESIAN_POINT('',(-80.2500000000164,15.1654167473488,-0.517760809467376));
#9111=CARTESIAN_POINT('',(-81.2500000000164,15.1654167473488,-0.517760809467376));
#9112=CARTESIAN_POINT('Ctrl Pts',(-80.2500000000164,15.1654167473488,-0.517760809467376));
#9113=CARTESIAN_POINT('Ctrl Pts',(-80.2500000000164,15.2768183989864,-0.837014510452354));
#9114=CARTESIAN_POINT('Ctrl Pts',(-80.2500000000164,15.5041783357537,-1.48858026555241));
#9115=CARTESIAN_POINT('Ctrl Pts',(-80.2500000000164,15.5328056845519,-2.1782791181068));
#9116=CARTESIAN_POINT('Ctrl Pts',(-80.2500000000164,15.5474062264137,-2.53003984312826));
#9117=CARTESIAN_POINT('Ctrl Pts',(-81.2500000000164,14.5378561318092,0.471323434307038));
#9118=CARTESIAN_POINT('Ctrl Pts',(-80.2500000000164,14.5378561318092,0.471323434307038));
#9119=CARTESIAN_POINT('Ctrl Pts',(-81.2500000000164,14.6642919979861,0.318339619093431));
#9120=CARTESIAN_POINT('Ctrl Pts',(-80.2500000000164,14.6642919979861,0.318339619093431));
#9121=CARTESIAN_POINT('Ctrl Pts',(-81.2500000000164,14.9150230126007,0.0149621964682556));
#9122=CARTESIAN_POINT('Ctrl Pts',(-80.2500000000164,14.9150230126007,0.0149621964682556));
#9123=CARTESIAN_POINT('Ctrl Pts',(-81.2500000000164,15.082428600135,-0.341200100848957));
#9124=CARTESIAN_POINT('Ctrl Pts',(-80.2500000000164,15.082428600135,-0.341200100848957));
#9125=CARTESIAN_POINT('Ctrl Pts',(-81.2500000000164,15.1654167473488,-0.517760809467376));
#9126=CARTESIAN_POINT('Ctrl Pts',(-80.2500000000164,15.1654167473488,-0.517760809467376));
#9127=CARTESIAN_POINT('',(-81.2500000000164,14.5378561318092,0.471323434307038));
#9128=CARTESIAN_POINT('Ctrl Pts',(-81.2500000000164,14.5378561318092,0.471323434307038));
#9129=CARTESIAN_POINT('Ctrl Pts',(-81.2500000000164,14.6642919979861,0.318339619093431));
#9130=CARTESIAN_POINT('Ctrl Pts',(-81.2500000000164,14.9150230126007,0.0149621964682556));
#9131=CARTESIAN_POINT('Ctrl Pts',(-81.2500000000164,15.082428600135,-0.341200100848957));
#9132=CARTESIAN_POINT('Ctrl Pts',(-81.2500000000164,15.1654167473488,-0.517760809467376));
#9133=CARTESIAN_POINT('',(-80.2500000000164,14.5378561318092,0.471323434307038));
#9134=CARTESIAN_POINT('',(-81.2500000000164,14.5378561318092,0.471323434307038));
#9135=CARTESIAN_POINT('Ctrl Pts',(-80.2500000000164,14.5378561318092,0.471323434307038));
#9136=CARTESIAN_POINT('Ctrl Pts',(-80.2500000000164,14.6642919979861,0.318339619093431));
#9137=CARTESIAN_POINT('Ctrl Pts',(-80.2500000000164,14.9150230126007,0.0149621964682556));
#9138=CARTESIAN_POINT('Ctrl Pts',(-80.2500000000164,15.082428600135,-0.341200100848957));
#9139=CARTESIAN_POINT('Ctrl Pts',(-80.2500000000164,15.1654167473488,-0.517760809467376));
#9140=CARTESIAN_POINT('Ctrl Pts',(-81.2500000000164,13.4669180214576,1.19438022751993));
#9141=CARTESIAN_POINT('Ctrl Pts',(-80.2500000000164,13.4669180214576,1.19438022751993));
#9142=CARTESIAN_POINT('Ctrl Pts',(-81.2500000000164,13.6738004904402,1.09944306279968));
#9143=CARTESIAN_POINT('Ctrl Pts',(-80.2500000000164,13.6738004904402,1.09944306279968));
#9144=CARTESIAN_POINT('Ctrl Pts',(-81.2500000000164,14.0708826514652,0.917224362906506));
#9145=CARTESIAN_POINT('Ctrl Pts',(-80.2500000000164,14.0708826514652,0.917224362906506));
#9146=CARTESIAN_POINT('Ctrl Pts',(-81.2500000000164,14.3866200401617,0.615734876373679));
#9147=CARTESIAN_POINT('Ctrl Pts',(-80.2500000000164,14.3866200401617,0.615734876373679));
#9148=CARTESIAN_POINT('Ctrl Pts',(-81.2500000000164,14.5378561318092,0.471323434307038));
#9149=CARTESIAN_POINT('Ctrl Pts',(-80.2500000000164,14.5378561318092,0.471323434307038));
#9150=CARTESIAN_POINT('',(-81.2500000000164,13.4669180214576,1.19438022751993));
#9151=CARTESIAN_POINT('Ctrl Pts',(-81.2500000000164,13.4669180214576,1.19438022751993));
#9152=CARTESIAN_POINT('Ctrl Pts',(-81.2500000000164,13.6738004904402,1.09944306279968));
#9153=CARTESIAN_POINT('Ctrl Pts',(-81.2500000000164,14.0708826514652,0.917224362906506));
#9154=CARTESIAN_POINT('Ctrl Pts',(-81.2500000000164,14.3866200401617,0.615734876373679));
#9155=CARTESIAN_POINT('Ctrl Pts',(-81.2500000000164,14.5378561318092,0.471323434307038));
#9156=CARTESIAN_POINT('',(-80.2500000000164,13.4669180214576,1.19438022751993));
#9157=CARTESIAN_POINT('',(-81.2500000000164,13.4669180214576,1.19438022751993));
#9158=CARTESIAN_POINT('Ctrl Pts',(-80.2500000000164,13.4669180214576,1.19438022751993));
#9159=CARTESIAN_POINT('Ctrl Pts',(-80.2500000000164,13.6738004904402,1.09944306279968));
#9160=CARTESIAN_POINT('Ctrl Pts',(-80.2500000000164,14.0708826514652,0.917224362906506));
#9161=CARTESIAN_POINT('Ctrl Pts',(-80.2500000000164,14.3866200401617,0.615734876373679));
#9162=CARTESIAN_POINT('Ctrl Pts',(-80.2500000000164,14.5378561318092,0.471323434307038));
#9163=CARTESIAN_POINT('Ctrl Pts',(-81.2500000000164,11.8980236351661,1.47405237336343));
#9164=CARTESIAN_POINT('Ctrl Pts',(-80.2500000000164,11.8980236351661,1.47405237336343));
#9165=CARTESIAN_POINT('Ctrl Pts',(-81.2500000000164,12.1826836267834,1.46545659000517));
#9166=CARTESIAN_POINT('Ctrl Pts',(-80.2500000000164,12.1826836267834,1.46545659000517));
#9167=CARTESIAN_POINT('Ctrl Pts',(-81.2500000000164,12.7198524252887,1.44923588195086));
#9168=CARTESIAN_POINT('Ctrl Pts',(-80.2500000000164,12.7198524252887,1.44923588195086));
#9169=CARTESIAN_POINT('Ctrl Pts',(-81.2500000000164,13.2280349113538,1.27587335432192));
#9170=CARTESIAN_POINT('Ctrl Pts',(-80.2500000000164,13.2280349113538,1.27587335432192));
#9171=CARTESIAN_POINT('Ctrl Pts',(-81.2500000000164,13.4669180214576,1.19438022751993));
#9172=CARTESIAN_POINT('Ctrl Pts',(-80.2500000000164,13.4669180214576,1.19438022751993));
#9173=CARTESIAN_POINT('',(-81.2500000000164,11.8980236351661,1.47405237336343));
#9174=CARTESIAN_POINT('Ctrl Pts',(-81.2500000000164,11.8980236351661,1.47405237336343));
#9175=CARTESIAN_POINT('Ctrl Pts',(-81.2500000000164,12.1826836267834,1.46545659000517));
#9176=CARTESIAN_POINT('Ctrl Pts',(-81.2500000000164,12.7198524252887,1.44923588195086));
#9177=CARTESIAN_POINT('Ctrl Pts',(-81.2500000000164,13.2280349113538,1.27587335432192));
#9178=CARTESIAN_POINT('Ctrl Pts',(-81.2500000000164,13.4669180214576,1.19438022751993));
#9179=CARTESIAN_POINT('',(-80.2500000000164,11.8980236351661,1.47405237336343));
#9180=CARTESIAN_POINT('',(-81.2500000000164,11.8980236351661,1.47405237336343));
#9181=CARTESIAN_POINT('Ctrl Pts',(-80.2500000000164,11.8980236351661,1.47405237336343));
#9182=CARTESIAN_POINT('Ctrl Pts',(-80.2500000000164,12.1826836267834,1.46545659000517));
#9183=CARTESIAN_POINT('Ctrl Pts',(-80.2500000000164,12.7198524252887,1.44923588195086));
#9184=CARTESIAN_POINT('Ctrl Pts',(-80.2500000000164,13.2280349113538,1.27587335432192));
#9185=CARTESIAN_POINT('Ctrl Pts',(-80.2500000000164,13.4669180214576,1.19438022751993));
#9186=CARTESIAN_POINT('Ctrl Pts',(-81.2500000000164,10.5201216042213,1.20802253861612));
#9187=CARTESIAN_POINT('Ctrl Pts',(-80.2500000000164,10.5201216042213,1.20802253861612));
#9188=CARTESIAN_POINT('Ctrl Pts',(-81.2500000000164,10.7362323026412,1.28559502054054));
#9189=CARTESIAN_POINT('Ctrl Pts',(-80.2500000000164,10.7362323026412,1.28559502054054));
#9190=CARTESIAN_POINT('Ctrl Pts',(-81.2500000000164,11.1815684488481,1.4454474961676));
#9191=CARTESIAN_POINT('Ctrl Pts',(-80.2500000000164,11.1815684488481,1.4454474961676));
#9192=CARTESIAN_POINT('Ctrl Pts',(-81.2500000000164,11.6545621597941,1.46433203671444));
#9193=CARTESIAN_POINT('Ctrl Pts',(-80.2500000000164,11.6545621597941,1.46433203671444));
#9194=CARTESIAN_POINT('Ctrl Pts',(-81.2500000000164,11.8980236351661,1.47405237336343));
#9195=CARTESIAN_POINT('Ctrl Pts',(-80.2500000000164,11.8980236351661,1.47405237336343));
#9196=CARTESIAN_POINT('',(-81.2500000000164,10.5201216042213,1.20802253861612));
#9197=CARTESIAN_POINT('Ctrl Pts',(-81.2500000000164,10.5201216042213,1.20802253861612));
#9198=CARTESIAN_POINT('Ctrl Pts',(-81.2500000000164,10.7362323026412,1.28559502054054));
#9199=CARTESIAN_POINT('Ctrl Pts',(-81.2500000000164,11.1815684488481,1.4454474961676));
#9200=CARTESIAN_POINT('Ctrl Pts',(-81.2500000000164,11.6545621597941,1.46433203671444));
#9201=CARTESIAN_POINT('Ctrl Pts',(-81.2500000000164,11.8980236351661,1.47405237336343));
#9202=CARTESIAN_POINT('',(-80.2500000000164,10.5201216042213,1.20802253861612));
#9203=CARTESIAN_POINT('',(-81.2500000000164,10.5201216042213,1.20802253861612));
#9204=CARTESIAN_POINT('Ctrl Pts',(-80.2500000000164,10.5201216042213,1.20802253861612));
#9205=CARTESIAN_POINT('Ctrl Pts',(-80.2500000000164,10.7362323026412,1.28559502054054));
#9206=CARTESIAN_POINT('Ctrl Pts',(-80.2500000000164,11.1815684488481,1.4454474961676));
#9207=CARTESIAN_POINT('Ctrl Pts',(-80.2500000000164,11.6545621597941,1.46433203671444));
#9208=CARTESIAN_POINT('Ctrl Pts',(-80.2500000000164,11.8980236351661,1.47405237336343));
#9209=CARTESIAN_POINT('Ctrl Pts',(-81.2500000000164,9.56514552237317,0.512252751781404));
#9210=CARTESIAN_POINT('Ctrl Pts',(-80.2500000000164,9.56514552237317,0.512252751781404));
#9211=CARTESIAN_POINT('Ctrl Pts',(-81.2500000000164,9.69347845835846,0.652398760266246));
#9212=CARTESIAN_POINT('Ctrl Pts',(-80.2500000000164,9.69347845835846,0.652398760266246));
#9213=CARTESIAN_POINT('Ctrl Pts',(-81.2500000000164,9.96447327069267,0.948338699434217));
#9214=CARTESIAN_POINT('Ctrl Pts',(-80.2500000000164,9.96447327069267,0.948338699434217));
#9215=CARTESIAN_POINT('Ctrl Pts',(-81.2500000000164,10.3284896639674,1.11846280280447));
#9216=CARTESIAN_POINT('Ctrl Pts',(-80.2500000000164,10.3284896639674,1.11846280280447));
#9217=CARTESIAN_POINT('Ctrl Pts',(-81.2500000000164,10.5201216042213,1.20802253861612));
#9218=CARTESIAN_POINT('Ctrl Pts',(-80.2500000000164,10.5201216042213,1.20802253861612));
#9219=CARTESIAN_POINT('',(-81.2500000000164,9.56514552237317,0.512252751781404));
#9220=CARTESIAN_POINT('Ctrl Pts',(-81.2500000000164,9.56514552237317,0.512252751781404));
#9221=CARTESIAN_POINT('Ctrl Pts',(-81.2500000000164,9.69347845835846,0.652398760266246));
#9222=CARTESIAN_POINT('Ctrl Pts',(-81.2500000000164,9.96447327069267,0.948338699434217));
#9223=CARTESIAN_POINT('Ctrl Pts',(-81.2500000000164,10.3284896639674,1.11846280280447));
#9224=CARTESIAN_POINT('Ctrl Pts',(-81.2500000000164,10.5201216042213,1.20802253861612));
#9225=CARTESIAN_POINT('',(-80.2500000000164,9.56514552237317,0.512252751781404));
#9226=CARTESIAN_POINT('',(-81.2500000000164,9.56514552237317,0.512252751781404));
#9227=CARTESIAN_POINT('Ctrl Pts',(-80.2500000000164,9.56514552237317,0.512252751781404));
#9228=CARTESIAN_POINT('Ctrl Pts',(-80.2500000000164,9.69347845835846,0.652398760266246));
#9229=CARTESIAN_POINT('Ctrl Pts',(-80.2500000000164,9.96447327069267,0.948338699434217));
#9230=CARTESIAN_POINT('Ctrl Pts',(-80.2500000000164,10.3284896639674,1.11846280280447));
#9231=CARTESIAN_POINT('Ctrl Pts',(-80.2500000000164,10.5201216042213,1.20802253861612));
#9232=CARTESIAN_POINT('Ctrl Pts',(-81.2500000000164,9.00579646231457,-0.688292082355559));
#9233=CARTESIAN_POINT('Ctrl Pts',(-80.2500000000164,9.00579646231457,-0.688292082355559));
#9234=CARTESIAN_POINT('Ctrl Pts',(-81.2500000000164,9.0791538257038,-0.455785509703093));
#9235=CARTESIAN_POINT('Ctrl Pts',(-80.2500000000164,9.0791538257038,-0.455785509703093));
#9236=CARTESIAN_POINT('Ctrl Pts',(-81.2500000000164,9.21327683290468,-0.0306818898707029));
#9237=CARTESIAN_POINT('Ctrl Pts',(-80.2500000000164,9.21327683290468,-0.0306818898707029));
#9238=CARTESIAN_POINT('Ctrl Pts',(-81.2500000000164,9.45543401612778,0.342967506713343));
#9239=CARTESIAN_POINT('Ctrl Pts',(-80.2500000000164,9.45543401612778,0.342967506713343));
#9240=CARTESIAN_POINT('Ctrl Pts',(-81.2500000000164,9.56514552237317,0.512252751781404));
#9241=CARTESIAN_POINT('Ctrl Pts',(-80.2500000000164,9.56514552237317,0.512252751781404));
#9242=CARTESIAN_POINT('',(-81.2500000000164,9.00579646231457,-0.688292082355559));
#9243=CARTESIAN_POINT('Ctrl Pts',(-81.2500000000164,9.00579646231457,-0.688292082355559));
#9244=CARTESIAN_POINT('Ctrl Pts',(-81.2500000000164,9.0791538257038,-0.455785509703093));
#9245=CARTESIAN_POINT('Ctrl Pts',(-81.2500000000164,9.21327683290468,-0.0306818898707029));
#9246=CARTESIAN_POINT('Ctrl Pts',(-81.2500000000164,9.45543401612778,0.342967506713343));
#9247=CARTESIAN_POINT('Ctrl Pts',(-81.2500000000164,9.56514552237317,0.512252751781404));
#9248=CARTESIAN_POINT('',(-80.2500000000164,9.00579646231457,-0.688292082355559));
#9249=CARTESIAN_POINT('',(-81.2500000000164,9.00579646231457,-0.688292082355559));
#9250=CARTESIAN_POINT('Ctrl Pts',(-80.2500000000164,9.00579646231457,-0.688292082355559));
#9251=CARTESIAN_POINT('Ctrl Pts',(-80.2500000000164,9.0791538257038,-0.455785509703093));
#9252=CARTESIAN_POINT('Ctrl Pts',(-80.2500000000164,9.21327683290468,-0.0306818898707029));
#9253=CARTESIAN_POINT('Ctrl Pts',(-80.2500000000164,9.45543401612778,0.342967506713343));
#9254=CARTESIAN_POINT('Ctrl Pts',(-80.2500000000164,9.56514552237317,0.512252751781404));
#9255=CARTESIAN_POINT('Origin',(-81.2500000000164,7.81207278372571,-0.360871847675384));
#9256=CARTESIAN_POINT('',(-81.2500000000164,7.81207278372571,-0.360871847675384));
#9257=CARTESIAN_POINT('',(-81.2500000000164,15.337260286713,-2.42491623452467));
#9258=CARTESIAN_POINT('',(-80.2500000000164,7.81207278372571,-0.360871847675384));
#9259=CARTESIAN_POINT('',(-81.2500000000164,7.81207278372571,-0.360871847675384));
#9260=CARTESIAN_POINT('',(-80.2500000000164,7.81207278372571,-0.360871847675384));
#9261=CARTESIAN_POINT('Ctrl Pts',(-81.2500000000164,8.56923773886487,1.27623647828287));
#9262=CARTESIAN_POINT('Ctrl Pts',(-80.2500000000164,8.56923773886487,1.27623647828287));
#9263=CARTESIAN_POINT('Ctrl Pts',(-81.2500000000164,8.41073456159885,1.04106665665044));
#9264=CARTESIAN_POINT('Ctrl Pts',(-80.2500000000164,8.41073456159885,1.04106665665044));
#9265=CARTESIAN_POINT('Ctrl Pts',(-81.2500000000164,8.0707499767417,0.53663440767131));
#9266=CARTESIAN_POINT('Ctrl Pts',(-80.2500000000164,8.0707499767417,0.53663440767131));
#9267=CARTESIAN_POINT('Ctrl Pts',(-81.2500000000164,7.90209802368403,-0.0485203215913099));
#9268=CARTESIAN_POINT('Ctrl Pts',(-80.2500000000164,7.90209802368403,-0.0485203215913099));
#9269=CARTESIAN_POINT('Ctrl Pts',(-81.2500000000164,7.81207278372571,-0.360871847675384));
#9270=CARTESIAN_POINT('Ctrl Pts',(-80.2500000000164,7.81207278372571,-0.360871847675384));
#9271=CARTESIAN_POINT('',(-81.2500000000164,8.56923773886487,1.27623647828287));
#9272=CARTESIAN_POINT('Ctrl Pts',(-81.2500000000164,8.56923773886487,1.27623647828287));
#9273=CARTESIAN_POINT('Ctrl Pts',(-81.2500000000164,8.41073456159885,1.04106665665044));
#9274=CARTESIAN_POINT('Ctrl Pts',(-81.2500000000164,8.0707499767417,0.53663440767131));
#9275=CARTESIAN_POINT('Ctrl Pts',(-81.2500000000164,7.90209802368403,-0.0485203215913099));
#9276=CARTESIAN_POINT('Ctrl Pts',(-81.2500000000164,7.81207278372571,-0.360871847675384));
#9277=CARTESIAN_POINT('',(-80.2500000000164,8.56923773886487,1.27623647828287));
#9278=CARTESIAN_POINT('',(-81.2500000000164,8.56923773886487,1.27623647828287));
#9279=CARTESIAN_POINT('Ctrl Pts',(-80.2500000000164,8.56923773886487,1.27623647828287));
#9280=CARTESIAN_POINT('Ctrl Pts',(-80.2500000000164,8.41073456159885,1.04106665665044));
#9281=CARTESIAN_POINT('Ctrl Pts',(-80.2500000000164,8.0707499767417,0.53663440767131));
#9282=CARTESIAN_POINT('Ctrl Pts',(-80.2500000000164,7.90209802368403,-0.0485203215913099));
#9283=CARTESIAN_POINT('Ctrl Pts',(-80.2500000000164,7.81207278372571,-0.360871847675384));
#9284=CARTESIAN_POINT('Ctrl Pts',(-81.2500000000164,9.94713500143811,2.25167841096109));
#9285=CARTESIAN_POINT('Ctrl Pts',(-80.2500000000164,9.94713500143811,2.25167841096109));
#9286=CARTESIAN_POINT('Ctrl Pts',(-81.2500000000164,9.67375951055411,2.12900637484934));
#9287=CARTESIAN_POINT('Ctrl Pts',(-80.2500000000164,9.67375951055411,2.12900637484934));
#9288=CARTESIAN_POINT('Ctrl Pts',(-81.2500000000164,9.14990275763087,1.89393565104677));
#9289=CARTESIAN_POINT('Ctrl Pts',(-80.2500000000164,9.14990275763087,1.89393565104677));
#9290=CARTESIAN_POINT('Ctrl Pts',(-81.2500000000164,8.75707006003742,1.47604853111356));
#9291=CARTESIAN_POINT('Ctrl Pts',(-80.2500000000164,8.75707006003742,1.47604853111356));
#9292=CARTESIAN_POINT('Ctrl Pts',(-81.2500000000164,8.56923773886487,1.27623647828287));
#9293=CARTESIAN_POINT('Ctrl Pts',(-80.2500000000164,8.56923773886487,1.27623647828287));
#9294=CARTESIAN_POINT('',(-81.2500000000164,9.94713500143811,2.25167841096109));
#9295=CARTESIAN_POINT('Ctrl Pts',(-81.2500000000164,9.94713500143811,2.25167841096109));
#9296=CARTESIAN_POINT('Ctrl Pts',(-81.2500000000164,9.67375951055411,2.12900637484934));
#9297=CARTESIAN_POINT('Ctrl Pts',(-81.2500000000164,9.14990275763087,1.89393565104677));
#9298=CARTESIAN_POINT('Ctrl Pts',(-81.2500000000164,8.75707006003742,1.47604853111356));
#9299=CARTESIAN_POINT('Ctrl Pts',(-81.2500000000164,8.56923773886487,1.27623647828287));
#9300=CARTESIAN_POINT('',(-80.2500000000164,9.94713500143811,2.25167841096109));
#9301=CARTESIAN_POINT('',(-81.2500000000164,9.94713500143811,2.25167841096109));
#9302=CARTESIAN_POINT('Ctrl Pts',(-80.2500000000164,9.94713500143811,2.25167841096109));
#9303=CARTESIAN_POINT('Ctrl Pts',(-80.2500000000164,9.67375951055411,2.12900637484934));
#9304=CARTESIAN_POINT('Ctrl Pts',(-80.2500000000164,9.14990275763087,1.89393565104677));
#9305=CARTESIAN_POINT('Ctrl Pts',(-80.2500000000164,8.75707006003742,1.47604853111356));
#9306=CARTESIAN_POINT('Ctrl Pts',(-80.2500000000164,8.56923773886487,1.27623647828287));
#9307=CARTESIAN_POINT('Ctrl Pts',(-81.2500000000164,11.9048424065284,2.60638565201944));
#9308=CARTESIAN_POINT('Ctrl Pts',(-80.2500000000164,11.9048424065284,2.60638565201944));
#9309=CARTESIAN_POINT('Ctrl Pts',(-81.2500000000164,11.557788880181,2.59385708106131));
#9310=CARTESIAN_POINT('Ctrl Pts',(-80.2500000000164,11.557788880181,2.59385708106131));
#9311=CARTESIAN_POINT('Ctrl Pts',(-81.2500000000164,10.8878381186479,2.56967197698627));
#9312=CARTESIAN_POINT('Ctrl Pts',(-80.2500000000164,10.8878381186479,2.56967197698627));
#9313=CARTESIAN_POINT('Ctrl Pts',(-81.2500000000164,10.2530735103351,2.3550973065178));
#9314=CARTESIAN_POINT('Ctrl Pts',(-80.2500000000164,10.2530735103351,2.3550973065178));
#9315=CARTESIAN_POINT('Ctrl Pts',(-81.2500000000164,9.94713500143811,2.25167841096109));
#9316=CARTESIAN_POINT('Ctrl Pts',(-80.2500000000164,9.94713500143811,2.25167841096109));
#9317=CARTESIAN_POINT('',(-81.2500000000164,11.9048424065284,2.60638565201944));
#9318=CARTESIAN_POINT('Ctrl Pts',(-81.2500000000164,11.9048424065284,2.60638565201944));
#9319=CARTESIAN_POINT('Ctrl Pts',(-81.2500000000164,11.557788880181,2.59385708106131));
#9320=CARTESIAN_POINT('Ctrl Pts',(-81.2500000000164,10.8878381186479,2.56967197698627));
#9321=CARTESIAN_POINT('Ctrl Pts',(-81.2500000000164,10.2530735103351,2.3550973065178));
#9322=CARTESIAN_POINT('Ctrl Pts',(-81.2500000000164,9.94713500143811,2.25167841096109));
#9323=CARTESIAN_POINT('',(-80.2500000000164,11.9048424065284,2.60638565201944));
#9324=CARTESIAN_POINT('',(-81.2500000000164,11.9048424065284,2.60638565201944));
#9325=CARTESIAN_POINT('Ctrl Pts',(-80.2500000000164,11.9048424065284,2.60638565201944));
#9326=CARTESIAN_POINT('Ctrl Pts',(-80.2500000000164,11.557788880181,2.59385708106131));
#9327=CARTESIAN_POINT('Ctrl Pts',(-80.2500000000164,10.8878381186479,2.56967197698627));
#9328=CARTESIAN_POINT('Ctrl Pts',(-80.2500000000164,10.2530735103351,2.3550973065178));
#9329=CARTESIAN_POINT('Ctrl Pts',(-80.2500000000164,9.94713500143811,2.25167841096109));
#9330=CARTESIAN_POINT('Ctrl Pts',(-81.2500000000164,14.5446796715431,1.99246973176187));
#9331=CARTESIAN_POINT('Ctrl Pts',(-80.2500000000164,14.5446796715431,1.99246973176187));
#9332=CARTESIAN_POINT('Ctrl Pts',(-81.2500000000164,14.139754306267,2.17146322499831));
#9333=CARTESIAN_POINT('Ctrl Pts',(-80.2500000000164,14.139754306267,2.17146322499831));
#9334=CARTESIAN_POINT('Ctrl Pts',(-81.2500000000164,13.2994049663446,2.54293183820582));
#9335=CARTESIAN_POINT('Ctrl Pts',(-80.2500000000164,13.2994049663446,2.54293183820582));
#9336=CARTESIAN_POINT('Ctrl Pts',(-81.2500000000164,12.3808093873031,2.58472873891295));
#9337=CARTESIAN_POINT('Ctrl Pts',(-80.2500000000164,12.3808093873031,2.58472873891295));
#9338=CARTESIAN_POINT('Ctrl Pts',(-81.2500000000164,11.9048424065284,2.60638565201944));
#9339=CARTESIAN_POINT('Ctrl Pts',(-80.2500000000164,11.9048424065284,2.60638565201944));
#9340=CARTESIAN_POINT('',(-81.2500000000164,14.5446796715431,1.99246973176187));
#9341=CARTESIAN_POINT('Ctrl Pts',(-81.2500000000164,14.5446796715431,1.99246973176187));
#9342=CARTESIAN_POINT('Ctrl Pts',(-81.2500000000164,14.139754306267,2.17146322499831));
#9343=CARTESIAN_POINT('Ctrl Pts',(-81.2500000000164,13.2994049663446,2.54293183820582));
#9344=CARTESIAN_POINT('Ctrl Pts',(-81.2500000000164,12.3808093873031,2.58472873891295));
#9345=CARTESIAN_POINT('Ctrl Pts',(-81.2500000000164,11.9048424065284,2.60638565201944));
#9346=CARTESIAN_POINT('',(-80.2500000000164,14.5446796715431,1.99246973176187));
#9347=CARTESIAN_POINT('',(-81.2500000000164,14.5446796715431,1.99246973176187));
#9348=CARTESIAN_POINT('Ctrl Pts',(-80.2500000000164,14.5446796715431,1.99246973176187));
#9349=CARTESIAN_POINT('Ctrl Pts',(-80.2500000000164,14.139754306267,2.17146322499831));
#9350=CARTESIAN_POINT('Ctrl Pts',(-80.2500000000164,13.2994049663446,2.54293183820582));
#9351=CARTESIAN_POINT('Ctrl Pts',(-80.2500000000164,12.3808093873031,2.58472873891295));
#9352=CARTESIAN_POINT('Ctrl Pts',(-80.2500000000164,11.9048424065284,2.60638565201944));
#9353=CARTESIAN_POINT('Ctrl Pts',(-81.2500000000164,16.3045711815529,0.109795037700593));
#9354=CARTESIAN_POINT('Ctrl Pts',(-80.2500000000164,16.3045711815529,0.109795037700593));
#9355=CARTESIAN_POINT('Ctrl Pts',(-81.2500000000164,16.0820800278354,0.503079129533908));
#9356=CARTESIAN_POINT('Ctrl Pts',(-80.2500000000164,16.0820800278354,0.503079129533908));
#9357=CARTESIAN_POINT('Ctrl Pts',(-81.2500000000164,15.6465696486819,1.27290436117845));
#9358=CARTESIAN_POINT('Ctrl Pts',(-80.2500000000164,15.6465696486819,1.27290436117845));
#9359=CARTESIAN_POINT('Ctrl Pts',(-81.2500000000164,14.9066118760019,1.75611774904967));
#9360=CARTESIAN_POINT('Ctrl Pts',(-80.2500000000164,14.9066118760019,1.75611774904967));
#9361=CARTESIAN_POINT('Ctrl Pts',(-81.2500000000164,14.5446796715431,1.99246973176187));
#9362=CARTESIAN_POINT('Ctrl Pts',(-80.2500000000164,14.5446796715431,1.99246973176187));
#9363=CARTESIAN_POINT('',(-81.2500000000164,16.3045711815529,0.109795037700593));
#9364=CARTESIAN_POINT('Ctrl Pts',(-81.2500000000164,16.3045711815529,0.109795037700593));
#9365=CARTESIAN_POINT('Ctrl Pts',(-81.2500000000164,16.0820800278354,0.503079129533908));
#9366=CARTESIAN_POINT('Ctrl Pts',(-81.2500000000164,15.6465696486819,1.27290436117845));
#9367=CARTESIAN_POINT('Ctrl Pts',(-81.2500000000164,14.9066118760019,1.75611774904967));
#9368=CARTESIAN_POINT('Ctrl Pts',(-81.2500000000164,14.5446796715431,1.99246973176187));
#9369=CARTESIAN_POINT('',(-80.2500000000164,16.3045711815529,0.109795037700593));
#9370=CARTESIAN_POINT('',(-81.2500000000164,16.3045711815529,0.109795037700593));
#9371=CARTESIAN_POINT('Ctrl Pts',(-80.2500000000164,16.3045711815529,0.109795037700593));
#9372=CARTESIAN_POINT('Ctrl Pts',(-80.2500000000164,16.0820800278354,0.503079129533908));
#9373=CARTESIAN_POINT('Ctrl Pts',(-80.2500000000164,15.6465696486819,1.27290436117845));
#9374=CARTESIAN_POINT('Ctrl Pts',(-80.2500000000164,14.9066118760019,1.75611774904967));
#9375=CARTESIAN_POINT('Ctrl Pts',(-80.2500000000164,14.5446796715431,1.99246973176187));
#9376=CARTESIAN_POINT('Ctrl Pts',(-81.2500000000164,16.9116659462623,-2.6118960938912));
#9377=CARTESIAN_POINT('Ctrl Pts',(-80.2500000000164,16.9116659462623,-2.6118960938912));
#9378=CARTESIAN_POINT('Ctrl Pts',(-81.2500000000164,16.8874793880236,-2.13587289950542));
#9379=CARTESIAN_POINT('Ctrl Pts',(-80.2500000000164,16.8874793880236,-2.13587289950542));
#9380=CARTESIAN_POINT('Ctrl Pts',(-81.2500000000164,16.8396221179991,-1.19397904562339));
#9381=CARTESIAN_POINT('Ctrl Pts',(-80.2500000000164,16.8396221179991,-1.19397904562339));
#9382=CARTESIAN_POINT('Ctrl Pts',(-81.2500000000164,16.4816352645422,-0.32166213163427));
#9383=CARTESIAN_POINT('Ctrl Pts',(-80.2500000000164,16.4816352645422,-0.32166213163427));
#9384=CARTESIAN_POINT('Ctrl Pts',(-81.2500000000164,16.3045711815529,0.109795037700593));
#9385=CARTESIAN_POINT('Ctrl Pts',(-80.2500000000164,16.3045711815529,0.109795037700593));
#9386=CARTESIAN_POINT('',(-81.2500000000164,16.9116659462623,-2.6118960938912));
#9387=CARTESIAN_POINT('Ctrl Pts',(-81.2500000000164,16.9116659462623,-2.6118960938912));
#9388=CARTESIAN_POINT('Ctrl Pts',(-81.2500000000164,16.8874793880236,-2.13587289950542));
#9389=CARTESIAN_POINT('Ctrl Pts',(-81.2500000000164,16.8396221179991,-1.19397904562339));
#9390=CARTESIAN_POINT('Ctrl Pts',(-81.2500000000164,16.4816352645422,-0.32166213163427));
#9391=CARTESIAN_POINT('Ctrl Pts',(-81.2500000000164,16.3045711815529,0.109795037700593));
#9392=CARTESIAN_POINT('',(-80.2500000000164,16.9116659462623,-2.6118960938912));
#9393=CARTESIAN_POINT('',(-81.2500000000164,16.9116659462623,-2.6118960938912));
#9394=CARTESIAN_POINT('Ctrl Pts',(-80.2500000000164,16.9116659462623,-2.6118960938912));
#9395=CARTESIAN_POINT('Ctrl Pts',(-80.2500000000164,16.8874793880236,-2.13587289950542));
#9396=CARTESIAN_POINT('Ctrl Pts',(-80.2500000000164,16.8396221179991,-1.19397904562339));
#9397=CARTESIAN_POINT('Ctrl Pts',(-80.2500000000164,16.4816352645422,-0.32166213163427));
#9398=CARTESIAN_POINT('Ctrl Pts',(-80.2500000000164,16.3045711815529,0.109795037700593));
#9399=CARTESIAN_POINT('Ctrl Pts',(-81.2500000000164,16.297747641819,-5.27901559691244));
#9400=CARTESIAN_POINT('Ctrl Pts',(-80.2500000000164,16.297747641819,-5.27901559691244));
#9401=CARTESIAN_POINT('Ctrl Pts',(-81.2500000000164,16.4767777025263,-4.86376249100624));
#9402=CARTESIAN_POINT('Ctrl Pts',(-80.2500000000164,16.4767777025263,-4.86376249100624));
#9403=CARTESIAN_POINT('Ctrl Pts',(-81.2500000000164,16.8437478587294,-4.01258980784795));
#9404=CARTESIAN_POINT('Ctrl Pts',(-80.2500000000164,16.8437478587294,-4.01258980784795));
#9405=CARTESIAN_POINT('Ctrl Pts',(-81.2500000000164,16.8886630699994,-3.08629084431336));
#9406=CARTESIAN_POINT('Ctrl Pts',(-80.2500000000164,16.8886630699994,-3.08629084431336));
#9407=CARTESIAN_POINT('Ctrl Pts',(-81.2500000000164,16.9116659462623,-2.6118960938912));
#9408=CARTESIAN_POINT('Ctrl Pts',(-80.2500000000164,16.9116659462623,-2.6118960938912));
#9409=CARTESIAN_POINT('',(-81.2500000000164,16.297747641819,-5.27901559691244));
#9410=CARTESIAN_POINT('Ctrl Pts',(-81.2500000000164,16.297747641819,-5.27901559691244));
#9411=CARTESIAN_POINT('Ctrl Pts',(-81.2500000000164,16.4767777025263,-4.86376249100624));
#9412=CARTESIAN_POINT('Ctrl Pts',(-81.2500000000164,16.8437478587294,-4.01258980784795));
#9413=CARTESIAN_POINT('Ctrl Pts',(-81.2500000000164,16.8886630699994,-3.08629084431336));
#9414=CARTESIAN_POINT('Ctrl Pts',(-81.2500000000164,16.9116659462623,-2.6118960938912));
#9415=CARTESIAN_POINT('',(-80.2500000000164,16.297747641819,-5.27901559691244));
#9416=CARTESIAN_POINT('',(-81.2500000000164,16.297747641819,-5.27901559691244));
#9417=CARTESIAN_POINT('Ctrl Pts',(-80.2500000000164,16.297747641819,-5.27901559691244));
#9418=CARTESIAN_POINT('Ctrl Pts',(-80.2500000000164,16.4767777025263,-4.86376249100624));
#9419=CARTESIAN_POINT('Ctrl Pts',(-80.2500000000164,16.8437478587294,-4.01258980784795));
#9420=CARTESIAN_POINT('Ctrl Pts',(-80.2500000000164,16.8886630699994,-3.08629084431336));
#9421=CARTESIAN_POINT('Ctrl Pts',(-80.2500000000164,16.9116659462623,-2.6118960938912));
#9422=CARTESIAN_POINT('Ctrl Pts',(-81.2500000000164,14.4832868874244,-7.10711866240317));
#9423=CARTESIAN_POINT('Ctrl Pts',(-80.2500000000164,14.4832868874244,-7.10711866240317));
#9424=CARTESIAN_POINT('Ctrl Pts',(-81.2500000000164,14.8587086853911,-6.87296954055189));
#9425=CARTESIAN_POINT('Ctrl Pts',(-80.2500000000164,14.8587086853911,-6.87296954055189));
#9426=CARTESIAN_POINT('Ctrl Pts',(-81.2500000000164,15.6072469039035,-6.40610915182094));
#9427=CARTESIAN_POINT('Ctrl Pts',(-80.2500000000164,15.6072469039035,-6.40610915182094));
#9428=CARTESIAN_POINT('Ctrl Pts',(-81.2500000000164,16.0680537995758,-5.65394126314136));
#9429=CARTESIAN_POINT('Ctrl Pts',(-80.2500000000164,16.0680537995758,-5.65394126314136));
#9430=CARTESIAN_POINT('Ctrl Pts',(-81.2500000000164,16.297747641819,-5.27901559691244));
#9431=CARTESIAN_POINT('Ctrl Pts',(-80.2500000000164,16.297747641819,-5.27901559691244));
#9432=CARTESIAN_POINT('',(-81.2500000000164,14.4832868874244,-7.10711866240317));
#9433=CARTESIAN_POINT('Ctrl Pts',(-81.2500000000164,14.4832868874244,-7.10711866240317));
#9434=CARTESIAN_POINT('Ctrl Pts',(-81.2500000000164,14.8587086853911,-6.87296954055189));
#9435=CARTESIAN_POINT('Ctrl Pts',(-81.2500000000164,15.6072469039035,-6.40610915182094));
#9436=CARTESIAN_POINT('Ctrl Pts',(-81.2500000000164,16.0680537995758,-5.65394126314136));
#9437=CARTESIAN_POINT('Ctrl Pts',(-81.2500000000164,16.297747641819,-5.27901559691244));
#9438=CARTESIAN_POINT('',(-80.2500000000164,14.4832868874244,-7.10711866240317));
#9439=CARTESIAN_POINT('',(-81.2500000000164,14.4832868874244,-7.10711866240317));
#9440=CARTESIAN_POINT('Ctrl Pts',(-80.2500000000164,14.4832868874244,-7.10711866240317));
#9441=CARTESIAN_POINT('Ctrl Pts',(-80.2500000000164,14.8587086853911,-6.87296954055189));
#9442=CARTESIAN_POINT('Ctrl Pts',(-80.2500000000164,15.6072469039035,-6.40610915182094));
#9443=CARTESIAN_POINT('Ctrl Pts',(-80.2500000000164,16.0680537995758,-5.65394126314136));
#9444=CARTESIAN_POINT('Ctrl Pts',(-80.2500000000164,16.297747641819,-5.27901559691244));
#9445=CARTESIAN_POINT('Ctrl Pts',(-81.2500000000164,11.8025226891212,-7.73467689375693));
#9446=CARTESIAN_POINT('Ctrl Pts',(-80.2500000000164,11.8025226891212,-7.73467689375693));
#9447=CARTESIAN_POINT('Ctrl Pts',(-81.2500000000164,12.2782079620112,-7.71076884115416));
#9448=CARTESIAN_POINT('Ctrl Pts',(-80.2500000000164,12.2782079620112,-7.71076884115416));
#9449=CARTESIAN_POINT('Ctrl Pts',(-81.2500000000164,13.210233804476,-7.66392500524262));
#9450=CARTESIAN_POINT('Ctrl Pts',(-80.2500000000164,13.210233804476,-7.66392500524262));
#9451=CARTESIAN_POINT('Ctrl Pts',(-81.2500000000164,14.0648485242273,-7.29013470300368));
#9452=CARTESIAN_POINT('Ctrl Pts',(-80.2500000000164,14.0648485242273,-7.29013470300368));
#9453=CARTESIAN_POINT('Ctrl Pts',(-81.2500000000164,14.4832868874244,-7.10711866240317));
#9454=CARTESIAN_POINT('Ctrl Pts',(-80.2500000000164,14.4832868874244,-7.10711866240317));
#9455=CARTESIAN_POINT('',(-81.2500000000164,11.8025226891212,-7.73467689375693));
#9456=CARTESIAN_POINT('Ctrl Pts',(-81.2500000000164,11.8025226891212,-7.73467689375693));
#9457=CARTESIAN_POINT('Ctrl Pts',(-81.2500000000164,12.2782079620112,-7.71076884115416));
#9458=CARTESIAN_POINT('Ctrl Pts',(-81.2500000000164,13.210233804476,-7.66392500524262));
#9459=CARTESIAN_POINT('Ctrl Pts',(-81.2500000000164,14.0648485242273,-7.29013470300368));
#9460=CARTESIAN_POINT('Ctrl Pts',(-81.2500000000164,14.4832868874244,-7.10711866240317));
#9461=CARTESIAN_POINT('',(-80.2500000000164,11.8025226891212,-7.73467689375693));
#9462=CARTESIAN_POINT('',(-81.2500000000164,11.8025226891212,-7.73467689375693));
#9463=CARTESIAN_POINT('Ctrl Pts',(-80.2500000000164,11.8025226891212,-7.73467689375693));
#9464=CARTESIAN_POINT('Ctrl Pts',(-80.2500000000164,12.2782079620112,-7.71076884115416));
#9465=CARTESIAN_POINT('Ctrl Pts',(-80.2500000000164,13.210233804476,-7.66392500524262));
#9466=CARTESIAN_POINT('Ctrl Pts',(-80.2500000000164,14.0648485242273,-7.29013470300368));
#9467=CARTESIAN_POINT('Ctrl Pts',(-80.2500000000164,14.4832868874244,-7.10711866240317));
#9468=CARTESIAN_POINT('Ctrl Pts',(-81.2500000000164,9.6742840111427,-7.3458638749581));
#9469=CARTESIAN_POINT('Ctrl Pts',(-80.2500000000164,9.6742840111427,-7.3458638749581));
#9470=CARTESIAN_POINT('Ctrl Pts',(-81.2500000000164,10.0214890209063,-7.45926722386425));
#9471=CARTESIAN_POINT('Ctrl Pts',(-80.2500000000164,10.0214890209063,-7.45926722386425));
#9472=CARTESIAN_POINT('Ctrl Pts',(-81.2500000000164,10.7133305603768,-7.68523501027886));
#9473=CARTESIAN_POINT('Ctrl Pts',(-80.2500000000164,10.7133305603768,-7.68523501027886));
#9474=CARTESIAN_POINT('Ctrl Pts',(-81.2500000000164,11.4403583495202,-7.7182371063164));
#9475=CARTESIAN_POINT('Ctrl Pts',(-80.2500000000164,11.4403583495202,-7.7182371063164));
#9476=CARTESIAN_POINT('Ctrl Pts',(-81.2500000000164,11.8025226891212,-7.73467689375693));
#9477=CARTESIAN_POINT('Ctrl Pts',(-80.2500000000164,11.8025226891212,-7.73467689375693));
#9478=CARTESIAN_POINT('',(-81.2500000000164,9.6742840111427,-7.3458638749581));
#9479=CARTESIAN_POINT('Ctrl Pts',(-81.2500000000164,9.6742840111427,-7.3458638749581));
#9480=CARTESIAN_POINT('Ctrl Pts',(-81.2500000000164,10.0214890209063,-7.45926722386425));
#9481=CARTESIAN_POINT('Ctrl Pts',(-81.2500000000164,10.7133305603768,-7.68523501027886));
#9482=CARTESIAN_POINT('Ctrl Pts',(-81.2500000000164,11.4403583495202,-7.7182371063164));
#9483=CARTESIAN_POINT('Ctrl Pts',(-81.2500000000164,11.8025226891212,-7.73467689375693));
#9484=CARTESIAN_POINT('',(-80.2500000000164,9.6742840111427,-7.3458638749581));
#9485=CARTESIAN_POINT('',(-81.2500000000164,9.6742840111427,-7.3458638749581));
#9486=CARTESIAN_POINT('Ctrl Pts',(-80.2500000000164,9.6742840111427,-7.3458638749581));
#9487=CARTESIAN_POINT('Ctrl Pts',(-80.2500000000164,10.0214890209063,-7.45926722386425));
#9488=CARTESIAN_POINT('Ctrl Pts',(-80.2500000000164,10.7133305603768,-7.68523501027886));
#9489=CARTESIAN_POINT('Ctrl Pts',(-80.2500000000164,11.4403583495202,-7.7182371063164));
#9490=CARTESIAN_POINT('Ctrl Pts',(-80.2500000000164,11.8025226891212,-7.73467689375693));
#9491=CARTESIAN_POINT('Ctrl Pts',(-81.2500000000164,7.6620073616676,-6.17260366301352));
#9492=CARTESIAN_POINT('Ctrl Pts',(-80.2500000000164,7.6620073616676,-6.17260366301352));
#9493=CARTESIAN_POINT('Ctrl Pts',(-81.2500000000164,7.9842640668103,-6.4137855999922));
#9494=CARTESIAN_POINT('Ctrl Pts',(-80.2500000000164,7.9842640668103,-6.4137855999922));
#9495=CARTESIAN_POINT('Ctrl Pts',(-81.2500000000164,8.61016444401346,-6.88221919011005));
#9496=CARTESIAN_POINT('Ctrl Pts',(-80.2500000000164,8.61016444401346,-6.88221919011005));
#9497=CARTESIAN_POINT('Ctrl Pts',(-81.2500000000164,9.32668007227559,-7.19441029430196));
#9498=CARTESIAN_POINT('Ctrl Pts',(-80.2500000000164,9.32668007227559,-7.19441029430196));
#9499=CARTESIAN_POINT('Ctrl Pts',(-81.2500000000164,9.6742840111427,-7.3458638749581));
#9500=CARTESIAN_POINT('Ctrl Pts',(-80.2500000000164,9.6742840111427,-7.3458638749581));
#9501=CARTESIAN_POINT('',(-81.2500000000164,7.6620073616676,-6.17260366301352));
#9502=CARTESIAN_POINT('Ctrl Pts',(-81.2500000000164,7.6620073616676,-6.17260366301352));
#9503=CARTESIAN_POINT('Ctrl Pts',(-81.2500000000164,7.9842640668103,-6.4137855999922));
#9504=CARTESIAN_POINT('Ctrl Pts',(-81.2500000000164,8.61016444401346,-6.88221919011005));
#9505=CARTESIAN_POINT('Ctrl Pts',(-81.2500000000164,9.32668007227559,-7.19441029430196));
#9506=CARTESIAN_POINT('Ctrl Pts',(-81.2500000000164,9.6742840111427,-7.3458638749581));
#9507=CARTESIAN_POINT('',(-80.2500000000164,7.6620073616676,-6.17260366301352));
#9508=CARTESIAN_POINT('',(-81.2500000000164,7.6620073616676,-6.17260366301352));
#9509=CARTESIAN_POINT('Ctrl Pts',(-80.2500000000164,7.6620073616676,-6.17260366301352));
#9510=CARTESIAN_POINT('Ctrl Pts',(-80.2500000000164,7.9842640668103,-6.4137855999922));
#9511=CARTESIAN_POINT('Ctrl Pts',(-80.2500000000164,8.61016444401346,-6.88221919011005));
#9512=CARTESIAN_POINT('Ctrl Pts',(-80.2500000000164,9.32668007227559,-7.19441029430196));
#9513=CARTESIAN_POINT('Ctrl Pts',(-80.2500000000164,9.6742840111427,-7.3458638749581));
#9514=CARTESIAN_POINT('Origin',(-81.2500000000164,7.6620073616676,-2.46182590346152));
#9515=CARTESIAN_POINT('',(-81.2500000000164,7.6620073616676,-2.46182590346152));
#9516=CARTESIAN_POINT('',(-81.2500000000164,7.6620073616676,-6.41476124148184));
#9517=CARTESIAN_POINT('',(-80.2500000000164,7.6620073616676,-2.46182590346152));
#9518=CARTESIAN_POINT('',(-81.2500000000164,7.6620073616676,-2.46182590346152));
#9519=CARTESIAN_POINT('',(-80.2500000000164,7.6620073616676,-2.46182590346152));
#9520=CARTESIAN_POINT('Origin',(-81.2500000000164,11.8980236351661,-2.4686494431954));
#9521=CARTESIAN_POINT('',(-81.2500000000164,11.8980236351661,-2.4686494431954));
#9522=CARTESIAN_POINT('',(-81.2500000000164,16.5803617139955,-2.47619193544886));
#9523=CARTESIAN_POINT('',(-80.2500000000164,11.8980236351661,-2.4686494431954));
#9524=CARTESIAN_POINT('',(-81.2500000000164,11.8980236351661,-2.4686494431954));
#9525=CARTESIAN_POINT('',(-80.2500000000164,11.8980236351661,-2.4686494431954));
#9526=CARTESIAN_POINT('Origin',(-81.2500000000164,11.8980236351661,-3.64190727095419));
#9527=CARTESIAN_POINT('',(-81.2500000000164,11.8980236351661,-3.64190727095419));
#9528=CARTESIAN_POINT('',(-81.2500000000164,11.8980236351661,-7.00480192522818));
#9529=CARTESIAN_POINT('',(-80.2500000000164,11.8980236351661,-3.64190727095419));
#9530=CARTESIAN_POINT('',(-81.2500000000164,11.8980236351661,-3.64190727095419));
#9531=CARTESIAN_POINT('',(-80.2500000000164,11.8980236351661,-3.64190727095419));
#9532=CARTESIAN_POINT('Origin',(-81.2500000000164,8.95805075766369,-3.64190727095419));
#9533=CARTESIAN_POINT('',(-81.2500000000164,15.1040253788404,-3.64190727095419));
#9534=CARTESIAN_POINT('',(-80.2500000000164,8.95805075766369,-3.64190727095419));
#9535=CARTESIAN_POINT('Origin',(-80.2500000000164,21.2499997764997,-10.3676930032235));
#9536=CARTESIAN_POINT('Origin',(-81.2500000000164,31.3318558037452,1.25577301163858));
#9537=CARTESIAN_POINT('',(-81.2500000000164,31.3318558037452,1.25577301163858));
#9538=CARTESIAN_POINT('',(-81.2500000000164,31.3318558037452,-7.56414562086874));
#9539=CARTESIAN_POINT('',(-81.2500000000164,31.3318558037452,-4.55596178393179));
#9540=CARTESIAN_POINT('',(-80.2500000000164,31.3318558037452,1.25577301163858));
#9541=CARTESIAN_POINT('',(-81.2500000000164,31.3318558037452,1.25577301163858));
#9542=CARTESIAN_POINT('',(-80.2500000000164,31.3318558037452,-7.56414562086874));
#9543=CARTESIAN_POINT('',(-80.2500000000164,31.3318558037452,1.25577301163858));
#9544=CARTESIAN_POINT('',(-81.2500000000164,31.3318558037452,-7.56414562086874));
#9545=CARTESIAN_POINT('Origin',(-81.2500000000164,28.0235333740883,1.25577301163858));
#9546=CARTESIAN_POINT('',(-81.2500000000164,28.0235333740883,1.25577301163858));
#9547=CARTESIAN_POINT('',(-81.2500000000164,24.6367666870527,1.25577301163858));
#9548=CARTESIAN_POINT('',(-80.2500000000164,28.0235333740883,1.25577301163858));
#9549=CARTESIAN_POINT('',(-81.2500000000164,28.0235333740883,1.25577301163858));
#9550=CARTESIAN_POINT('',(-80.2500000000164,28.0235333740883,1.25577301163858));
#9551=CARTESIAN_POINT('Origin',(-81.2500000000164,28.0235333740883,2.43585437913126));
#9552=CARTESIAN_POINT('',(-81.2500000000164,28.0235333740883,2.43585437913126));
#9553=CARTESIAN_POINT('',(-81.2500000000164,28.0235333740883,-3.96592110018545));
#9554=CARTESIAN_POINT('',(-80.2500000000164,28.0235333740883,2.43585437913126));
#9555=CARTESIAN_POINT('',(-81.2500000000164,28.0235333740883,2.43585437913126));
#9556=CARTESIAN_POINT('',(-80.2500000000164,28.0235333740883,2.43585437913126));
#9557=CARTESIAN_POINT('Origin',(-81.2500000000164,35.9498639404945,2.43585437913126));
#9558=CARTESIAN_POINT('',(-81.2500000000164,35.9498639404945,2.43585437913126));
#9559=CARTESIAN_POINT('',(-81.2500000000164,28.5999319702558,2.43585437913126));
#9560=CARTESIAN_POINT('',(-80.2500000000164,35.9498639404945,2.43585437913126));
#9561=CARTESIAN_POINT('',(-81.2500000000164,35.9498639404945,2.43585437913126));
#9562=CARTESIAN_POINT('',(-80.2500000000164,35.9498639404945,2.43585437913126));
#9563=CARTESIAN_POINT('Origin',(-81.2500000000164,35.9498639404945,1.25577301163858));
#9564=CARTESIAN_POINT('',(-81.2500000000164,35.9498639404945,1.25577301163858));
#9565=CARTESIAN_POINT('',(-81.2500000000164,35.9498639404945,-4.55596178393179));
#9566=CARTESIAN_POINT('',(-80.2500000000164,35.9498639404945,1.25577301163858));
#9567=CARTESIAN_POINT('',(-81.2500000000164,35.9498639404945,1.25577301163858));
#9568=CARTESIAN_POINT('',(-80.2500000000164,35.9498639404945,1.25577301163858));
#9569=CARTESIAN_POINT('Origin',(-81.2500000000164,32.6551838219337,1.25577301163858));
#9570=CARTESIAN_POINT('',(-81.2500000000164,32.6551838219337,1.25577301163858));
#9571=CARTESIAN_POINT('',(-81.2500000000164,26.9525919109754,1.25577301163858));
#9572=CARTESIAN_POINT('',(-80.2500000000164,32.6551838219337,1.25577301163858));
#9573=CARTESIAN_POINT('',(-81.2500000000164,32.6551838219337,1.25577301163858));
#9574=CARTESIAN_POINT('',(-80.2500000000164,32.6551838219337,1.25577301163858));
#9575=CARTESIAN_POINT('Origin',(-81.2500000000164,32.6551838219337,-7.56414562086874));
#9576=CARTESIAN_POINT('',(-81.2500000000164,32.6551838219337,-7.56414562086874));
#9577=CARTESIAN_POINT('',(-81.2500000000164,32.6551838219337,-8.96592110018545));
#9578=CARTESIAN_POINT('',(-80.2500000000164,32.6551838219337,-7.56414562086874));
#9579=CARTESIAN_POINT('',(-81.2500000000164,32.6551838219337,-7.56414562086874));
#9580=CARTESIAN_POINT('',(-80.2500000000164,32.6551838219337,-7.56414562086874));
#9581=CARTESIAN_POINT('Origin',(-81.2500000000164,31.3318558037452,-7.56414562086874));
#9582=CARTESIAN_POINT('',(-81.2500000000164,26.2909279018812,-7.56414562086874));
#9583=CARTESIAN_POINT('',(-80.2500000000164,31.3318558037452,-7.56414562086874));
#9584=CARTESIAN_POINT('Origin',(-80.2500000000164,21.2499997764997,-10.3676930032235));
#9585=CARTESIAN_POINT('Origin',(-81.2500000000164,21.2500000000171,-10.3676965795022));
#9586=CARTESIAN_POINT('Origin',(-81.2500000000164,21.2500000000171,-10.3676965795022));
#9587=CARTESIAN_POINT('Origin',(-81.2500000000164,21.2500000000171,-10.3676965795022));
#9588=CARTESIAN_POINT('Origin',(-81.2500000000164,21.2500000000171,-10.3676965795022));
#9589=CARTESIAN_POINT('Origin',(-78.2500000000164,21.2500000000172,-13.8676965795011));
#9590=CARTESIAN_POINT('',(-78.2500000000164,52.7500000000171,-86.3676965795014));
#9591=CARTESIAN_POINT('',(-78.2500000000164,-10.2499999999822,-86.3676965795014));
#9592=CARTESIAN_POINT('',(-78.2500000000164,4.62500000000444,-86.3676965795014));
#9593=CARTESIAN_POINT('',(-78.2500000000164,56.2500000000178,-82.8676965795014));
#9594=CARTESIAN_POINT('Origin',(-78.2500000000164,52.7500000000171,-82.8676965795014));
#9595=CARTESIAN_POINT('',(-78.2500000000164,56.2500000000159,43.6323034204984));
#9596=CARTESIAN_POINT('',(-78.2500000000164,56.2500000000165,-10.1176965795011));
#9597=CARTESIAN_POINT('',(-78.2500000000164,41.2500000000158,58.6323034204997));
#9598=CARTESIAN_POINT('Origin',(-78.2500000000164,41.250000000016,43.6323034204983));
#9599=CARTESIAN_POINT('',(-78.2500000000164,1.25000000001644,58.6323034204979));
#9600=CARTESIAN_POINT('',(-78.2500000000164,21.2500000000082,58.6323034204981));
#9601=CARTESIAN_POINT('',(-78.2500000000164,-13.7499999999834,43.6323034204978));
#9602=CARTESIAN_POINT('Origin',(-78.2500000000164,1.24999999998371,43.6323034204979));
#9603=CARTESIAN_POINT('',(-78.2500000000164,-13.7499999999822,-82.8676965795015));
#9604=CARTESIAN_POINT('',(-78.2500000000164,-13.7500000000161,24.8823034204982));
#9605=CARTESIAN_POINT('Origin',(-78.2500000000164,-10.2500000000151,-82.8676965795014));
#9606=CARTESIAN_POINT('Origin',(-38.7499999999918,41.2500000000159,43.6323034204983));
#9607=CARTESIAN_POINT('',(-66.2500000000164,56.2500000000159,43.6323034204984));
#9608=CARTESIAN_POINT('',(23.7500000000164,41.2499999999836,58.6323034204988));
#9609=CARTESIAN_POINT('Origin',(-56.2499999999836,56.2500000000164,-6.36769657950138));
#9610=CARTESIAN_POINT('',(-38.7499999999918,56.2500000000171,-82.8676965795014));
#9611=CARTESIAN_POINT('',(-46.25,56.2500000000169,-57.8676965795021));
#9612=CARTESIAN_POINT('',(-46.25,56.2500000000161,32.1323034204979));
#9613=CARTESIAN_POINT('',(-46.25,56.2500000000166,-32.1176965795013));
#9614=CARTESIAN_POINT('',(-36.25,56.2500000000159,42.1323034204979));
#9615=CARTESIAN_POINT('Origin',(-36.25,56.2500000000164,32.1323034204979));
#9616=CARTESIAN_POINT('',(-6.25000000000001,56.2500000000159,42.1323034204979));
#9617=CARTESIAN_POINT('',(-46.2499999999918,56.2500000000159,42.1323034204979));
#9618=CARTESIAN_POINT('',(3.74999999999999,56.250000000016,32.1323034204979));
#9619=CARTESIAN_POINT('Origin',(-6.25,56.2500000000164,32.132303420498));
#9620=CARTESIAN_POINT('',(3.74999999999998,56.2500000000168,-57.8676965795021));
#9621=CARTESIAN_POINT('',(3.74999999999998,56.2500000000162,12.8823034204987));
#9622=CARTESIAN_POINT('',(-6.25000000000001,56.2500000000169,-67.8676965795021));
#9623=CARTESIAN_POINT('Origin',(-6.25,56.2500000000164,-57.8676965795021));
#9624=CARTESIAN_POINT('',(-36.25,56.250000000017,-67.8676965795021));
#9625=CARTESIAN_POINT('',(-31.2499999999918,56.250000000017,-67.8676965795021));
#9626=CARTESIAN_POINT('Origin',(-36.25,56.2500000000164,-57.8676965795021));
#9627=CARTESIAN_POINT('Origin',(-38.7499999999918,52.7500000000171,-82.8676965795014));
#9628=CARTESIAN_POINT('',(-62.25,52.7499999999999,-86.3676965795014));
#9629=CARTESIAN_POINT('',(-65.25,52.7499999999999,-86.3676965795014));
#9630=CARTESIAN_POINT('',(-65.25,52.7499999999999,-86.3676965795014));
#9631=CARTESIAN_POINT('Origin',(-21.25,-12.0000000000083,-86.3676965795014));
#9632=CARTESIAN_POINT('',(-62.25,-10.2500000000001,-86.3676965795014));
#9633=CARTESIAN_POINT('',(22.75,-10.2500000000001,-86.3676965795014));
#9634=CARTESIAN_POINT('',(-65.25,-7.25000000000009,-86.3676965795014));
#9635=CARTESIAN_POINT('Origin',(-62.25,-7.2500000000001,-86.3676965795014));
#9636=CARTESIAN_POINT('',(-65.25,49.7499999999999,-86.3676965795014));
#9637=CARTESIAN_POINT('',(-65.25,52.7499999999999,-86.3676965795014));
#9638=CARTESIAN_POINT('Origin',(-62.25,49.7499999999999,-86.3676965795014));
#9639=CARTESIAN_POINT('Origin',(-61.7499999999836,53.2499999999999,-89.8676965795014));
#9640=CARTESIAN_POINT('',(-61.7499999999836,54.2499999999999,-89.3676965795014));
#9641=CARTESIAN_POINT('',(-61.7499999999836,52.7499999999999,-89.3676965795014));
#9642=CARTESIAN_POINT('',(-61.7499999999836,53.2499999999999,-89.3676965795014));
#9643=CARTESIAN_POINT('',(-62.25,52.7499999999999,-89.8676965795014));
#9644=CARTESIAN_POINT('Origin',(-61.7499999999836,52.7499999999999,-89.8676965795014));
#9645=CARTESIAN_POINT('',(-62.2499999999836,54.7499999999999,-89.8676965795014));
#9646=CARTESIAN_POINT('',(-62.2499999999836,53.2499999999999,-89.8676965795014));
#9647=CARTESIAN_POINT('Origin',(-61.7499999999836,54.2499999999999,-89.8676965795014));
#9648=CARTESIAN_POINT('Origin',(38.7500000000164,54.2499999999999,-89.8676965795014));
#9649=CARTESIAN_POINT('',(38.7500000000164,54.7499999999999,-89.8676965795014));
#9650=CARTESIAN_POINT('',(38.7500000000164,54.2499999999999,-89.3676965795014));
#9651=CARTESIAN_POINT('Origin',(38.7500000000164,52.7499999999999,-89.3676965795014));
#9652=CARTESIAN_POINT('',(-13.2499999999918,52.7499999999999,-89.3676965795014));
#9653=CARTESIAN_POINT('Origin',(-61.7499999999836,37.4999999999999,-90.8676965795014));
#9654=CARTESIAN_POINT('',(-62.2499999999836,54.7499999999999,-90.8676965795014));
#9655=CARTESIAN_POINT('',(-62.25,52.7499999999999,-90.8676965795014));
#9656=CARTESIAN_POINT('',(-62.2499999999836,37.4999999999999,-90.8676965795014));
#9657=CARTESIAN_POINT('',(-61.7499999999836,52.7080398915469,-91.3676965795014));
#9658=CARTESIAN_POINT('Ctrl Pts',(-62.2499999999836,52.7499999999999,-90.8676965795014));
#9659=CARTESIAN_POINT('Ctrl Pts',(-62.2499999999836,52.7499999999999,-90.9304893679763));
#9660=CARTESIAN_POINT('Ctrl Pts',(-62.2374478246592,52.7500822837952,-90.9974653348995));
#9661=CARTESIAN_POINT('Ctrl Pts',(-62.1864120688506,52.7494345871022,-91.1206586656923));
#9662=CARTESIAN_POINT('Ctrl Pts',(-62.1479281061234,52.7485921942446,-91.1768752545482));
#9663=CARTESIAN_POINT('Ctrl Pts',(-62.0589250111667,52.7442422744901,-91.2658783495048));
#9664=CARTESIAN_POINT('Ctrl Pts',(-62.0024194005088,52.74040928182,-91.3044290037354));
#9665=CARTESIAN_POINT('Ctrl Pts',(-61.8790827639851,52.7276272820318,-91.3553321006557));
#9666=CARTESIAN_POINT('Ctrl Pts',(-61.8122684529089,52.7185651811323,-91.3676965795014));
#9667=CARTESIAN_POINT('Ctrl Pts',(-61.7499999999836,52.7080398915469,-91.3676965795014));
#9668=CARTESIAN_POINT('',(-61.7499999999836,54.2499999999999,-91.3676965795014));
#9669=CARTESIAN_POINT('',(-61.7499999999836,37.4999999999999,-91.3676965795014));
#9670=CARTESIAN_POINT('Origin',(-61.7499999999836,54.2499999999999,-90.8676965795014));
#9671=CARTESIAN_POINT('Origin',(8.7500000000082,54.2499999999999,-90.8676965795014));
#9672=CARTESIAN_POINT('',(8.7500000000082,54.2499999999999,-91.3676965795014));
#9673=CARTESIAN_POINT('',(8.7500000000082,54.7499999999999,-90.8676965795014));
#9674=CARTESIAN_POINT('Origin',(-62.2499999999836,53.7499999999999,-90.3676965795014));
#9675=CARTESIAN_POINT('',(-62.25,52.7499999999999,-96.3676965795014));
#9676=CARTESIAN_POINT('',(-62.2499999999836,54.7499999999999,-89.8676965795014));
#9677=CARTESIAN_POINT('Origin',(38.7500000000164,54.7499999999999,-89.3676965795014));
#9678=CARTESIAN_POINT('Origin',(-61.7499999999836,-11.7500000000001,-89.8676965795014));
#9679=CARTESIAN_POINT('',(-62.2499999999836,-12.2500000000001,-89.8676965795014));
#9680=CARTESIAN_POINT('',(-62.25,-10.2500000000001,-89.8676965795014));
#9681=CARTESIAN_POINT('',(-62.2499999999836,-11.7500000000001,-89.8676965795014));
#9682=CARTESIAN_POINT('',(-61.7499999999836,-10.2500000000001,-89.3676965795014));
#9683=CARTESIAN_POINT('Origin',(-61.7499999999836,-10.2500000000001,-89.8676965795014));
#9684=CARTESIAN_POINT('',(-61.7499999999836,-11.7500000000001,-89.3676965795014));
#9685=CARTESIAN_POINT('',(-61.7499999999836,-11.7500000000001,-89.3676965795014));
#9686=CARTESIAN_POINT('Origin',(-61.7499999999836,-11.7500000000001,-89.8676965795014));
#9687=CARTESIAN_POINT('Origin',(38.7500000000164,-11.7500000000001,-89.8676965795014));
#9688=CARTESIAN_POINT('',(38.7500000000164,-11.7500000000001,-89.3676965795014));
#9689=CARTESIAN_POINT('',(38.7500000000164,-12.2500000000001,-89.8676965795014));
#9690=CARTESIAN_POINT('Origin',(-62.2499999999836,-11.2500000000001,-90.3676965795014));
#9691=CARTESIAN_POINT('',(-62.2499999999836,-12.2500000000001,-90.8676965795014));
#9692=CARTESIAN_POINT('',(-62.2499999999836,-12.2500000000001,-90.8676965795014));
#9693=CARTESIAN_POINT('',(-62.25,-10.2500000000001,-90.8676965795014));
#9694=CARTESIAN_POINT('',(-62.2499999999836,4.9999999999999,-90.8676965795014));
#9695=CARTESIAN_POINT('',(-62.25,-10.2500000000001,-96.3676965795014));
#9696=CARTESIAN_POINT('Origin',(38.7500000000164,-12.2500000000001,-91.3676965795014));
#9697=CARTESIAN_POINT('',(8.7500000000082,-12.2500000000001,-90.8676965795014));
#9698=CARTESIAN_POINT('Origin',(8.7500000000082,-11.7500000000001,-90.8676965795014));
#9699=CARTESIAN_POINT('',(-61.7499999999836,-11.7500000000001,-91.3676965795014));
#9700=CARTESIAN_POINT('',(8.7500000000082,-11.7500000000001,-91.3676965795014));
#9701=CARTESIAN_POINT('Origin',(-61.7499999999836,-11.7500000000001,-90.8676965795014));
#9702=CARTESIAN_POINT('Origin',(-61.7499999999836,4.9999999999999,-90.8676965795014));
#9703=CARTESIAN_POINT('',(-61.7499999999836,-10.2080398915471,-91.3676965795014));
#9704=CARTESIAN_POINT('',(-61.7499999999836,4.9999999999999,-91.3676965795014));
#9705=CARTESIAN_POINT('Ctrl Pts',(-61.7499999999836,-10.2080398915471,-91.3676965795014));
#9706=CARTESIAN_POINT('Ctrl Pts',(-61.8122684529089,-10.2185651811325,-91.3676965795014));
#9707=CARTESIAN_POINT('Ctrl Pts',(-61.8790827639851,-10.227627282032,-91.3553321006557));
#9708=CARTESIAN_POINT('Ctrl Pts',(-62.0024194005088,-10.2404092818202,-91.3044290037354));
#9709=CARTESIAN_POINT('Ctrl Pts',(-62.0589250111667,-10.2442422744903,-91.2658783495048));
#9710=CARTESIAN_POINT('Ctrl Pts',(-62.1479281061234,-10.2485921942448,-91.1768752545482));
#9711=CARTESIAN_POINT('Ctrl Pts',(-62.1864120688506,-10.2494345871023,-91.1206586656923));
#9712=CARTESIAN_POINT('Ctrl Pts',(-62.2374478246592,-10.2500822837954,-90.9974653348995));
#9713=CARTESIAN_POINT('Ctrl Pts',(-62.2499999999836,-10.2500000000001,-90.9304893679763));
#9714=CARTESIAN_POINT('Ctrl Pts',(-62.2499999999836,-10.2500000000001,-90.8676965795014));
#9715=CARTESIAN_POINT('Origin',(-21.25,21.2499999999999,-91.3676965795014));
#9716=CARTESIAN_POINT('',(-65.25,49.7499999999999,-91.3676965795014));
#9717=CARTESIAN_POINT('Origin',(-62.25,49.7499999999999,-91.3676965795014));
#9718=CARTESIAN_POINT('',(-65.25,-7.2500000000001,-91.3676965795014));
#9719=CARTESIAN_POINT('',(-65.25,3.7500000000081,-91.3676965795014));
#9720=CARTESIAN_POINT('Origin',(-62.25,-7.2500000000001,-91.3676965795014));
#9721=CARTESIAN_POINT('Origin',(38.7500000000164,-12.2500000000001,-89.3676965795014));
#9722=CARTESIAN_POINT('',(30.7500000000082,-10.2500000000001,-89.3676965795014));
#9723=CARTESIAN_POINT('Origin',(-65.25,52.7499999999999,-96.3676965795014));
#9724=CARTESIAN_POINT('',(-62.25,52.7499999999999,-96.3676965795014));
#9725=CARTESIAN_POINT('Origin',(-81.2500000000164,21.2500000000171,-10.3676965795022));
#9726=CARTESIAN_POINT('',(-81.2500000000164,-23.7499999999828,-96.3676965795022));
#9727=CARTESIAN_POINT('Origin',(-42.6,-0.100000000000071,63.6323034204979));
#9728=CARTESIAN_POINT('',(-42.6,-0.100000000000131,62.6323034204979));
#9729=CARTESIAN_POINT('',(-42.6,-0.100000000000071,63.6323034204979));
#9730=CARTESIAN_POINT('',(-42.6,42.5999999999999,62.6323034204979));
#9731=CARTESIAN_POINT('',(-42.6,-0.100000000000131,62.6323034204979));
#9732=CARTESIAN_POINT('',(-42.6,42.5999999999999,75.6323034204979));
#9733=CARTESIAN_POINT('Origin',(0.1,-0.100000000000069,63.6323034204979));
#9734=CARTESIAN_POINT('',(0.0999999999999979,-0.100000000000131,62.6323034204979));
#9735=CARTESIAN_POINT('',(0.0999999999999979,-0.100000000000131,75.6323034204979));
#9736=CARTESIAN_POINT('',(0.0999999999999979,-0.100000000000131,62.6323034204979));
#9737=CARTESIAN_POINT('Origin',(-62.25,49.7499999999999,-96.3676965795014));
#9738=CARTESIAN_POINT('',(-65.25,49.7499999999999,-96.3676965795014));
#9739=CARTESIAN_POINT('Origin',(-62.25,-7.2500000000001,-96.3676965795014));
#9740=CARTESIAN_POINT('',(-62.25,-10.2500000000001,-96.3676965795014));
#9741=CARTESIAN_POINT('',(-65.25,-7.2500000000001,-96.3676965795014));
#9742=CARTESIAN_POINT('Origin',(22.75,-10.2500000000001,-96.3676965795014));
#9743=CARTESIAN_POINT('',(23.75,-10.2500000000001,-86.3676965795014));
#9744=CARTESIAN_POINT('Origin',(3.74999999999999,-23.7500000000157,32.1323034204979));
#9745=CARTESIAN_POINT('',(3.74999999999998,-13.7500000000154,-57.8676965795021));
#9746=CARTESIAN_POINT('',(3.74999999999999,-13.7500000000162,32.1323034204979));
#9747=CARTESIAN_POINT('',(3.74999999999999,-13.7500000000164,47.882303420498));
#9748=CARTESIAN_POINT('',(3.74999999999998,-23.7500000000157,-57.8676965795021));
#9749=CARTESIAN_POINT('',(3.74999999999999,-23.7500000000157,32.1323034204979));
#9750=CARTESIAN_POINT('Origin',(3.74999999999999,-23.7500000000157,32.1323034204979));
#9751=CARTESIAN_POINT('',(3.74999999999999,-23.7500000000157,32.1323034204979));
#9752=CARTESIAN_POINT('',(3.74999999999998,-23.7500000000157,-57.8676965795021));
#9753=CARTESIAN_POINT('Origin',(-6.25,-23.7500000000157,-57.8676965795021));
#9754=CARTESIAN_POINT('',(-6.25000000000001,-13.7500000000153,-67.8676965795021));
#9755=CARTESIAN_POINT('Origin',(-6.25,-13.7500000000165,-57.8676965795021));
#9756=CARTESIAN_POINT('',(-6.25000000000001,-23.7500000000157,-67.8676965795021));
#9757=CARTESIAN_POINT('Origin',(-6.25,-23.7500000000157,-57.8676965795021));
#9758=CARTESIAN_POINT('',(-6.25000000000001,-23.7500000000157,-67.8676965795021));
#9759=CARTESIAN_POINT('Origin',(-6.25,-23.7500000000157,32.132303420498));
#9760=CARTESIAN_POINT('',(-6.25000000000001,-13.7500000000163,42.1323034204979));
#9761=CARTESIAN_POINT('Origin',(-6.25,-13.7500000000165,32.132303420498));
#9762=CARTESIAN_POINT('',(-6.25000000000001,-23.7500000000157,42.1323034204979));
#9763=CARTESIAN_POINT('Origin',(-6.25000000000001,-23.7500000000157,-67.8676965795021));
#9764=CARTESIAN_POINT('',(-36.25,-13.7500000000153,-67.8676965795021));
#9765=CARTESIAN_POINT('',(3.74999999999175,-13.7500000000153,-67.8676965795021));
#9766=CARTESIAN_POINT('',(-36.25,-23.7500000000157,-67.8676965795021));
#9767=CARTESIAN_POINT('Origin',(-6.25000000000001,-23.7500000000157,-67.8676965795021));
#9768=CARTESIAN_POINT('',(-36.25,-23.7500000000157,-67.8676965795021));
#9769=CARTESIAN_POINT('Origin',(-36.25,-23.7500000000157,42.1323034204979));
#9770=CARTESIAN_POINT('',(-36.25,-13.7500000000163,42.1323034204979));
#9771=CARTESIAN_POINT('',(-11.2500000000083,-13.7500000000163,42.1323034204979));
#9772=CARTESIAN_POINT('',(-36.25,-23.7500000000157,42.1323034204979));
#9773=CARTESIAN_POINT('Origin',(-36.25,-23.7500000000157,-57.8676965795021));
#9774=CARTESIAN_POINT('',(-46.25,-13.7500000000153,-57.8676965795021));
#9775=CARTESIAN_POINT('Origin',(-36.25,-13.7500000000165,-57.8676965795021));
#9776=CARTESIAN_POINT('',(-46.25,-23.7500000000157,-57.8676965795021));
#9777=CARTESIAN_POINT('Origin',(-36.25,-23.7500000000157,-57.8676965795021));
#9778=CARTESIAN_POINT('',(-46.25,-23.7500000000157,-57.8676965795021));
#9779=CARTESIAN_POINT('Origin',(-36.25,-23.7500000000157,32.1323034204979));
#9780=CARTESIAN_POINT('',(-46.25,-13.7500000000162,32.1323034204979));
#9781=CARTESIAN_POINT('Origin',(-36.25,-13.7500000000165,32.1323034204979));
#9782=CARTESIAN_POINT('',(-46.25,-23.7500000000157,32.1323034204979));
#9783=CARTESIAN_POINT('Origin',(-46.25,-23.7500000000157,-57.8676965795021));
#9784=CARTESIAN_POINT('',(-46.25,-13.7500000000159,2.882303420498));
#9785=CARTESIAN_POINT('Origin',(-46.25,-23.7500000000157,-57.8676965795021));
#9786=CARTESIAN_POINT('',(-46.25,-23.7500000000157,32.1323034204979));
#9787=CARTESIAN_POINT('Origin',(-6.25,-23.7500000000157,32.132303420498));
#9788=CARTESIAN_POINT('',(-6.25000000000001,-23.7500000000157,42.1323034204979));
#9789=CARTESIAN_POINT('Origin',(-36.25,-23.7500000000157,42.1323034204979));
#9790=CARTESIAN_POINT('',(-36.25,-23.7500000000157,42.1323034204979));
#9791=CARTESIAN_POINT('Origin',(-36.25,-23.7500000000157,32.1323034204979));
#9792=CARTESIAN_POINT('Origin',(-21.25,21.25,58.6323034204981));
#9793=CARTESIAN_POINT('',(-66.2500000000164,1.25000000001644,58.6323034204979));
#9794=CARTESIAN_POINT('',(-2.75,21.2499999999999,58.6323034204981));
#9795=CARTESIAN_POINT('Origin',(-21.25,21.2499999999998,58.6323034204981));
#9796=CARTESIAN_POINT('Origin',(-3.75000000000825,1.24999999998369,43.6323034204979));
#9797=CARTESIAN_POINT('',(23.7499999999835,-13.7500000000163,43.6323034204978));
#9798=CARTESIAN_POINT('Origin',(-3.75000000000825,-10.2500000000151,-82.8676965795014));
#9799=CARTESIAN_POINT('',(-3.75000000000825,-13.7500000000151,-82.8676965795014));
#9800=CARTESIAN_POINT('Origin',(13.7499999999835,-13.7500000000165,63.632303420498));
#9801=CARTESIAN_POINT('Origin',(-21.25,21.2499999999998,63.6323034204981));
#9802=CARTESIAN_POINT('',(-2.75,21.2499999999999,63.6323034204981));
#9803=CARTESIAN_POINT('Origin',(-21.25,21.2499999999998,63.6323034204981));
#9804=CARTESIAN_POINT('',(-2.75,21.2499999999998,63.6323034204981));
#9805=CARTESIAN_POINT('Origin',(-42.1,42.0999999999999,75.6323034204979));
#9806=CARTESIAN_POINT('',(-42.1,42.0999999999999,63.6323034204983));
#9807=CARTESIAN_POINT('',(-42.1,0.399999999999869,63.6323034204979));
#9808=CARTESIAN_POINT('',(-42.1,31.6749999999999,63.6323034204982));
#9809=CARTESIAN_POINT('',(-42.1,42.0999999999999,62.6323034204979));
#9810=CARTESIAN_POINT('',(-42.1,42.0999999999999,75.6323034204979));
#9811=CARTESIAN_POINT('',(-42.1,0.399999999999867,62.6323034204979));
#9812=CARTESIAN_POINT('',(-42.1,0.399999999999869,62.6323034204979));
#9813=CARTESIAN_POINT('',(-42.1,0.399999999999869,75.6323034204979));
#9814=CARTESIAN_POINT('Origin',(-42.1,0.399999999999869,75.6323034204979));
#9815=CARTESIAN_POINT('',(-0.400000000000002,0.399999999999867,63.6323034204979));
#9816=CARTESIAN_POINT('',(-31.675,0.399999999999867,63.6323034204979));
#9817=CARTESIAN_POINT('',(-0.4,0.399999999999867,62.6323034204979));
#9818=CARTESIAN_POINT('',(-0.400000000000002,0.399999999999869,62.6323034204979));
#9819=CARTESIAN_POINT('',(-0.400000000000002,0.399999999999867,75.6323034204979));
#9820=CARTESIAN_POINT('Origin',(-0.400000000000002,0.399999999999867,75.6323034204979));
#9821=CARTESIAN_POINT('',(-0.4,42.0999999999999,63.6323034204983));
#9822=CARTESIAN_POINT('',(-0.4,10.8249999999999,63.632303420498));
#9823=CARTESIAN_POINT('',(-0.4,42.0999999999999,62.6323034204979));
#9824=CARTESIAN_POINT('',(-0.4,42.0999999999999,62.6323034204979));
#9825=CARTESIAN_POINT('',(-0.4,42.0999999999999,75.6323034204979));
#9826=CARTESIAN_POINT('Origin',(-0.4,42.0999999999999,75.6323034204979));
#9827=CARTESIAN_POINT('',(-10.825,42.0999999999999,63.6323034204983));
#9828=CARTESIAN_POINT('',(-42.1,42.0999999999999,62.6323034204979));
#9829=CARTESIAN_POINT('Origin',(-21.25,21.2499999999999,62.6323034204979));
#9830=CARTESIAN_POINT('',(0.0999999999999979,42.5999999999999,62.6323034204979));
#9831=CARTESIAN_POINT('',(0.0999999999999979,42.5999999999999,62.6323034204979));
#9832=CARTESIAN_POINT('',(-42.6,42.5999999999999,62.6323034204979));
#9833=CARTESIAN_POINT('Origin',(-21.25,21.2499999999999,63.6323034204981));
#9834=CARTESIAN_POINT('Origin',(0.0999999999999979,42.5999999999999,63.6323034204983));
#9835=CARTESIAN_POINT('',(0.0999999999999979,42.5999999999999,75.6323034204979));
#9836=CARTESIAN_POINT('Origin',(-42.6,42.5999999999999,63.6323034204983));
#9837=CARTESIAN_POINT('Origin',(18.7500000000164,61.2499999999844,-96.3676965795013));
#9838=CARTESIAN_POINT('Origin',(-65.25,-13.7499999999837,-96.3676965795014));
#9839=UNCERTAINTY_MEASURE_WITH_UNIT(LENGTH_MEASURE(0.01),#9843,
'DISTANCE_ACCURACY_VALUE',
'Maximum model space distance between geometric entities at asserted c
onnectivities');
#9840=UNCERTAINTY_MEASURE_WITH_UNIT(LENGTH_MEASURE(0.01),#9843,
'DISTANCE_ACCURACY_VALUE',
'Maximum model space distance between geometric entities at asserted c
onnectivities');
#9841=(
GEOMETRIC_REPRESENTATION_CONTEXT(3)
GLOBAL_UNCERTAINTY_ASSIGNED_CONTEXT((#9839))
GLOBAL_UNIT_ASSIGNED_CONTEXT((#9843,#9845,#9846))
REPRESENTATION_CONTEXT('','3D')
);
#9842=(
GEOMETRIC_REPRESENTATION_CONTEXT(3)
GLOBAL_UNCERTAINTY_ASSIGNED_CONTEXT((#9840))
GLOBAL_UNIT_ASSIGNED_CONTEXT((#9843,#9845,#9846))
REPRESENTATION_CONTEXT('','3D')
);
#9843=(
LENGTH_UNIT()
NAMED_UNIT(*)
SI_UNIT(.MILLI.,.METRE.)
);
#9844=(
LENGTH_UNIT()
NAMED_UNIT(*)
SI_UNIT($,.METRE.)
);
#9845=(
NAMED_UNIT(*)
PLANE_ANGLE_UNIT()
SI_UNIT($,.RADIAN.)
);
#9846=(
NAMED_UNIT(*)
SI_UNIT($,.STERADIAN.)
SOLID_ANGLE_UNIT()
);
#9847=SHAPE_DEFINITION_REPRESENTATION(#9848,#9849);
#9848=PRODUCT_DEFINITION_SHAPE('',$,#9851);
#9849=SHAPE_REPRESENTATION('',(#5183),#9841);
#9850=PRODUCT_DEFINITION_CONTEXT('part definition',#9855,'design');
#9851=PRODUCT_DEFINITION('2026-06-10-17-04-28-553','Component1 (1)',#9852,
#9850);
#9852=PRODUCT_DEFINITION_FORMATION('',$,#9857);
#9853=PRODUCT_RELATED_PRODUCT_CATEGORY('Component1 (1)',
'Component1 (1)',(#9857));
#9854=APPLICATION_PROTOCOL_DEFINITION('international standard',
'automotive_design',2009,#9855);
#9855=APPLICATION_CONTEXT(
'Core Data for Automotive Mechanical Design Process');
#9856=PRODUCT_CONTEXT('part definition',#9855,'mechanical');
#9857=PRODUCT('2026-06-10-17-04-28-553','Component1 (1)',$,(#9856));
#9858=PRESENTATION_STYLE_ASSIGNMENT((#9860));
#9859=PRESENTATION_STYLE_ASSIGNMENT((#9861));
#9860=SURFACE_STYLE_USAGE(.BOTH.,#9862);
#9861=SURFACE_STYLE_USAGE(.BOTH.,#9863);
#9862=SURFACE_SIDE_STYLE('',(#9864));
#9863=SURFACE_SIDE_STYLE('',(#9865));
#9864=SURFACE_STYLE_FILL_AREA(#9866);
#9865=SURFACE_STYLE_FILL_AREA(#9867);
#9866=FILL_AREA_STYLE('Plate',(#9868));
#9867=FILL_AREA_STYLE('Opaque(160,160,160)',(#9869));
#9868=FILL_AREA_STYLE_COLOUR('Plate',#9870);
#9869=FILL_AREA_STYLE_COLOUR('Opaque(160,160,160)',#9871);
#9870=COLOUR_RGB('Plate',0.6,0.6,0.6);
#9871=COLOUR_RGB('Opaque(160,160,160)',0.627450980392157,0.627450980392157,
0.627450980392157);
ENDSEC;
END-ISO-10303-21;
